hour,demand_mw
0,561.16
1,561.16
2,561.16
3,561.17
4,561.21
5,561.41
6,562.2
7,564.8
8,571.91
9,588.04
10,618.05
11,663.12
12,715.88
13,760.21
14,779.39
15,769.22
16,745.02
17,733.18
18,748.96
19,778.51
20,787.74
21,755.27
22,693.11
23,631.48
24,561.43
25,561.43
26,561.43
27,561.44
28,561.48
29,561.68
30,562.47
31,565.06
32,572.18
33,588.31
34,618.35
35,663.43
36,716.22
37,760.57
38,779.76
39,769.58
40,745.37
41,733.53
42,749.32
43,778.87
44,788.11
45,755.63
46,693.44
47,631.78
48,561.71
49,561.71
50,561.71
51,561.72
52,561.77
53,561.97
54,562.76
55,565.35
56,572.47
57,588.61
58,618.66
59,663.77
60,716.59
61,760.96
62,780.16
63,769.97
64,745.75
65,733.9
66,749.7
67,779.27
68,788.51
69,756.01
70,693.79
71,632.11
72,562.02
73,562.02
74,562.02
75,562.03
76,562.07
77,562.28
78,563.07
79,565.66
80,572.78
81,588.94
82,619.0
83,664.14
84,716.98
85,761.37
86,780.59
87,770.4
88,746.16
89,734.31
90,750.11
91,779.7
92,788.95
93,756.43
94,694.17
95,632.45
96,562.35
97,562.35
98,562.35
99,562.36
100,562.41
101,562.61
102,563.4
103,566.0
104,573.12
105,589.28
106,619.37
107,664.53
108,717.4
109,761.82
110,781.05
111,770.85
112,746.6
113,734.74
114,750.55
115,780.16
116,789.41
117,756.87
118,694.58
119,632.83
120,562.71
121,562.71
122,562.71
123,562.71
124,562.76
125,562.96
126,563.75
127,566.35
128,573.48
129,589.65
130,619.76
131,664.95
132,717.85
133,762.3
134,781.54
135,771.34
136,747.07
137,735.2
138,751.02
139,780.65
140,789.91
141,757.35
142,695.02
143,633.22
144,563.08
145,563.08
146,563.08
147,563.09
148,563.13
149,563.33
150,564.13
151,566.73
152,573.86
153,590.05
154,620.17
155,665.39
156,718.33
157,762.81
158,782.06
159,771.85
160,747.57
161,735.69
162,751.52
163,781.17
164,790.43
165,757.85
166,695.48
167,633.64
168,563.48
169,563.48
170,563.48
171,563.49
172,563.53
173,563.73
174,564.52
175,567.13
176,574.27
177,590.46
178,620.6
179,665.86
180,718.84
181,763.34
182,782.61
183,772.39
184,748.09
185,736.21
186,752.05
187,781.72
188,790.99
189,758.38
190,695.97
191,634.09
192,563.89
193,563.89
194,563.9
195,563.9
196,563.95
197,564.15
198,564.94
199,567.55
200,574.69
201,590.9
202,621.06
203,666.35
204,719.37
205,763.91
206,783.19
207,772.96
208,748.65
209,736.75
210,752.61
211,782.3
212,791.57
213,758.95
214,696.49
215,634.56
216,564.33
217,564.33
218,564.33
219,564.34
220,564.38
221,564.59
222,565.38
223,567.99
224,575.14
225,591.36
226,621.55
227,666.87
228,719.93
229,764.5
230,783.8
231,773.57
232,749.23
233,737.33
234,753.19
235,782.91
236,792.19
237,759.54
238,697.03
239,635.05
240,564.79
241,564.79
242,564.79
243,564.8
244,564.85
245,565.05
246,565.84
247,568.45
248,575.61
249,591.84
250,622.05
251,667.41
252,720.52
253,765.13
254,784.43
255,774.2
256,749.84
257,737.93
258,753.81
259,783.54
260,792.84
261,760.16
262,697.6
263,635.57
264,565.27
265,565.27
266,565.28
267,565.28
268,565.33
269,565.53
270,566.32
271,568.94
272,576.1
273,592.35
274,622.58
275,667.98
276,721.13
277,765.78
278,785.1
279,774.86
280,750.48
281,738.56
282,754.45
283,784.21
284,793.51
285,760.8
286,698.19
287,636.11
288,565.78
289,565.78
290,565.78
291,565.79
292,565.83
293,566.03
294,566.83
295,569.44
296,576.61
297,592.87
298,623.14
299,668.57
300,721.77
301,766.46
302,785.8
303,775.54
304,751.15
305,739.21
306,755.12
307,784.91
308,794.22
309,761.48
310,698.81
311,636.68
312,566.3
313,566.3
314,566.3
315,566.31
316,566.35
317,566.55
318,567.35
319,569.97
320,577.14
321,593.42
322,623.71
323,669.19
324,722.44
325,767.17
326,786.53
327,776.26
328,751.84
329,739.9
330,755.82
331,785.63
332,794.95
333,762.18
334,699.46
335,637.27
336,566.84
337,566.84
338,566.84
339,566.85
340,566.9
341,567.1
342,567.9
343,570.52
344,577.7
345,593.99
346,624.31
347,669.84
348,723.13
349,767.9
350,787.28
351,777.01
352,752.56
353,740.61
354,756.54
355,786.39
356,795.71
357,762.92
358,700.13
359,637.88
360,567.41
361,567.41
362,567.41
363,567.42
364,567.46
365,567.66
366,568.46
367,571.08
368,578.27
369,594.58
370,624.93
371,670.5
372,723.85
373,768.67
374,788.06
375,777.78
376,753.31
377,741.34
378,757.3
379,787.17
380,796.51
381,763.67
382,700.83
383,638.51
384,567.99
385,567.99
386,567.99
387,568.0
388,568.04
389,568.25
390,569.05
391,571.67
392,578.87
393,595.19
394,625.58
395,671.19
396,724.6
397,769.46
398,788.88
399,778.58
400,754.09
401,742.11
402,758.08
403,787.98
404,797.33
405,764.46
406,701.55
407,639.17
408,568.6
409,568.6
410,568.6
411,568.6
412,568.65
413,568.85
414,569.65
415,572.28
416,579.48
417,595.83
418,626.24
419,671.91
420,725.37
421,770.28
422,789.72
423,779.41
424,754.89
425,742.9
426,758.88
427,788.82
428,798.17
429,765.27
430,702.29
431,639.85
432,569.22
433,569.22
434,569.22
435,569.23
436,569.27
437,569.48
438,570.28
439,572.91
440,580.12
441,596.48
442,626.93
443,672.64
444,726.16
445,771.12
446,790.58
447,780.27
448,755.72
449,743.71
450,759.72
451,789.69
452,799.05
453,766.11
454,703.07
455,640.55
456,569.86
457,569.86
458,569.87
459,569.87
460,569.92
461,570.12
462,570.92
463,573.56
464,580.78
465,597.16
466,627.64
467,673.41
468,726.99
469,772.0
470,791.48
471,781.15
472,756.58
473,744.55
474,760.58
475,790.58
476,799.95
477,766.98
478,703.86
479,641.28
480,570.53
481,570.53
482,570.53
483,570.54
484,570.58
485,570.78
486,571.59
487,574.23
488,581.45
489,597.85
490,628.37
491,674.19
492,727.83
493,772.9
494,792.4
495,782.06
496,757.46
497,745.42
498,761.46
499,791.5
500,800.89
501,767.88
502,704.68
503,642.02
504,571.21
505,571.21
506,571.21
507,571.22
508,571.26
509,571.47
510,572.27
511,574.91
512,582.15
513,598.57
514,629.12
515,675.0
516,728.7
517,773.82
518,793.35
519,782.99
520,758.36
521,746.31
522,762.38
523,792.45
524,801.85
525,768.79
526,705.52
527,642.79
528,571.91
529,571.91
530,571.91
531,571.92
532,571.97
533,572.17
534,572.98
535,575.62
536,582.87
537,599.3
538,629.9
539,675.83
540,729.6
541,774.77
542,794.32
543,783.96
544,759.3
545,747.23
546,763.31
547,793.42
548,802.83
549,769.74
550,706.39
551,643.58
552,572.63
553,572.64
554,572.64
555,572.64
556,572.69
557,572.89
558,573.7
559,576.35
560,583.6
561,600.06
562,630.69
563,676.68
564,730.52
565,775.75
566,795.33
567,784.95
568,760.25
569,748.17
570,764.28
571,794.42
572,803.84
573,770.71
574,707.28
575,644.4
576,573.38
577,573.38
578,573.38
579,573.38
580,573.43
581,573.63
582,574.44
583,577.09
584,584.35
585,600.83
586,631.51
587,677.55
588,731.46
589,776.75
590,796.35
591,785.96
592,761.24
593,749.14
594,765.26
595,795.45
596,804.88
597,771.71
598,708.2
599,645.23
600,574.13
601,574.13
602,574.14
603,574.14
604,574.19
605,574.39
606,575.2
607,577.85
608,585.13
609,601.63
610,632.34
611,678.45
612,732.43
613,777.78
614,797.41
615,787.0
616,762.24
617,750.13
618,766.28
619,796.5
620,805.95
621,772.73
622,709.13
623,646.08
624,574.91
625,574.91
626,574.91
627,574.92
628,574.96
629,575.17
630,575.98
631,578.64
632,585.92
633,602.44
634,633.2
635,679.37
636,733.42
637,778.83
638,798.49
639,788.07
640,763.27
641,751.15
642,767.31
643,797.58
644,807.04
645,773.77
646,710.09
647,646.96
648,575.71
649,575.71
650,575.71
651,575.72
652,575.76
653,575.97
654,576.77
655,579.44
656,586.73
657,603.28
658,634.07
659,680.31
660,734.44
661,779.91
662,799.59
663,789.16
664,764.33
665,752.19
666,768.37
667,798.68
668,808.16
669,774.84
670,711.08
671,647.85
672,576.52
673,576.52
674,576.52
675,576.53
676,576.57
677,576.78
678,577.59
679,580.26
680,587.56
681,604.13
682,634.97
683,681.27
684,735.48
685,781.01
686,800.72
687,790.27
688,765.41
689,753.25
690,769.46
691,799.81
692,809.3
693,775.94
694,712.08
695,648.77
696,577.35
697,577.35
698,577.35
699,577.36
700,577.4
701,577.61
702,578.42
703,581.09
704,588.4
705,605.0
706,635.88
707,682.25
708,736.53
709,782.14
710,801.87
711,791.41
712,766.51
713,754.33
714,770.57
715,800.96
716,810.46
717,777.06
718,713.11
719,649.7
720,578.2
721,578.2
722,578.2
723,578.21
724,578.25
725,578.46
726,579.27
727,581.94
728,589.27
729,605.89
730,636.82
731,683.25
732,737.62
733,783.29
734,803.05
735,792.57
736,767.64
737,755.44
738,771.7
739,802.14
740,811.65
741,778.2
742,714.15
743,650.65
744,579.06
745,579.06
746,579.06
747,579.07
748,579.12
749,579.32
750,580.14
751,582.82
752,590.15
753,606.79
754,637.77
755,684.27
756,738.72
757,784.46
758,804.25
759,793.76
760,768.79
761,756.57
762,772.85
763,803.34
764,812.87
765,779.36
766,715.22
767,651.63
768,579.94
769,579.94
770,579.95
771,579.95
772,580.0
773,580.21
774,581.02
775,583.7
776,591.05
777,607.72
778,638.74
779,685.32
780,739.85
781,785.65
782,805.48
783,794.97
784,769.96
785,757.72
786,774.03
787,804.56
788,814.1
789,780.55
790,716.31
791,652.62
792,580.84
793,580.84
794,580.84
795,580.85
796,580.9
797,581.1
798,581.92
799,584.61
800,591.97
801,608.66
802,639.73
803,686.38
804,740.99
805,786.87
806,806.73
807,796.2
808,771.15
809,758.9
810,775.23
811,805.81
812,815.37
813,781.76
814,717.42
815,653.63
816,581.76
817,581.76
818,581.76
819,581.77
820,581.81
821,582.02
822,582.84
823,585.53
824,592.9
825,609.62
826,640.74
827,687.46
828,742.16
829,788.11
830,808.0
831,797.45
832,772.37
833,760.09
834,776.45
835,807.08
836,816.65
837,782.99
838,718.55
839,654.66
840,582.69
841,582.69
842,582.69
843,582.7
844,582.74
845,582.95
846,583.77
847,586.46
848,593.85
849,610.59
850,641.76
851,688.56
852,743.35
853,789.37
854,809.29
855,798.73
856,773.6
857,761.31
858,777.69
859,808.37
860,817.96
861,784.24
862,719.7
863,655.71
864,583.64
865,583.64
866,583.64
867,583.64
868,583.69
869,583.9
870,584.72
871,587.42
872,594.81
873,611.59
874,642.81
875,689.68
876,744.55
877,790.65
878,810.6
879,800.02
880,774.86
881,762.55
882,778.96
883,809.68
884,819.29
885,785.52
886,720.87
887,656.77
888,584.6
889,584.6
890,584.6
891,584.61
892,584.65
893,584.86
894,585.68
895,588.39
896,595.79
897,612.59
898,643.87
899,690.82
900,745.78
901,791.96
902,811.94
903,801.34
904,776.14
905,763.8
906,780.24
907,811.02
908,820.64
909,786.81
910,722.06
911,657.86
912,585.57
913,585.57
914,585.58
915,585.58
916,585.63
917,585.84
918,586.66
919,589.37
920,596.79
921,613.62
922,644.94
923,691.97
924,747.03
925,793.28
926,813.3
927,802.68
928,777.43
929,765.08
930,781.55
931,812.37
932,822.01
933,788.13
934,723.27
935,658.96
936,586.57
937,586.57
938,586.57
939,586.58
940,586.62
941,586.83
942,587.66
943,590.37
944,597.8
945,614.66
946,646.04
947,693.14
948,748.29
949,794.63
950,814.68
951,804.04
952,778.75
953,766.38
954,782.87
955,813.75
956,823.4
957,789.46
958,724.49
959,660.07
960,587.57
961,587.57
962,587.58
963,587.58
964,587.63
965,587.84
966,588.67
967,591.38
968,598.83
969,615.71
970,647.15
971,694.33
972,749.58
973,795.99
974,816.07
975,805.42
976,780.09
977,767.69
978,784.21
979,815.15
980,824.82
981,790.82
982,725.73
983,661.21
984,588.6
985,588.6
986,588.6
987,588.6
988,588.65
989,588.86
990,589.69
991,592.41
992,599.87
993,616.78
994,648.27
995,695.54
996,750.88
997,797.37
998,817.49
999,806.82
1000,781.44
1001,769.03
1002,785.58
1003,816.57
1004,826.25
1005,792.19
1006,727.0
1007,662.36
1008,589.63
1009,589.63
1010,589.63
1011,589.64
1012,589.69
1013,589.9
1014,590.73
1015,593.45
1016,600.92
1017,617.87
1018,649.41
1019,696.76
1020,752.2
1021,798.78
1022,818.93
1023,808.24
1024,782.82
1025,770.38
1026,786.96
1027,818.0
1028,827.7
1029,793.59
1030,728.28
1031,663.52
1032,590.68
1033,590.68
1034,590.68
1035,590.69
1036,590.73
1037,590.95
1038,591.78
1039,594.51
1040,601.99
1041,618.97
1042,650.57
1043,698.0
1044,753.54
1045,800.2
1046,820.39
1047,809.68
1048,784.21
1049,771.75
1050,788.36
1051,819.46
1052,829.18
1053,795.0
1054,729.57
1055,664.7
1056,591.74
1057,591.74
1058,591.74
1059,591.75
1060,591.8
1061,592.01
1062,592.84
1063,595.58
1064,603.07
1065,620.08
1066,651.74
1067,699.26
1068,754.9
1069,801.64
1070,821.86
1071,811.14
1072,785.62
1073,773.14
1074,789.78
1075,820.93
1076,830.67
1077,796.43
1078,730.88
1079,665.9
1080,592.82
1081,592.82
1082,592.82
1083,592.83
1084,592.87
1085,593.09
1086,593.92
1087,596.66
1088,604.17
1089,621.21
1090,652.92
1091,700.53
1092,756.27
1093,803.09
1094,823.36
1095,812.61
1096,787.05
1097,774.54
1098,791.21
1099,822.42
1100,832.18
1101,797.88
1102,732.21
1103,667.11
1104,593.91
1105,593.91
1106,593.91
1107,593.92
1108,593.96
1109,594.17
1110,595.01
1111,597.76
1112,605.28
1113,622.35
1114,654.12
1115,701.82
1116,757.66
1117,804.57
1118,824.87
1119,814.1
1120,788.49
1121,775.97
1122,792.67
1123,823.93
1124,833.7
1125,799.34
1126,733.56
1127,668.33
1128,595.01
1129,595.01
1130,595.01
1131,595.02
1132,595.06
1133,595.28
1134,596.11
1135,598.86
1136,606.4
1137,623.5
1138,655.33
1139,703.12
1140,759.06
1141,806.06
1142,826.4
1143,815.61
1144,789.96
1145,777.4
1146,794.14
1147,825.46
1148,835.25
1149,800.82
1150,734.92
1151,669.57
1152,596.12
1153,596.12
1154,596.12
1155,596.13
1156,596.18
1157,596.39
1158,597.23
1159,599.98
1160,607.54
1161,624.67
1162,656.56
1163,704.43
1164,760.48
1165,807.57
1166,827.94
1167,817.14
1168,791.43
1169,778.86
1170,795.62
1171,827.01
1172,836.81
1173,802.32
1174,736.29
1175,670.82
1176,597.25
1177,597.25
1178,597.25
1179,597.25
1180,597.3
1181,597.51
1182,598.35
1183,601.12
1184,608.68
1185,625.85
1186,657.8
1187,705.76
1188,761.92
1189,809.09
1190,829.51
1191,818.68
1192,792.93
1193,780.33
1194,797.12
1195,828.57
1196,838.39
1197,803.83
1198,737.68
1199,672.09
1200,598.38
1201,598.38
1202,598.38
1203,598.39
1204,598.44
1205,598.65
1206,599.49
1207,602.26
1208,609.84
1209,627.04
1210,659.05
1211,707.1
1212,763.37
1213,810.63
1214,831.09
1215,820.24
1216,794.44
1217,781.81
1218,798.64
1219,830.14
1220,839.99
1221,805.36
1222,739.08
1223,673.37
1224,599.53
1225,599.53
1226,599.53
1227,599.54
1228,599.58
1229,599.8
1230,600.64
1231,603.41
1232,611.01
1233,628.24
1234,660.31
1235,708.46
1236,764.83
1237,812.18
1238,832.68
1239,821.81
1240,795.96
1241,783.31
1242,800.17
1243,831.73
1244,841.6
1245,806.91
1246,740.5
1247,674.66
1248,600.69
1249,600.69
1250,600.69
1251,600.7
1252,600.74
1253,600.96
1254,601.8
1255,604.58
1256,612.19
1257,629.45
1258,661.59
1259,709.83
1260,766.31
1261,813.75
1262,834.29
1263,823.4
1264,797.5
1265,784.83
1266,801.72
1267,833.34
1268,843.22
1269,808.47
1270,741.93
1271,675.96
1272,601.86
1273,601.86
1274,601.86
1275,601.87
1276,601.91
1277,602.13
1278,602.97
1279,605.76
1280,613.38
1281,630.68
1282,662.88
1283,711.21
1284,767.8
1285,815.34
1286,835.91
1287,825.0
1288,799.05
1289,786.35
1290,803.28
1291,834.96
1292,844.86
1293,810.04
1294,743.38
1295,677.28
1296,603.04
1297,603.04
1298,603.04
1299,603.04
1300,603.09
1301,603.31
1302,604.15
1303,606.94
1304,614.58
1305,631.91
1306,664.17
1307,712.6
1308,769.3
1309,816.93
1310,837.55
1311,826.62
1312,800.61
1313,787.89
1314,804.85
1315,836.6
1316,846.52
1317,811.63
1318,744.83
1319,678.61
1320,604.22
1321,604.22
1322,604.23
1323,604.23
1324,604.28
1325,604.5
1326,605.35
1327,608.14
1328,615.79
1329,633.16
1330,665.48
1331,714.01
1332,770.82
1333,818.54
1334,839.2
1335,828.25
1336,802.19
1337,789.45
1338,806.44
1339,838.25
1340,848.19
1341,813.23
1342,746.3
1343,679.94
1344,605.42
1345,605.42
1346,605.42
1347,605.43
1348,605.48
1349,605.69
1350,606.55
1351,609.35
1352,617.02
1353,634.42
1354,666.8
1355,715.42
1356,772.35
1357,820.17
1358,840.86
1359,829.89
1360,803.78
1361,791.01
1362,808.04
1363,839.91
1364,849.87
1365,814.84
1366,747.78
1367,681.29
1368,606.63
1369,606.63
1370,606.63
1371,606.64
1372,606.69
1373,606.9
1374,607.76
1375,610.56
1376,618.25
1377,635.68
1378,668.13
1379,716.85
1380,773.89
1381,821.8
1382,842.54
1383,831.54
1384,805.39
1385,792.59
1386,809.65
1387,841.58
1388,851.56
1389,816.46
1390,749.27
1391,682.65
1392,607.84
1393,607.85
1394,607.85
1395,607.85
1396,607.9
1397,608.12
1398,608.97
1399,611.78
1400,619.48
1401,636.95
1402,669.47
1403,718.29
1404,775.44
1405,823.45
1406,844.23
1407,833.21
1408,807.0
1409,794.18
1410,811.27
1411,843.27
1412,853.27
1413,818.1
1414,750.77
1415,684.02
1416,609.07
1417,609.07
1418,609.07
1419,609.08
1420,609.13
1421,609.34
1422,610.2
1423,613.02
1424,620.73
1425,638.24
1426,670.82
1427,719.73
1428,777.0
1429,825.11
1430,845.93
1431,834.89
1432,808.63
1433,795.78
1434,812.9
1435,844.97
1436,854.99
1437,819.75
1438,752.28
1439,685.4
1440,610.3
1441,610.3
1442,610.3
1443,610.31
1444,610.36
1445,610.58
1446,611.43
1447,614.26
1448,621.99
1449,639.53
1450,672.18
1451,721.19
1452,778.57
1453,826.78
1454,847.64
1455,836.58
1456,810.26
1457,797.39
1458,814.55
1459,846.68
1460,856.72
1461,821.41
1462,753.81
1463,686.78
1464,611.54
1465,611.54
1466,611.54
1467,611.55
1468,611.6
1469,611.82
1470,612.68
1471,615.5
1472,623.25
1473,640.83
1474,673.54
1475,722.65
1476,780.15
1477,828.46
1478,849.36
1479,838.28
1480,811.91
1481,799.01
1482,816.2
1483,848.4
1484,858.46
1485,823.07
1486,755.34
1487,688.18
1488,612.79
1489,612.79
1490,612.79
1491,612.8
1492,612.84
1493,613.06
1494,613.93
1495,616.76
1496,624.52
1497,642.13
1498,674.92
1499,724.13
1500,781.74
1501,830.15
1502,851.09
1503,839.99
1504,813.56
1505,800.64
1506,817.87
1507,850.13
1508,860.21
1509,824.75
1510,756.88
1511,689.58
1512,614.04
1513,614.04
1514,614.04
1515,614.05
1516,614.1
1517,614.32
1518,615.18
1519,618.02
1520,625.8
1521,643.45
1522,676.3
1523,725.61
1524,783.34
1525,831.85
1526,852.84
1527,841.71
1528,815.23
1529,802.27
1530,819.54
1531,851.87
1532,861.97
1533,826.44
1534,758.43
1535,690.99
1536,615.3
1537,615.3
1538,615.3
1539,615.31
1540,615.36
1541,615.58
1542,616.44
1543,619.29
1544,627.08
1545,644.77
1546,677.68
1547,727.1
1548,784.95
1549,833.55
1550,854.59
1551,843.43
1552,816.9
1553,803.92
1554,821.22
1555,853.62
1556,863.74
1557,828.14
1558,759.98
1559,692.41
1560,616.57
1561,616.57
1562,616.57
1563,616.58
1564,616.63
1565,616.85
1566,617.71
1567,620.57
1568,628.38
1569,646.1
1570,679.08
1571,728.6
1572,786.57
1573,835.27
1574,856.35
1575,845.17
1576,818.58
1577,805.58
1578,822.91
1579,855.37
1580,865.52
1581,829.84
1582,761.55
1583,693.84
1584,617.84
1585,617.84
1586,617.84
1587,617.85
1588,617.9
1589,618.12
1590,618.99
1591,621.85
1592,629.67
1593,647.43
1594,680.48
1595,730.1
1596,788.19
1597,836.99
1598,858.11
1599,846.91
1600,820.27
1601,807.24
1602,824.61
1603,857.14
1604,867.3
1605,831.55
1606,763.12
1607,695.27
1608,619.12
1609,619.12
1610,619.12
1611,619.13
1612,619.18
1613,619.4
1614,620.27
1615,623.13
1616,630.97
1617,648.77
1618,681.89
1619,731.61
1620,789.82
1621,838.72
1622,859.89
1623,848.66
1624,821.97
1625,808.91
1626,826.32
1627,858.91
1628,869.1
1629,833.27
1630,764.7
1631,696.7
1632,620.4
1633,620.4
1634,620.4
1635,620.41
1636,620.46
1637,620.68
1638,621.55
1639,624.42
1640,632.28
1641,650.11
1642,683.3
1643,733.13
1644,791.46
1645,840.46
1646,861.67
1647,850.42
1648,823.67
1649,810.58
1650,828.03
1651,860.69
1652,870.9
1653,835.0
1654,766.28
1655,698.15
1656,621.69
1657,621.69
1658,621.69
1659,621.7
1660,621.75
1661,621.97
1662,622.84
1663,625.72
1664,633.59
1665,651.46
1666,684.72
1667,734.65
1668,793.1
1669,842.21
1670,863.46
1671,852.19
1672,825.38
1673,812.27
1674,829.75
1675,862.48
1676,872.7
1677,836.73
1678,767.87
1679,699.6
1680,622.98
1681,622.98
1682,622.98
1683,622.99
1684,623.04
1685,623.26
1686,624.14
1687,627.02
1688,634.91
1689,652.82
1690,686.14
1691,736.17
1692,794.75
1693,843.95
1694,865.25
1695,853.96
1696,827.09
1697,813.95
1698,831.47
1699,864.27
1700,874.52
1701,838.47
1702,769.47
1703,701.05
1704,624.28
1705,624.28
1706,624.28
1707,624.29
1708,624.33
1709,624.56
1710,625.44
1711,628.32
1712,636.23
1713,654.17
1714,687.57
1715,737.7
1716,796.4
1717,845.71
1718,867.05
1719,855.73
1720,828.81
1721,815.65
1722,833.2
1723,866.07
1724,876.34
1725,840.22
1726,771.07
1727,702.51
1728,625.58
1729,625.58
1730,625.58
1731,625.59
1732,625.63
1733,625.86
1734,626.74
1735,629.63
1736,637.55
1737,655.53
1738,689.0
1739,739.24
1740,798.06
1741,847.47
1742,868.85
1743,857.51
1744,830.54
1745,817.34
1746,834.93
1747,867.87
1748,878.16
1749,841.96
1750,772.67
1751,703.97
1752,626.88
1753,626.88
1754,626.88
1755,626.89
1756,626.94
1757,627.16
1758,628.04
1759,630.94
1760,638.88
1761,656.9
1762,690.43
1763,740.78
1764,799.72
1765,849.23
1766,870.66
1767,859.3
1768,832.27
1769,819.04
1770,836.67
1771,869.67
1772,879.99
1773,843.72
1774,774.28
1775,705.44
1776,628.18
1777,628.18
1778,628.18
1779,628.19
1780,628.24
1781,628.46
1782,629.35
1783,632.25
1784,640.21
1785,658.27
1786,691.87
1787,742.32
1788,801.38
1789,851.0
1790,872.47
1791,861.09
1792,834.0
1793,820.75
1794,838.41
1795,871.48
1796,881.82
1797,845.47
1798,775.89
1799,706.9
1800,629.49
1801,629.49
1802,629.49
1803,629.5
1804,629.55
1805,629.77
1806,630.66
1807,633.57
1808,641.54
1809,659.64
1810,693.31
1811,743.86
1812,803.05
1813,852.77
1814,874.29
1815,862.88
1816,835.74
1817,822.46
1818,840.16
1819,873.3
1820,883.65
1821,847.23
1822,777.51
1823,708.37
1824,630.8
1825,630.8
1826,630.8
1827,630.81
1828,630.86
1829,631.08
1830,631.97
1831,634.89
1832,642.88
1833,661.01
1834,694.75
1835,745.41
1836,804.72
1837,854.55
1838,876.11
1839,864.67
1840,837.47
1841,824.17
1842,841.9
1843,875.11
1844,885.49
1845,848.99
1846,779.12
1847,709.85
1848,632.11
1849,632.11
1850,632.11
1851,632.12
1852,632.17
1853,632.39
1854,633.28
1855,636.21
1856,644.21
1857,662.38
1858,696.2
1859,746.96
1860,806.39
1861,856.32
1862,877.93
1863,866.47
1864,839.21
1865,825.88
1866,843.65
1867,876.93
1868,887.33
1869,850.76
1870,780.74
1871,711.32
1872,633.42
1873,633.42
1874,633.42
1875,633.43
1876,633.48
1877,633.71
1878,634.6
1879,637.53
1880,645.55
1881,663.76
1882,697.64
1883,748.51
1884,808.07
1885,858.1
1886,879.75
1887,868.27
1888,840.95
1889,827.59
1890,845.4
1891,878.75
1892,889.17
1893,852.52
1894,782.36
1895,712.8
1896,634.73
1897,634.73
1898,634.73
1899,634.74
1900,634.79
1901,635.02
1902,635.91
1903,638.85
1904,646.89
1905,665.13
1906,699.09
1907,750.06
1908,809.74
1909,859.88
1910,881.57
1911,870.07
1912,842.7
1913,829.31
1914,847.16
1915,880.57
1916,891.02
1917,854.29
1918,783.98
1919,714.28
1920,636.05
1921,636.05
1922,636.05
1923,636.06
1924,636.1
1925,636.33
1926,637.23
1927,640.17
1928,648.23
1929,666.51
1930,700.53
1931,751.61
1932,811.42
1933,861.65
1934,883.4
1935,871.87
1936,844.44
1937,831.02
1938,848.91
1939,882.39
1940,892.86
1941,856.06
1942,785.6
1943,715.75
1944,637.36
1945,637.36
1946,637.36
1947,637.37
1948,637.42
1949,637.65
1950,638.54
1951,641.49
1952,649.56
1953,667.88
1954,701.98
1955,753.16
1956,813.09
1957,863.43
1958,885.22
1959,873.67
1960,846.18
1961,832.74
1962,850.66
1963,884.22
1964,894.7
1965,857.82
1966,787.23
1967,717.23
1968,638.67
1969,638.67
1970,638.67
1971,638.68
1972,638.73
1973,638.96
1974,639.86
1975,642.81
1976,650.9
1977,669.26
1978,703.42
1979,754.71
1980,814.76
1981,865.21
1982,887.04
1983,875.47
1984,847.93
1985,834.45
1986,852.41
1987,886.04
1988,896.54
1989,859.59
1990,788.85
1991,718.71
1992,639.98
1993,639.98
1994,639.98
1995,639.99
1996,640.04
1997,640.27
1998,641.17
1999,644.13
2000,652.24
2001,670.63
2002,704.87
2003,756.26
2004,816.44
2005,866.99
2006,888.86
2007,877.26
2008,849.67
2009,836.17
2010,854.16
2011,887.86
2012,898.39
2013,861.36
2014,790.47
2015,720.18
2016,641.29
2017,641.29
2018,641.3
2019,641.3
2020,641.35
2021,641.58
2022,642.48
2023,645.45
2024,653.57
2025,672.01
2026,706.31
2027,757.81
2028,818.11
2029,868.76
2030,890.69
2031,879.06
2032,851.41
2033,837.88
2034,855.91
2035,889.67
2036,900.23
2037,863.12
2038,792.09
2039,721.66
2040,642.6
2041,642.6
2042,642.6
2043,642.61
2044,642.66
2045,642.89
2046,643.8
2047,646.77
2048,654.91
2049,673.38
2050,707.75
2051,759.36
2052,819.78
2053,870.54
2054,892.5
2055,880.86
2056,853.15
2057,839.59
2058,857.66
2059,891.49
2060,902.06
2061,864.88
2062,793.7
2063,723.13
2064,643.91
2065,643.91
2066,643.91
2067,643.92
2068,643.97
2069,644.2
2070,645.11
2071,648.08
2072,656.24
2073,674.75
2074,709.19
2075,760.9
2076,821.45
2077,872.31
2078,894.32
2079,882.65
2080,854.88
2081,841.3
2082,859.4
2083,893.3
2084,903.9
2085,866.64
2086,795.32
2087,724.6
2088,645.21
2089,645.21
2090,645.22
2091,645.22
2092,645.27
2093,645.51
2094,646.41
2095,649.4
2096,657.57
2097,676.11
2098,710.63
2099,762.45
2100,823.11
2101,874.08
2102,896.13
2103,884.44
2104,856.61
2105,843.0
2106,861.15
2107,895.11
2108,905.73
2109,868.4
2110,796.93
2111,726.07
2112,646.52
2113,646.52
2114,646.52
2115,646.53
2116,646.58
2117,646.81
2118,647.72
2119,650.71
2120,658.9
2121,677.48
2122,712.06
2123,763.99
2124,824.77
2125,875.84
2126,897.94
2127,886.22
2128,858.34
2129,844.7
2130,862.88
2131,896.92
2132,907.56
2133,870.15
2134,798.54
2135,727.54
2136,647.82
2137,647.82
2138,647.82
2139,647.83
2140,647.88
2141,648.11
2142,649.02
2143,652.01
2144,660.22
2145,678.84
2146,713.49
2147,765.52
2148,826.43
2149,877.6
2150,899.74
2151,888.0
2152,860.07
2153,846.4
2154,864.62
2155,898.72
2156,909.38
2157,871.9
2158,800.14
2159,729.0
2160,649.11
2161,649.11
2162,649.11
2163,649.12
2164,649.17
2165,649.4
2166,650.32
2167,653.32
2168,661.54
2169,680.2
2170,714.92
2171,767.05
2172,828.08
2173,879.35
2174,901.54
2175,889.78
2176,861.79
2177,848.09
2178,866.35
2179,900.52
2180,911.2
2181,873.64
2182,801.74
2183,730.46
2184,650.4
2185,650.4
2186,650.4
2187,650.41
2188,650.46
2189,650.7
2190,651.61
2191,654.62
2192,662.86
2193,681.55
2194,716.34
2195,768.58
2196,829.73
2197,881.1
2198,903.34
2199,891.55
2200,863.5
2201,849.78
2202,868.07
2203,902.31
2204,913.01
2205,875.38
2206,803.34
2207,731.91
2208,651.69
2209,651.69
2210,651.69
2211,651.7
2212,651.75
2213,651.98
2214,652.9
2215,655.91
2216,664.17
2217,682.9
2218,717.76
2219,770.1
2220,831.37
2221,882.85
2222,905.12
2223,893.31
2224,865.21
2225,851.46
2226,869.79
2227,904.1
2228,914.82
2229,877.11
2230,804.93
2231,733.36
2232,652.97
2233,652.97
2234,652.97
2235,652.98
2236,653.03
2237,653.27
2238,654.19
2239,657.2
2240,665.48
2241,684.24
2242,719.17
2243,771.61
2244,833.01
2245,884.59
2246,906.91
2247,895.07
2248,866.91
2249,853.14
2250,871.5
2251,905.88
2252,916.62
2253,878.84
2254,806.51
2255,734.8
2256,654.25
2257,654.25
2258,654.25
2259,654.26
2260,654.31
2261,654.55
2262,655.47
2263,658.49
2264,666.78
2265,685.58
2266,720.58
2267,773.12
2268,834.64
2269,886.32
2270,908.68
2271,896.82
2272,868.61
2273,854.81
2274,873.2
2275,907.65
2276,918.41
2277,880.56
2278,808.09
2279,736.24
2280,655.52
2281,655.52
2282,655.52
2283,655.53
2284,655.58
2285,655.82
2286,656.74
2287,659.77
2288,668.08
2289,686.92
2290,721.98
2291,774.63
2292,836.26
2293,888.04
2294,910.45
2295,898.57
2296,870.3
2297,856.47
2298,874.9
2299,909.41
2300,920.2
2301,882.27
2302,809.66
2303,737.67
2304,656.79
2305,656.79
2306,656.79
2307,656.8
2308,656.85
2309,657.09
2310,658.01
2311,661.05
2312,669.37
2313,688.24
2314,723.38
2315,776.12
2316,837.88
2317,889.76
2318,912.21
2319,900.3
2320,871.98
2321,858.13
2322,876.59
2323,911.17
2324,921.98
2325,883.97
2326,811.23
2327,739.1
2328,658.05
2329,658.05
2330,658.05
2331,658.06
2332,658.11
2333,658.35
2334,659.27
2335,662.31
2336,670.65
2337,689.56
2338,724.77
2339,777.61
2340,839.49
2341,891.46
2342,913.96
2343,902.03
2344,873.65
2345,859.77
2346,878.28
2347,912.92
2348,923.75
2349,885.67
2350,812.78
2351,740.51
2352,659.3
2353,659.3
2354,659.31
2355,659.31
2356,659.36
2357,659.6
2358,660.53
2359,663.58
2360,671.93
2361,690.88
2362,726.15
2363,779.1
2364,841.09
2365,893.16
2366,915.7
2367,903.75
2368,875.32
2369,861.41
2370,879.95
2371,914.66
2372,925.51
2373,887.36
2374,814.33
2375,741.93
2376,660.55
2377,660.55
2378,660.55
2379,660.56
2380,660.61
2381,660.85
2382,661.78
2383,664.83
2384,673.2
2385,692.18
2386,727.52
2387,780.57
2388,842.68
2389,894.85
2390,917.43
2391,905.46
2392,876.97
2393,863.04
2394,881.61
2395,916.39
2396,927.26
2397,889.04
2398,815.87
2399,743.33
2400,661.79
2401,661.79
2402,661.79
2403,661.8
2404,661.85
2405,662.09
2406,663.02
2407,666.08
2408,674.46
2409,693.48
2410,728.89
2411,782.03
2412,844.26
2413,896.53
2414,919.15
2415,907.16
2416,878.62
2417,864.66
2418,883.27
2419,918.11
2420,929.0
2421,890.71
2422,817.4
2423,744.72
2424,663.02
2425,663.02
2426,663.02
2427,663.03
2428,663.08
2429,663.32
2430,664.25
2431,667.32
2432,675.72
2433,694.78
2434,730.24
2435,783.49
2436,845.83
2437,898.2
2438,920.86
2439,908.85
2440,880.26
2441,866.27
2442,884.91
2443,919.82
2444,930.73
2445,892.36
2446,818.92
2447,746.11
2448,664.25
2449,664.25
2450,664.25
2451,664.26
2452,664.31
2453,664.55
2454,665.48
2455,668.55
2456,676.97
2457,696.06
2458,731.59
2459,784.94
2460,847.39
2461,899.86
2462,922.56
2463,910.52
2464,881.88
2465,867.87
2466,886.55
2467,921.52
2468,932.45
2469,894.01
2470,820.44
2471,747.49
2472,665.46
2473,665.46
2474,665.46
2475,665.47
2476,665.52
2477,665.76
2478,666.7
2479,669.78
2480,678.21
2481,697.33
2482,732.93
2483,786.37
2484,848.94
2485,901.51
2486,924.25
2487,912.19
2488,883.5
2489,869.46
2490,888.17
2491,923.2
2492,934.15
2493,895.65
2494,821.94
2495,748.86
2496,666.67
2497,666.67
2498,666.67
2499,666.68
2500,666.73
2501,666.97
2502,667.91
2503,670.99
2504,679.44
2505,698.6
2506,734.26
2507,787.8
2508,850.48
2509,903.14
2510,925.93
2511,913.85
2512,885.1
2513,871.03
2514,889.78
2515,924.88
2516,935.85
2517,897.27
2518,823.43
2519,750.21
2520,667.87
2521,667.87
2522,667.87
2523,667.88
2524,667.93
2525,668.17
2526,669.11
2527,672.2
2528,680.66
2529,699.85
2530,735.58
2531,789.22
2532,852.01
2533,904.76
2534,927.59
2535,915.49
2536,886.69
2537,872.6
2538,891.38
2539,926.54
2540,937.53
2541,898.89
2542,824.91
2543,751.56
2544,669.06
2545,669.06
2546,669.06
2547,669.07
2548,669.12
2549,669.36
2550,670.3
2551,673.39
2552,681.87
2553,701.1
2554,736.89
2555,790.62
2556,853.53
2557,906.37
2558,929.24
2559,917.12
2560,888.27
2561,874.15
2562,892.97
2563,928.19
2564,939.2
2565,900.49
2566,826.38
2567,752.9
2568,670.24
2569,670.24
2570,670.24
2571,670.25
2572,670.3
2573,670.54
2574,671.48
2575,674.58
2576,683.07
2577,702.33
2578,738.19
2579,792.01
2580,855.03
2581,907.97
2582,930.88
2583,918.73
2584,889.83
2585,875.69
2586,894.54
2587,929.83
2588,940.85
2589,902.07
2590,827.83
2591,754.23
2592,671.4
2593,671.4
2594,671.41
2595,671.42
2596,671.47
2597,671.71
2598,672.65
2599,675.76
2600,684.26
2601,703.56
2602,739.47
2603,793.4
2604,856.52
2605,909.55
2606,932.51
2607,920.34
2608,891.38
2609,877.22
2610,896.1
2611,931.45
2612,942.49
2613,903.65
2614,829.28
2615,755.54
2616,672.56
2617,672.56
2618,672.56
2619,672.57
2620,672.62
2621,672.87
2622,673.81
2623,676.92
2624,685.44
2625,704.77
2626,740.75
2627,794.76
2628,858.0
2629,911.12
2630,934.11
2631,921.92
2632,892.92
2633,878.73
2634,897.65
2635,933.05
2636,944.12
2637,905.2
2638,830.71
2639,756.85
2640,673.71
2641,673.71
2642,673.71
2643,673.72
2644,673.77
2645,674.01
2646,674.96
2647,678.08
2648,686.61
2649,705.97
2650,742.01
2651,796.12
2652,859.46
2653,912.68
2654,935.71
2655,923.5
2656,894.45
2657,880.23
2658,899.18
2659,934.65
2660,945.73
2661,906.75
2662,832.12
2663,758.14
2664,674.85
2665,674.85
2666,674.85
2667,674.86
2668,674.91
2669,675.15
2670,676.1
2671,679.22
2672,687.77
2673,707.17
2674,743.27
2675,797.46
2676,860.91
2677,914.22
2678,937.29
2679,925.05
2680,895.95
2681,881.72
2682,900.69
2683,936.22
2684,947.33
2685,908.28
2686,833.53
2687,759.42
2688,675.97
2689,675.97
2690,675.97
2691,675.98
2692,676.03
2693,676.28
2694,677.23
2695,680.35
2696,688.92
2697,708.34
2698,744.5
2699,798.79
2700,862.35
2701,915.74
2702,938.85
2703,926.6
2704,897.45
2705,883.19
2706,902.19
2707,937.78
2708,948.9
2709,909.79
2710,834.92
2711,760.68
2712,677.08
2713,677.08
2714,677.09
2715,677.1
2716,677.15
2717,677.39
2718,678.34
2719,681.47
2720,690.05
2721,709.51
2722,745.73
2723,800.11
2724,863.77
2725,917.25
2726,940.39
2727,928.12
2728,898.93
2729,884.64
2730,903.68
2731,939.33
2732,950.47
2733,911.29
2734,836.29
2735,761.93
2736,678.19
2737,678.19
2738,678.19
2739,678.2
2740,678.25
2741,678.49
2742,679.44
2743,682.58
2744,691.17
2745,710.66
2746,746.94
2747,801.41
2748,865.17
2749,918.74
2750,941.92
2751,929.63
2752,900.39
2753,886.08
2754,905.15
2755,940.85
2756,952.01
2757,912.77
2758,837.65
2759,763.17
2760,679.27
2761,679.27
2762,679.28
2763,679.28
2764,679.34
2765,679.58
2766,680.54
2767,683.68
2768,692.28
2769,711.8
2770,748.14
2771,802.69
2772,866.56
2773,920.22
2774,943.44
2775,931.12
2776,901.83
2777,887.5
2778,906.6
2779,942.36
2780,953.54
2781,914.24
2782,839.0
2783,764.4
2784,680.35
2785,680.35
2786,680.35
2787,680.36
2788,680.41
2789,680.66
2790,681.61
2791,684.76
2792,693.38
2793,712.93
2794,749.33
2795,803.97
2796,867.93
2797,921.67
2798,944.93
2799,932.6
2800,903.26
2801,888.91
2802,908.04
2803,943.86
2804,955.05
2805,915.68
2806,840.33
2807,765.61
2808,681.41
2809,681.41
2810,681.41
2811,681.42
2812,681.47
2813,681.72
2814,682.68
2815,685.83
2816,694.46
2817,714.04
2818,750.5
2819,805.22
2820,869.29
2821,923.11
2822,946.4
2823,934.05
2824,904.67
2825,890.3
2826,909.46
2827,945.33
2828,956.54
2829,917.11
2830,841.64
2831,766.8
2832,682.46
2833,682.46
2834,682.46
2835,682.47
2836,682.52
2837,682.77
2838,683.73
2839,686.88
2840,695.53
2841,715.14
2842,751.65
2843,806.46
2844,870.63
2845,924.53
2846,947.86
2847,935.49
2848,906.06
2849,891.67
2850,910.86
2851,946.79
2852,958.01
2853,918.53
2854,842.93
2855,767.98
2856,683.5
2857,683.5
2858,683.5
2859,683.51
2860,683.56
2861,683.8
2862,684.77
2863,687.93
2864,696.58
2865,716.23
2866,752.79
2867,807.68
2868,871.95
2869,925.94
2870,949.3
2871,936.91
2872,907.44
2873,893.02
2874,912.24
2875,948.22
2876,959.47
2877,919.92
2878,844.21
2879,769.15
2880,684.52
2881,684.52
2882,684.52
2883,684.53
2884,684.58
2885,684.83
2886,685.79
2887,688.95
2888,697.63
2889,717.3
2890,753.92
2891,808.89
2892,873.25
2893,927.32
2894,950.72
2895,938.31
2896,908.79
2897,894.35
2898,913.6
2899,949.64
2900,960.9
2901,921.29
2902,845.47
2903,770.3
2904,685.52
2905,685.53
2906,685.53
2907,685.54
2908,685.59
2909,685.83
2910,686.8
2911,689.97
2912,698.65
2913,718.35
2914,755.03
2915,810.08
2916,874.54
2917,928.68
2918,952.12
2919,939.69
2920,910.13
2921,895.67
2922,914.95
2923,951.04
2924,962.32
2925,922.65
2926,846.72
2927,771.43
2928,686.52
2929,686.52
2930,686.52
2931,686.53
2932,686.58
2933,686.83
2934,687.79
2935,690.97
2936,699.66
2937,719.39
2938,756.12
2939,811.25
2940,875.8
2941,930.03
2942,953.5
2943,941.05
2944,911.45
2945,896.97
2946,916.27
2947,952.41
2948,963.71
2949,923.99
2950,847.94
2951,772.55
2952,687.49
2953,687.49
2954,687.5
2955,687.51
2956,687.56
2957,687.8
2958,688.77
2959,691.95
2960,700.66
2961,720.42
2962,757.2
2963,812.41
2964,877.05
2965,931.35
2966,954.85
2967,942.39
2968,912.75
2969,898.24
2970,917.57
2971,953.77
2972,965.08
2973,925.3
2974,849.15
2975,773.65
2976,688.46
2977,688.46
2978,688.46
2979,688.47
2980,688.52
2981,688.77
2982,689.74
2983,692.92
2984,701.64
2985,721.43
2986,758.26
2987,813.55
2988,878.28
2989,932.66
2990,956.19
2991,943.71
2992,914.02
2993,899.5
2994,918.86
2995,955.1
2996,966.43
2997,926.6
2998,850.34
2999,774.73
3000,689.4
3001,689.4
3002,689.41
3003,689.41
3004,689.47
3005,689.71
3006,690.68
3007,693.87
3008,702.6
3009,722.42
3010,759.3
3011,814.66
3012,879.48
3013,933.94
3014,957.5
3015,945.01
3016,915.28
3017,900.74
3018,920.12
3019,956.42
3020,967.76
3021,927.87
3022,851.51
3023,775.8
3024,690.33
3025,690.33
3026,690.34
3027,690.35
3028,690.4
3029,690.65
3030,691.62
3031,694.81
3032,703.55
3033,723.39
3034,760.32
3035,815.76
3036,880.67
3037,935.2
3038,958.8
3039,946.28
3040,916.52
3041,901.95
3042,921.36
3043,957.71
3044,969.07
3045,929.12
3046,852.66
3047,776.84
3048,691.25
3049,691.25
3050,691.25
3051,691.26
3052,691.31
3053,691.56
3054,692.53
3055,695.73
3056,704.49
3057,724.35
3058,761.33
3059,816.85
3060,881.84
3061,936.44
3062,960.07
3063,947.54
3064,917.73
3065,903.15
3066,922.59
3067,958.98
3068,970.35
3069,930.35
3070,853.79
3071,777.87
3072,692.15
3073,692.15
3074,692.15
3075,692.16
3076,692.21
3077,692.46
3078,693.43
3079,696.63
3080,705.4
3081,725.29
3082,762.32
3083,817.91
3084,882.99
3085,937.66
3086,961.32
3087,948.77
3088,918.92
3089,904.32
3090,923.79
3091,960.22
3092,971.61
3093,931.56
3094,854.9
3095,778.89
3096,693.03
3097,693.03
3098,693.03
3099,693.04
3100,693.09
3101,693.34
3102,694.32
3103,697.52
3104,706.3
3105,726.22
3106,763.29
3107,818.95
3108,884.11
3109,938.85
3110,962.54
3111,949.98
3112,920.09
3113,905.47
3114,924.96
3115,961.45
3116,972.85
3117,932.75
3118,855.99
3119,779.88
3120,693.89
3121,693.89
3122,693.9
3123,693.91
3124,693.96
3125,694.21
3126,695.18
3127,698.39
3128,707.18
3129,727.13
3130,764.25
3131,819.97
3132,885.21
3133,940.02
3134,963.74
3135,951.16
3136,921.24
3137,906.61
3138,926.12
3139,962.65
3140,974.06
3141,933.92
3142,857.06
3143,780.85
3144,694.74
3145,694.74
3146,694.74
3147,694.75
3148,694.81
3149,695.06
3150,696.03
3151,699.25
3152,708.05
3153,728.01
3154,765.18
3155,820.97
3156,886.3
3157,941.17
3158,964.92
3159,952.33
3160,922.37
3161,907.71
3162,927.25
3163,963.82
3164,975.25
3165,935.06
3166,858.1
3167,781.81
3168,695.57
3169,695.57
3170,695.57
3171,695.58
3172,695.64
3173,695.89
3174,696.86
3175,700.08
3176,708.89
3177,728.88
3178,766.09
3179,821.96
3180,887.36
3181,942.3
3182,966.07
3183,953.47
3184,923.47
3185,908.8
3186,928.36
3187,964.98
3188,976.42
3189,936.17
3190,859.13
3191,782.74
3192,696.39
3193,696.39
3194,696.39
3195,696.4
3196,696.45
3197,696.7
3198,697.68
3199,700.9
3200,709.72
3201,729.74
3202,766.99
3203,822.92
3204,888.39
3205,943.4
3206,967.2
3207,954.58
3208,924.55
3209,909.86
3210,929.44
3211,966.1
3212,977.56
3213,937.27
3214,860.13
3215,783.65
3216,697.18
3217,697.18
3218,697.18
3219,697.19
3220,697.25
3221,697.5
3222,698.48
3223,701.7
3224,710.53
3225,730.57
3226,767.86
3227,823.86
3228,889.41
3229,944.47
3230,968.31
3231,955.67
3232,925.61
3233,910.9
3234,930.5
3235,967.21
3236,978.68
3237,938.34
3238,861.11
3239,784.55
3240,697.96
3241,697.96
3242,697.96
3243,697.97
3244,698.02
3245,698.27
3246,699.25
3247,702.48
3248,711.32
3249,731.38
3250,768.72
3251,824.77
3252,890.4
3253,945.53
3254,969.39
3255,956.73
3256,926.64
3257,911.91
3258,931.54
3259,968.29
3260,979.77
3261,939.38
3262,862.07
3263,785.42
3264,698.72
3265,698.72
3266,698.72
3267,698.73
3268,698.78
3269,699.03
3270,700.01
3271,703.25
3272,712.1
3273,732.18
3274,769.56
3275,825.67
3276,891.37
3277,946.55
3278,970.44
3279,957.77
3280,927.65
3281,912.91
3282,932.55
3283,969.34
3284,980.83
3285,940.41
3286,863.01
3287,786.28
3288,699.46
3289,699.46
3290,699.46
3291,699.47
3292,699.52
3293,699.77
3294,700.76
3295,703.99
3296,712.85
3297,732.95
3298,770.37
3299,826.54
3300,892.31
3301,947.56
3302,971.47
3303,958.79
3304,928.63
3305,913.87
3306,933.54
3307,970.37
3308,981.87
3309,941.4
3310,863.93
3311,787.11
3312,700.18
3313,700.18
3314,700.18
3315,700.19
3316,700.24
3317,700.49
3318,701.48
3319,704.72
3320,713.59
3321,733.71
3322,771.17
3323,827.4
3324,893.23
3325,948.53
3326,972.47
3327,959.78
3328,929.59
3329,914.81
3330,934.5
3331,971.37
3332,982.89
3333,942.37
3334,864.82
3335,787.92
3336,700.88
3337,700.88
3338,700.88
3339,700.89
3340,700.95
3341,701.2
3342,702.18
3343,705.42
3344,714.3
3345,734.45
3346,771.94
3347,828.23
3348,894.13
3349,949.49
3350,973.44
3351,960.74
3352,930.52
3353,915.73
3354,935.44
3355,972.34
3356,983.87
3357,943.32
3358,865.68
3359,788.71
3360,701.56
3361,701.56
3362,701.57
3363,701.58
3364,701.63
3365,701.88
3366,702.87
3367,706.11
3368,715.0
3369,735.16
3370,772.69
3371,829.03
3372,895.0
3373,950.41
3374,974.39
3375,961.68
3376,931.42
3377,916.63
3378,936.35
3379,973.29
3380,984.83
3381,944.24
3382,866.53
3383,789.48
3384,702.23
3385,702.23
3386,702.23
3387,702.24
3388,702.29
3389,702.54
3390,703.53
3391,706.78
3392,715.67
3393,735.86
3394,773.42
3395,829.82
3396,895.84
3397,951.31
3398,975.32
3399,962.59
3400,932.31
3401,917.49
3402,937.24
3403,974.21
3404,985.76
3405,945.13
3406,867.35
3407,790.23
3408,702.87
3409,702.87
3410,702.87
3411,702.88
3412,702.94
3413,703.19
3414,704.18
3415,707.43
3416,716.33
3417,736.53
3418,774.13
3419,830.58
3420,896.67
3421,952.18
3422,976.21
3423,963.47
3424,933.16
3425,918.33
3426,938.1
3427,975.1
3428,986.67
3429,946.0
3430,868.14
3431,790.95
3432,703.5
3433,703.5
3434,703.5
3435,703.51
3436,703.56
3437,703.81
3438,704.8
3439,708.06
3440,716.97
3441,737.19
3442,774.82
3443,831.32
3444,897.46
3445,953.03
3446,977.08
3447,964.33
3448,933.99
3449,919.15
3450,938.93
3451,975.97
3452,987.54
3453,946.84
3454,868.91
3455,791.66
3456,704.1
3457,704.1
3458,704.1
3459,704.11
3460,704.17
3461,704.42
3462,705.41
3463,708.66
3464,717.58
3465,737.82
3466,775.49
3467,832.03
3468,898.23
3469,953.85
3470,977.92
3471,965.15
3472,934.79
3473,919.94
3474,939.74
3475,976.81
3476,988.39
3477,947.65
3478,869.66
3479,792.34
3480,704.69
3481,704.69
3482,704.69
3483,704.7
3484,704.75
3485,705.0
3486,705.99
3487,709.25
3488,718.18
3489,738.43
3490,776.13
3491,832.72
3492,898.98
3493,954.64
3494,978.73
3495,965.96
3496,935.57
3497,920.7
3498,940.52
3499,977.62
3500,989.21
3501,948.44
3502,870.38
3503,792.99
3504,705.25
3505,705.25
3506,705.25
3507,705.26
3508,705.31
3509,705.57
3510,706.56
3511,709.82
3512,718.75
3513,739.02
3514,776.75
3515,833.39
3516,899.7
3517,955.4
3518,979.51
3519,966.73
3520,936.32
3521,921.44
3522,941.27
3523,978.4
3524,990.0
3525,949.2
3526,871.08
3527,793.63
3528,705.79
3529,705.79
3530,705.79
3531,705.8
3532,705.86
3533,706.11
3534,707.1
3535,710.37
3536,719.31
3537,739.59
3538,777.35
3539,834.03
3540,900.39
3541,956.14
3542,980.27
3543,967.47
3544,937.04
3545,922.15
3546,942.0
3547,979.15
3548,990.77
3549,949.93
3550,871.75
3551,794.24
3552,706.32
3553,706.32
3554,706.32
3555,706.33
3556,706.38
3557,706.63
3558,707.63
3559,710.89
3560,719.84
3561,740.14
3562,777.93
3563,834.65
3564,901.06
3565,956.85
3566,980.99
3567,968.19
3568,937.73
3569,922.83
3570,942.69
3571,979.88
3572,991.5
3573,950.63
3574,872.4
3575,794.83
3576,706.82
3577,706.82
3578,706.82
3579,706.83
3580,706.88
3581,707.14
3582,708.13
3583,711.4
3584,720.35
3585,740.67
3586,778.48
3587,835.24
3588,901.7
3589,957.53
3590,981.69
3591,968.88
3592,938.4
3593,923.49
3594,943.36
3595,980.58
3596,992.21
3597,951.31
3598,873.02
3599,795.39
3600,707.3
3601,707.3
3602,707.3
3603,707.31
3604,707.36
3605,707.62
3606,708.61
3607,711.88
3608,720.84
3609,741.17
3610,779.01
3611,835.81
3612,902.31
3613,958.18
3614,982.36
3615,969.54
3616,939.04
3617,924.12
3618,944.01
3619,981.24
3620,992.88
3621,951.96
3622,873.61
3623,795.94
3624,707.76
3625,707.76
3626,707.76
3627,707.77
3628,707.82
3629,708.08
3630,709.07
3631,712.35
3632,721.31
3633,741.65
3634,779.52
3635,836.36
3636,902.9
3637,958.8
3638,983.0
3639,970.17
3640,939.65
3641,924.72
3642,944.62
3643,981.88
3644,993.53
3645,952.58
3646,874.18
3647,796.45
3648,708.2
3649,708.2
3650,708.2
3651,708.21
3652,708.26
3653,708.52
3654,709.51
3655,712.79
3656,721.76
3657,742.11
3658,780.0
3659,836.87
3660,903.46
3661,959.4
3662,983.61
3663,970.77
3664,940.23
3665,925.29
3666,945.21
3667,982.49
3668,994.14
3669,953.17
3670,874.72
3671,796.95
3672,708.62
3673,708.62
3674,708.62
3675,708.63
3676,708.68
3677,708.93
3678,709.93
3679,713.21
3680,722.18
3681,742.55
3682,780.46
3683,837.37
3684,903.99
3685,959.96
3686,984.19
3687,971.34
3688,940.79
3689,925.84
3690,945.76
3691,983.07
3692,994.73
3693,953.73
3694,875.24
3695,797.42
3696,709.01
3697,709.01
3698,709.01
3699,709.02
3700,709.08
3701,709.33
3702,710.33
3703,713.61
3704,722.59
3705,742.97
3706,780.89
3707,837.84
3708,904.5
3709,960.5
3710,984.74
3711,971.89
3712,941.31
3713,926.36
3714,946.29
3715,983.62
3716,995.29
3717,954.26
3718,875.73
3719,797.86
3720,709.39
3721,709.39
3722,709.39
3723,709.4
3724,709.45
3725,709.71
3726,710.7
3727,713.98
3728,722.97
3729,743.36
3730,781.31
3731,838.28
3732,904.98
3733,961.01
3734,985.26
3735,972.4
3736,941.81
3737,926.85
3738,946.79
3739,984.14
3740,995.81
3741,954.76
3742,876.19
3743,798.28
3744,709.74
3745,709.74
3746,709.74
3747,709.75
3748,709.8
3749,710.06
3750,711.06
3751,714.34
3752,723.33
3753,743.73
3754,781.7
3755,838.69
3756,905.43
3757,961.49
3758,985.75
3759,972.88
3760,942.28
3761,927.31
3762,947.26
3763,984.63
3764,996.31
3765,955.24
3766,876.63
3767,798.68
3768,710.07
3769,710.07
3770,710.07
3771,710.08
3772,710.14
3773,710.39
3774,711.39
3775,714.67
3776,723.67
3777,744.08
3778,782.06
3779,839.09
3780,905.85
3781,961.93
3782,986.21
3783,973.34
3784,942.72
3785,927.74
3786,947.7
3787,985.09
3788,996.77
3789,955.69
3790,877.03
3791,799.05
3792,710.38
3793,710.38
3794,710.38
3795,710.39
3796,710.44
3797,710.7
3798,711.7
3799,714.98
3800,723.98
3801,744.4
3802,782.4
3803,839.45
3804,906.24
3805,962.35
3806,986.64
3807,973.76
3808,943.13
3809,928.14
3810,948.12
3811,985.52
3812,997.2
3813,956.1
3814,877.42
3815,799.4
3816,710.67
3817,710.67
3818,710.67
3819,710.68
3820,710.73
3821,710.99
3822,711.99
3823,715.27
3824,724.27
3825,744.7
3826,782.72
3827,839.79
3828,906.61
3829,962.74
3830,987.04
3831,974.15
3832,943.51
3833,928.52
3834,948.5
3835,985.92
3836,997.61
3837,956.49
3838,877.77
3839,799.72
3840,710.93
3841,710.93
3842,710.93
3843,710.94
3844,711.0
3845,711.25
3846,712.25
3847,715.54
3848,724.54
3849,744.98
3850,783.01
3851,840.1
3852,906.95
3853,963.1
3854,987.4
3855,974.52
3856,943.86
3857,928.86
3858,948.85
3859,986.28
3860,997.98
3861,956.84
3862,878.1
3863,800.02
3864,711.17
3865,711.17
3866,711.18
3867,711.18
3868,711.24
3869,711.49
3870,712.49
3871,715.78
3872,724.79
3873,745.23
3874,783.28
3875,840.39
3876,907.26
3877,963.43
3878,987.74
3879,974.85
3880,944.18
3881,929.18
3882,949.18
3883,986.62
3884,998.32
3885,957.17
3886,878.4
3887,800.3
3888,711.39
3889,711.39
3890,711.4
3891,711.41
3892,711.46
3893,711.71
3894,712.72
3895,716.0
3896,725.02
3897,745.46
3898,783.52
3899,840.65
3900,907.54
3901,963.73
3902,988.05
3903,975.15
3904,944.48
3905,929.47
3906,949.47
3907,986.93
3908,998.63
3909,957.47
3910,878.67
3911,800.54
3912,711.59
3913,711.59
3914,711.59
3915,711.6
3916,711.66
3917,711.91
3918,712.91
3919,716.2
3920,725.22
3921,745.67
3922,783.74
3923,840.89
3924,907.79
3925,964.0
3926,988.32
3927,975.42
3928,944.74
3929,929.73
3930,949.74
3931,987.2
3932,998.91
3933,957.73
3934,878.91
3935,800.77
3936,711.77
3937,711.77
3938,711.77
3939,711.78
3940,711.83
3941,712.09
3942,713.09
3943,716.38
3944,725.4
3945,745.86
3946,783.93
3947,841.09
3948,908.02
3949,964.24
3950,988.57
3951,975.67
3952,944.97
3953,929.96
3954,949.97
3955,987.44
3956,999.15
3957,957.97
3958,879.13
3959,800.96
3960,711.92
3961,711.92
3962,711.92
3963,711.93
3964,711.99
3965,712.24
3966,713.24
3967,716.54
3968,725.55
3969,746.02
3970,784.1
3971,841.27
3972,908.21
3973,964.44
3974,988.78
3975,975.88
3976,945.18
3977,930.16
3978,950.18
3979,987.66
3980,999.37
3981,958.18
3982,879.32
3983,801.14
3984,712.05
3985,712.05
3986,712.05
3987,712.06
3988,712.12
3989,712.37
3990,713.38
3991,716.67
3992,725.69
3993,746.15
3994,784.24
3995,841.43
3996,908.38
3997,964.62
3998,988.96
3999,976.06
4000,945.35
4001,930.33
4002,950.35
4003,987.84
4004,999.55
4005,958.35
4006,879.48
4007,801.29
4008,712.16
4009,712.16
4010,712.16
4011,712.17
4012,712.23
4013,712.48
4014,713.48
4015,716.78
4016,725.8
4017,746.27
4018,784.36
4019,841.56
4020,908.52
4021,964.77
4022,989.11
4023,976.2
4024,945.49
4025,930.47
4026,950.5
4027,987.99
4028,999.71
4029,958.5
4030,879.62
4031,801.41
4032,712.25
4033,712.25
4034,712.25
4035,712.26
4036,712.31
4037,712.57
4038,713.57
4039,716.86
4040,725.89
4041,746.36
4042,784.46
4043,841.66
4044,908.63
4045,964.89
4046,989.23
4047,976.32
4048,945.61
4049,930.58
4050,950.61
4051,988.11
4052,999.83
4053,958.62
4054,879.72
4055,801.5
4056,712.31
4057,712.31
4058,712.31
4059,712.32
4060,712.38
4061,712.63
4062,713.63
4063,716.93
4064,725.95
4065,746.42
4066,784.53
4067,841.73
4068,908.71
4069,964.97
4070,989.32
4071,976.41
4072,945.69
4073,930.67
4074,950.7
4075,988.2
4076,999.92
4077,958.7
4078,879.8
4079,801.58
4080,712.35
4081,712.35
4082,712.35
4083,712.36
4084,712.42
4085,712.67
4086,713.67
4087,716.97
4088,725.99
4089,746.47
4090,784.57
4091,841.78
4092,908.76
4093,965.03
4094,989.38
4095,976.47
4096,945.75
4097,930.72
4098,950.75
4099,988.25
4100,999.97
4101,958.76
4102,879.85
4103,801.62
4104,712.37
4105,712.37
4106,712.37
4107,712.38
4108,712.44
4109,712.69
4110,713.69
4111,716.99
4112,726.01
4113,746.49
4114,784.59
4115,841.8
4116,908.78
4117,965.05
4118,989.4
4119,976.49
4120,945.77
4121,930.74
4122,950.78
4123,988.28
4124,1000.0
4125,958.78
4126,879.88
4127,801.64
4128,712.37
4129,712.37
4130,712.37
4131,712.38
4132,712.43
4133,712.69
4134,713.69
4135,716.98
4136,726.01
4137,746.48
4138,784.59
4139,841.8
4140,908.78
4141,965.05
4142,989.4
4143,976.48
4144,945.77
4145,930.74
4146,950.77
4147,988.27
4148,999.99
4149,958.78
4150,879.87
4151,801.64
4152,712.34
4153,712.34
4154,712.34
4155,712.35
4156,712.41
4157,712.66
4158,713.66
4159,716.96
4160,725.98
4161,746.45
4162,784.56
4163,841.77
4164,908.74
4165,965.01
4166,989.36
4167,976.45
4168,945.73
4169,930.7
4170,950.73
4171,988.24
4172,999.96
4173,958.74
4174,879.84
4175,801.61
4176,712.29
4177,712.29
4178,712.29
4179,712.3
4180,712.36
4181,712.61
4182,713.61
4183,716.91
4184,725.93
4185,746.4
4186,784.51
4187,841.71
4188,908.68
4189,964.94
4190,989.29
4191,976.38
4192,945.67
4193,930.64
4194,950.67
4195,988.17
4196,999.89
4197,958.67
4198,879.78
4199,801.55
4200,712.22
4201,712.22
4202,712.22
4203,712.23
4204,712.28
4205,712.54
4206,713.54
4207,716.83
4208,725.86
4209,746.33
4210,784.43
4211,841.62
4212,908.59
4213,964.84
4214,989.19
4215,976.28
4216,945.57
4217,930.55
4218,950.57
4219,988.07
4220,999.79
4221,958.58
4222,879.69
4223,801.47
4224,712.12
4225,712.12
4226,712.13
4227,712.13
4228,712.19
4229,712.44
4230,713.45
4231,716.74
4232,725.76
4233,746.23
4234,784.32
4235,841.51
4236,908.47
4237,964.72
4238,989.06
4239,976.15
4240,945.44
4241,930.42
4242,950.45
4243,987.94
4244,999.65
4245,958.45
4246,879.57
4247,801.36
4248,712.01
4249,712.01
4250,712.01
4251,712.02
4252,712.07
4253,712.33
4254,713.33
4255,716.62
4256,725.64
4257,746.1
4258,784.19
4259,841.37
4260,908.32
4261,964.56
4262,988.9
4263,975.99
4264,945.29
4265,930.27
4266,950.29
4267,987.78
4268,999.49
4269,958.29
4270,879.43
4271,801.23
4272,711.87
4273,711.87
4274,711.87
4275,711.88
4276,711.93
4277,712.19
4278,713.19
4279,716.48
4280,725.5
4281,745.96
4282,784.04
4283,841.21
4284,908.14
4285,964.37
4286,988.7
4287,975.8
4288,945.1
4289,930.09
4290,950.1
4291,987.58
4292,999.29
4293,958.1
4294,879.25
4295,801.08
4296,711.71
4297,711.71
4298,711.71
4299,711.72
4300,711.77
4301,712.03
4302,713.03
4303,716.32
4304,725.33
4305,745.79
4306,783.86
4307,841.02
4308,907.93
4309,964.15
4310,988.48
4311,975.58
4312,944.89
4313,929.88
4314,949.89
4315,987.36
4316,999.07
4317,957.89
4318,879.05
4319,800.89
4320,711.52
4321,711.52
4322,711.52
4323,711.53
4324,711.59
4325,711.84
4326,712.84
4327,716.13
4328,725.15
4329,745.6
4330,783.66
4331,840.8
4332,907.7
4333,963.9
4334,988.22
4335,975.33
4336,944.64
4337,929.63
4338,949.64
4339,987.1
4340,998.81
4341,957.64
4342,878.83
4343,800.69
4344,711.31
4345,711.31
4346,711.32
4347,711.33
4348,711.38
4349,711.63
4350,712.63
4351,715.92
4352,724.93
4353,745.38
4354,783.43
4355,840.56
4356,907.44
4357,963.62
4358,987.94
4359,975.04
4360,944.37
4361,929.36
4362,949.37
4363,986.81
4364,998.52
4365,957.36
4366,878.57
4367,800.45
4368,711.09
4369,711.09
4370,711.09
4371,711.1
4372,711.15
4373,711.41
4374,712.41
4375,715.69
4376,724.7
4377,745.14
4378,783.18
4379,840.29
4380,907.14
4381,963.31
4382,987.62
4383,974.73
4384,944.07
4385,929.07
4386,949.06
4387,986.5
4388,998.2
4389,957.05
4390,878.29
4391,800.2
4392,710.83
4393,710.83
4394,710.84
4395,710.85
4396,710.9
4397,711.15
4398,712.15
4399,715.44
4400,724.45
4401,744.88
4402,782.9
4403,839.99
4404,906.82
4405,962.97
4406,987.27
4407,974.38
4408,943.73
4409,928.74
4410,948.72
4411,986.15
4412,997.84
4413,956.71
4414,877.98
4415,799.91
4416,710.56
4417,710.56
4418,710.56
4419,710.57
4420,710.63
4421,710.88
4422,711.88
4423,715.17
4424,724.17
4425,744.59
4426,782.6
4427,839.67
4428,906.48
4429,962.6
4430,986.89
4431,974.01
4432,943.37
4433,928.38
4434,948.36
4435,985.77
4436,997.46
4437,956.35
4438,877.64
4439,799.61
4440,710.27
4441,710.27
4442,710.27
4443,710.28
4444,710.33
4445,710.59
4446,711.58
4447,714.87
4448,723.87
4449,744.28
4450,782.28
4451,839.32
4452,906.1
4453,962.2
4454,986.48
4455,973.6
4456,942.98
4457,927.99
4458,947.97
4459,985.36
4460,997.05
4461,955.95
4462,877.28
4463,799.27
4464,709.95
4465,709.95
4466,709.95
4467,709.96
4468,710.01
4469,710.27
4470,711.27
4471,714.55
4472,723.54
4473,743.95
4474,781.93
4475,838.94
4476,905.69
4477,961.77
4478,986.04
4479,973.17
4480,942.56
4481,927.58
4482,947.54
4483,984.92
4484,996.6
4485,955.52
4486,876.88
4487,798.92
4488,709.61
4489,709.61
4490,709.61
4491,709.62
4492,709.67
4493,709.93
4494,710.93
4495,714.21
4496,723.2
4497,743.59
4498,781.55
4499,838.54
4500,905.26
4501,961.31
4502,985.57
4503,972.71
4504,942.11
4505,927.14
4506,947.09
4507,984.45
4508,996.12
4509,955.06
4510,876.47
4511,798.53
4512,709.25
4513,709.25
4514,709.25
4515,709.26
4516,709.31
4517,709.57
4518,710.57
4519,713.84
4520,722.83
4521,743.21
4522,781.16
4523,838.11
4524,904.8
4525,960.82
4526,985.07
4527,972.21
4528,941.63
4529,926.67
4530,946.61
4531,983.95
4532,995.62
4533,954.58
4534,876.02
4535,798.13
4536,708.87
4537,708.87
4538,708.87
4539,708.88
4540,708.93
4541,709.18
4542,710.18
4543,713.46
4544,722.44
4545,742.81
4546,780.73
4547,837.66
4548,904.31
4549,960.3
4550,984.53
4551,971.69
4552,941.12
4553,926.17
4554,946.1
4555,983.42
4556,995.08
4557,954.06
4558,875.55
4559,797.7
4560,708.46
4561,708.46
4562,708.46
4563,708.47
4564,708.53
4565,708.78
4566,709.78
4567,713.05
4568,722.03
4569,742.39
4570,780.29
4571,837.19
4572,903.8
4573,959.76
4574,983.97
4575,971.13
4576,940.58
4577,925.64
4578,945.56
4579,982.86
4580,994.51
4581,953.52
4582,875.05
4583,797.24
4584,708.04
4585,708.04
4586,708.04
4587,708.05
4588,708.1
4589,708.35
4590,709.35
4591,712.62
4592,721.59
4593,741.94
4594,779.82
4595,836.68
4596,903.25
4597,959.18
4598,983.38
4599,970.55
4600,940.02
4601,925.08
4602,944.99
4603,982.27
4604,993.92
4605,952.95
4606,874.52
4607,796.76
4608,707.59
4609,707.59
4610,707.59
4611,707.6
4612,707.65
4613,707.91
4614,708.9
4615,712.18
4616,721.14
4617,741.48
4618,779.33
4619,836.15
4620,902.68
4621,958.57
4622,982.76
4623,969.94
4624,939.42
4625,924.5
4626,944.39
4627,981.65
4628,993.29
4629,952.35
4630,873.97
4631,796.26
4632,707.12
4633,707.12
4634,707.12
4635,707.13
4636,707.19
4637,707.44
4638,708.43
4639,711.7
4640,720.66
4641,740.99
4642,778.81
4643,835.6
4644,902.09
4645,957.94
4646,982.11
4647,969.29
4648,938.8
4649,923.89
4650,943.77
4651,981.0
4652,992.63
4653,951.72
4654,873.39
4655,795.74
4656,706.63
4657,706.63
4658,706.63
4659,706.64
4660,706.7
4661,706.95
4662,707.94
4663,711.21
4664,720.16
4665,740.47
4666,778.27
4667,835.02
4668,901.46
4669,957.28
4670,981.43
4671,968.62
4672,938.15
4673,923.25
4674,943.12
4675,980.32
4676,991.94
4677,951.06
4678,872.79
4679,795.18
4680,706.12
4681,706.12
4682,706.12
4683,706.13
4684,706.19
4685,706.44
4686,707.43
4687,710.7
4688,719.64
4689,739.94
4690,777.71
4691,834.42
4692,900.81
4693,956.59
4694,980.72
4695,967.93
4696,937.48
4697,922.58
4698,942.44
4699,979.61
4700,991.23
4701,950.37
4702,872.16
4703,794.61
4704,705.59
4705,705.59
4706,705.59
4707,705.6
4708,705.66
4709,705.91
4710,706.9
4711,710.16
4712,719.1
4713,739.38
4714,777.13
4715,833.79
4716,900.14
4717,955.87
4718,979.99
4719,967.2
4720,936.77
4721,921.89
4722,941.73
4723,978.88
4724,990.48
4725,949.66
4726,871.5
4727,794.01
4728,705.04
4729,705.04
4730,705.04
4731,705.05
4732,705.11
4733,705.36
4734,706.35
4735,709.61
4736,718.54
4737,738.8
4738,776.52
4739,833.14
4740,899.43
4741,955.12
4742,979.22
4743,966.44
4744,936.04
4745,921.17
4746,940.99
4747,978.11
4748,989.71
4749,948.92
4750,870.82
4751,793.39
4752,704.47
4753,704.47
4754,704.47
4755,704.48
4756,704.53
4757,704.79
4758,705.78
4759,709.03
4760,717.96
4761,738.21
4762,775.89
4763,832.47
4764,898.7
4765,954.35
4766,978.43
4767,965.66
4768,935.28
4769,920.42
4770,940.23
4771,977.32
4772,988.91
4773,948.15
4774,870.12
4775,792.75
4776,703.88
4777,703.88
4778,703.88
4779,703.89
4780,703.94
4781,704.19
4782,705.18
4783,708.44
4784,717.35
4785,737.59
4786,775.24
4787,831.77
4788,897.95
4789,953.54
4790,977.61
4791,964.85
4792,934.5
4793,919.65
4794,939.44
4795,976.5
4796,988.08
4797,947.35
4798,869.38
4799,792.08
4800,703.26
4801,703.26
4802,703.27
4803,703.28
4804,703.33
4805,703.58
4806,704.57
4807,707.82
4808,716.73
4809,736.94
4810,774.56
4811,831.04
4812,897.17
4813,952.72
4814,976.76
4815,964.01
4816,933.68
4817,918.85
4818,938.62
4819,975.65
4820,987.22
4821,946.53
4822,868.63
4823,791.4
4824,702.63
4825,702.63
4826,702.63
4827,702.64
4828,702.7
4829,702.95
4830,703.94
4831,707.19
4832,716.09
4833,736.28
4834,773.87
4835,830.3
4836,896.36
4837,951.86
4838,975.88
4839,963.14
4840,932.84
4841,918.02
4842,937.78
4843,974.77
4844,986.33
4845,945.68
4846,867.85
4847,790.68
4848,701.98
4849,701.98
4850,701.98
4851,701.99
4852,702.05
4853,702.3
4854,703.28
4855,706.53
4856,715.42
4857,735.6
4858,773.15
4859,829.53
4860,895.53
4861,950.98
4862,974.97
4863,962.25
4864,931.98
4865,917.17
4866,936.91
4867,973.87
4868,985.42
4869,944.8
4870,867.04
4871,789.95
4872,701.31
4873,701.31
4874,701.31
4875,701.32
4876,701.37
4877,701.63
4878,702.61
4879,705.86
4880,714.74
4881,734.9
4882,772.41
4883,828.73
4884,894.67
4885,950.07
4886,974.04
4887,961.33
4888,931.09
4889,916.29
4890,936.01
4891,972.94
4892,984.47
4893,943.9
4894,866.21
4895,789.2
4896,700.62
4897,700.62
4898,700.62
4899,700.63
4900,700.68
4901,700.94
4902,701.92
4903,705.16
4904,714.04
4905,734.17
4906,771.65
4907,827.92
4908,893.79
4909,949.13
4910,973.08
4911,960.38
4912,930.17
4913,915.39
4914,935.09
4915,971.98
4916,983.5
4917,942.97
4918,865.36
4919,788.42
4920,699.91
4921,699.91
4922,699.91
4923,699.92
4924,699.97
4925,700.23
4926,701.21
4927,704.45
4928,713.31
4929,733.43
4930,770.87
4931,827.08
4932,892.89
4933,948.17
4934,972.1
4935,959.41
4936,929.23
4937,914.46
4938,934.15
4939,970.99
4940,982.51
4941,942.01
4942,864.49
4943,787.62
4944,699.18
4945,699.18
4946,699.18
4947,699.19
4948,699.25
4949,699.5
4950,700.48
4951,703.71
4952,712.57
4953,732.67
4954,770.07
4955,826.22
4956,891.96
4957,947.18
4958,971.08
4959,958.41
4960,928.26
4961,913.51
4962,933.17
4963,969.98
4964,981.49
4965,941.03
4966,863.59
4967,786.8
4968,698.43
4969,698.43
4970,698.44
4971,698.45
4972,698.5
4973,698.75
4974,699.73
4975,702.96
4976,711.81
4977,731.88
4978,769.25
4979,825.34
4980,891.01
4981,946.17
4982,970.05
4983,957.39
4984,927.27
4985,912.54
4986,932.18
4987,968.95
4988,980.44
4989,940.03
4990,862.66
4991,785.96
4992,697.67
4993,697.67
4994,697.67
4995,697.68
4996,697.73
4997,697.98
4998,698.96
4999,702.19
5000,711.03
5001,731.08
5002,768.4
5003,824.43
5004,890.03
5005,945.14
5006,968.98
5007,956.34
5008,926.25
5009,911.54
5010,931.15
5011,967.88
5012,979.36
5013,938.99
5014,861.72
5015,785.1
5016,696.89
5017,696.89
5018,696.89
5019,696.9
5020,696.95
5021,697.2
5022,698.18
5023,701.4
5024,710.23
5025,730.26
5026,767.54
5027,823.51
5028,889.03
5029,944.07
5030,967.9
5031,955.26
5032,925.21
5033,910.51
5034,930.11
5035,966.8
5036,978.26
5037,937.94
5038,860.75
5039,784.22
5040,696.08
5041,696.08
5042,696.08
5043,696.09
5044,696.15
5045,696.4
5046,697.38
5047,700.59
5048,709.41
5049,729.42
5050,766.66
5051,822.56
5052,888.01
5053,942.99
5054,966.78
5055,954.16
5056,924.15
5057,909.46
5058,929.04
5059,965.68
5060,977.14
5061,936.86
5062,859.76
5063,783.31
5064,695.26
5065,695.26
5066,695.27
5067,695.27
5068,695.33
5069,695.58
5070,696.55
5071,699.77
5072,708.58
5073,728.56
5074,765.75
5075,821.59
5076,886.96
5077,941.88
5078,965.64
5079,953.04
5080,923.06
5081,908.39
5082,927.94
5083,964.55
5084,975.99
5085,935.76
5086,858.75
5087,782.39
5088,694.43
5089,694.43
5090,694.43
5091,694.44
5092,694.49
5093,694.74
5094,695.72
5095,698.93
5096,707.72
5097,727.68
5098,764.83
5099,820.6
5100,885.89
5101,940.74
5102,964.48
5103,951.89
5104,921.95
5105,907.3
5106,926.83
5107,963.39
5108,974.81
5109,934.63
5110,857.71
5111,781.45
5112,693.57
5113,693.57
5114,693.57
5115,693.58
5116,693.64
5117,693.88
5118,694.86
5119,698.07
5120,706.85
5121,726.79
5122,763.89
5123,819.59
5124,884.8
5125,939.59
5126,963.29
5127,950.72
5128,920.81
5129,906.18
5130,925.69
5131,962.2
5132,973.61
5133,933.48
5134,856.66
5135,780.49
5136,692.7
5137,692.7
5138,692.7
5139,692.71
5140,692.76
5141,693.01
5142,693.99
5143,697.19
5144,705.97
5145,725.87
5146,762.93
5147,818.56
5148,883.69
5149,938.41
5150,962.08
5151,949.53
5152,919.66
5153,905.05
5154,924.52
5155,960.99
5156,972.39
5157,932.31
5158,855.58
5159,779.51
5160,691.81
5161,691.81
5162,691.81
5163,691.82
5164,691.88
5165,692.12
5166,693.1
5167,696.3
5168,705.06
5169,724.94
5170,761.95
5171,817.51
5172,882.56
5173,937.2
5174,960.85
5175,948.31
5176,918.48
5177,903.89
5178,923.34
5179,959.76
5180,971.14
5181,931.11
5182,854.48
5183,778.51
5184,690.91
5185,690.91
5186,690.91
5187,690.92
5188,690.97
5189,691.22
5190,692.19
5191,695.39
5192,704.14
5193,724.0
5194,760.96
5195,816.44
5196,881.4
5197,935.98
5198,959.59
5199,947.07
5200,917.28
5201,902.7
5202,922.13
5203,958.51
5204,969.87
5205,929.9
5206,853.37
5207,777.49
5208,689.99
5209,689.99
5210,689.99
5211,690.0
5212,690.05
5213,690.3
5214,691.27
5215,694.46
5216,703.2
5217,723.03
5218,759.94
5219,815.35
5220,880.23
5221,934.73
5222,958.31
5223,945.81
5224,916.06
5225,901.5
5226,920.9
5227,957.23
5228,968.58
5229,928.66
5230,852.23
5231,776.45
5232,689.05
5233,689.05
5234,689.05
5235,689.06
5236,689.11
5237,689.36
5238,690.33
5239,693.52
5240,702.24
5241,722.05
5242,758.91
5243,814.25
5244,879.03
5245,933.46
5246,957.01
5247,944.52
5248,914.81
5249,900.28
5250,919.65
5251,955.93
5252,967.26
5253,927.39
5254,851.07
5255,775.4
5256,688.1
5257,688.1
5258,688.1
5259,688.11
5260,688.16
5261,688.41
5262,689.38
5263,692.56
5264,701.27
5265,721.05
5266,757.86
5267,813.12
5268,877.82
5269,932.17
5270,955.69
5271,943.22
5272,913.55
5273,899.03
5274,918.38
5275,954.61
5276,965.93
5277,926.11
5278,849.9
5279,774.33
5280,687.13
5281,687.13
5282,687.13
5283,687.14
5284,687.19
5285,687.44
5286,688.41
5287,691.58
5288,700.29
5289,720.04
5290,756.79
5291,811.98
5292,876.58
5293,930.86
5294,954.35
5295,941.89
5296,912.26
5297,897.77
5298,917.09
5299,953.26
5300,964.57
5301,924.81
5302,848.7
5303,773.24
5304,686.15
5305,686.15
5306,686.15
5307,686.16
5308,686.21
5309,686.46
5310,687.42
5311,690.59
5312,699.29
5313,719.01
5314,755.71
5315,810.82
5316,875.33
5317,929.53
5318,952.98
5319,940.54
5320,910.96
5321,896.48
5322,915.78
5323,951.9
5324,963.19
5325,923.49
5326,847.49
5327,772.13
5328,685.15
5329,685.15
5330,685.15
5331,685.16
5332,685.21
5333,685.46
5334,686.42
5335,689.59
5336,698.27
5337,717.96
5338,754.61
5339,809.64
5340,874.06
5341,928.17
5342,951.6
5343,939.18
5344,909.63
5345,895.18
5346,914.44
5347,950.52
5348,961.79
5349,922.14
5350,846.25
5351,771.01
5352,684.14
5353,684.14
5354,684.14
5355,684.15
5356,684.2
5357,684.44
5358,685.41
5359,688.57
5360,697.24
5361,716.9
5362,753.5
5363,808.44
5364,872.77
5365,926.8
5366,950.19
5367,937.79
5368,908.29
5369,893.86
5370,913.09
5371,949.11
5372,960.37
5373,920.78
5374,845.0
5375,769.87
5376,683.11
5377,683.11
5378,683.11
5379,683.12
5380,683.17
5381,683.42
5382,684.38
5383,687.54
5384,696.19
5385,715.82
5386,752.37
5387,807.23
5388,871.46
5389,925.41
5390,948.76
5391,936.38
5392,906.92
5393,892.51
5394,911.72
5395,947.69
5396,958.93
5397,919.4
5398,843.73
5399,768.71
5400,682.07
5401,682.07
5402,682.07
5403,682.08
5404,682.13
5405,682.38
5406,683.34
5407,686.49
5408,695.13
5409,714.73
5410,751.22
5411,806.0
5412,870.13
5413,924.0
5414,947.32
5415,934.95
5416,905.54
5417,891.15
5418,910.33
5419,946.24
5420,957.46
5421,918.0
5422,842.45
5423,767.54
5424,681.02
5425,681.02
5426,681.02
5427,681.03
5428,681.08
5429,681.32
5430,682.28
5431,685.43
5432,694.06
5433,713.63
5434,750.06
5435,804.75
5436,868.78
5437,922.57
5438,945.85
5439,933.51
5440,904.14
5441,889.78
5442,908.93
5443,944.78
5444,955.98
5445,916.58
5446,841.15
5447,766.36
5448,679.95
5449,679.95
5450,679.95
5451,679.96
5452,680.01
5453,680.25
5454,681.21
5455,684.35
5456,692.97
5457,712.51
5458,748.88
5459,803.49
5460,867.42
5461,921.13
5462,944.37
5463,932.05
5464,902.73
5465,888.38
5466,907.5
5467,943.3
5468,954.49
5469,915.14
5470,839.83
5471,765.16
5472,678.87
5473,678.87
5474,678.87
5475,678.88
5476,678.93
5477,679.17
5478,680.13
5479,683.27
5480,691.87
5481,711.38
5482,747.69
5483,802.21
5484,866.04
5485,919.66
5486,942.87
5487,930.57
5488,901.29
5489,886.97
5490,906.06
5491,941.8
5492,952.97
5493,913.69
5494,838.49
5495,763.94
5496,677.77
5497,677.77
5498,677.78
5499,677.78
5500,677.84
5501,678.08
5502,679.03
5503,682.17
5504,690.75
5505,710.23
5506,746.49
5507,800.92
5508,864.65
5509,918.18
5510,941.35
5511,929.07
5512,899.84
5513,885.54
5514,904.6
5515,940.28
5516,951.43
5517,912.22
5518,837.14
5519,762.71
5520,676.67
5521,676.67
5522,676.67
5523,676.68
5524,676.73
5525,676.97
5526,677.92
5527,681.05
5528,689.63
5529,709.07
5530,745.27
5531,799.62
5532,863.24
5533,916.69
5534,939.82
5535,927.55
5536,898.37
5537,884.1
5538,903.13
5539,938.75
5540,949.88
5541,910.73
5542,835.78
5543,761.47
5544,675.55
5545,675.55
5546,675.55
5547,675.56
5548,675.61
5549,675.86
5550,676.81
5551,679.93
5552,688.49
5553,707.9
5554,744.04
5555,798.3
5556,861.81
5557,915.17
5558,938.26
5559,926.02
5560,896.89
5561,882.64
5562,901.63
5563,937.2
5564,948.31
5565,909.23
5566,834.4
5567,760.21
5568,674.42
5569,674.42
5570,674.42
5571,674.43
5572,674.48
5573,674.73
5574,675.67
5575,678.79
5576,687.34
5577,706.72
5578,742.8
5579,796.96
5580,860.37
5581,913.64
5582,936.7
5583,924.47
5584,895.39
5585,881.16
5586,900.13
5587,935.63
5588,946.73
5589,907.71
5590,833.0
5591,758.94
5592,673.28
5593,673.28
5594,673.28
5595,673.29
5596,673.34
5597,673.58
5598,674.53
5599,677.64
5600,686.17
5601,705.52
5602,741.54
5603,795.61
5604,858.92
5605,912.1
5606,935.11
5607,922.91
5608,893.88
5609,879.67
5610,898.6
5611,934.05
5612,945.13
5613,906.17
5614,831.6
5615,757.65
5616,672.13
5617,672.13
5618,672.13
5619,672.14
5620,672.19
5621,672.43
5622,673.38
5623,676.49
5624,685.0
5625,704.32
5626,740.27
5627,794.25
5628,857.45
5629,910.54
5630,933.51
5631,921.33
5632,892.35
5633,878.17
5634,897.07
5635,932.45
5636,943.51
5637,904.62
5638,830.17
5639,756.36
5640,670.97
5641,670.97
5642,670.97
5643,670.98
5644,671.03
5645,671.27
5646,672.21
5647,675.32
5648,683.82
5649,703.1
5650,738.99
5651,792.88
5652,855.96
5653,908.96
5654,931.9
5655,919.74
5656,890.8
5657,876.65
5658,895.52
5659,930.84
5660,941.88
5661,903.06
5662,828.74
5663,755.05
5664,669.79
5665,669.79
5666,669.8
5667,669.81
5668,669.86
5669,670.1
5670,671.04
5671,674.14
5672,682.62
5673,701.87
5674,737.7
5675,791.49
5676,854.47
5677,907.37
5678,930.27
5679,918.13
5680,889.25
5681,875.12
5682,893.95
5683,929.21
5684,940.23
5685,901.48
5686,827.29
5687,753.73
5688,668.61
5689,668.61
5690,668.61
5691,668.62
5692,668.67
5693,668.91
5694,669.85
5695,672.95
5696,681.42
5697,700.63
5698,736.4
5699,790.1
5700,852.96
5701,905.77
5702,928.63
5703,916.51
5704,887.68
5705,873.57
5706,892.37
5707,927.57
5708,938.57
5709,899.89
5710,825.83
5711,752.4
5712,667.42
5713,667.42
5714,667.42
5715,667.43
5716,667.48
5717,667.72
5718,668.66
5719,671.75
5720,680.2
5721,699.38
5722,735.09
5723,788.69
5724,851.44
5725,904.16
5726,926.97
5727,914.87
5728,886.09
5729,872.01
5730,890.78
5731,925.92
5732,936.9
5733,898.28
5734,824.36
5735,751.06
5736,666.22
5737,666.22
5738,666.22
5739,666.23
5740,666.28
5741,666.52
5742,667.46
5743,670.54
5744,678.98
5745,698.12
5746,733.76
5747,787.27
5748,849.91
5749,902.53
5750,925.3
5751,913.23
5752,884.5
5753,870.44
5754,889.18
5755,924.25
5756,935.21
5757,896.67
5758,822.87
5759,749.71
5760,665.01
5761,665.01
5762,665.01
5763,665.02
5764,665.07
5765,665.31
5766,666.24
5767,669.32
5768,677.74
5769,696.86
5770,732.43
5771,785.84
5772,848.36
5773,900.89
5774,923.62
5775,911.57
5776,882.89
5777,868.86
5778,887.56
5779,922.57
5780,933.51
5781,895.04
5782,821.38
5783,748.34
5784,663.79
5785,663.79
5786,663.79
5787,663.8
5788,663.85
5789,664.09
5790,665.02
5791,668.09
5792,676.5
5793,695.58
5794,731.09
5795,784.4
5796,846.81
5797,899.24
5798,921.93
5799,909.9
5800,881.27
5801,867.27
5802,885.94
5803,920.88
5804,931.8
5805,893.4
5806,819.87
5807,746.97
5808,662.56
5809,662.56
5810,662.56
5811,662.57
5812,662.62
5813,662.86
5814,663.79
5815,666.86
5816,675.25
5817,694.29
5818,729.74
5819,782.95
5820,845.24
5821,897.58
5822,920.22
5823,908.21
5824,879.64
5825,865.67
5826,884.3
5827,919.18
5828,930.08
5829,891.74
5830,818.35
5831,745.59
5832,661.33
5833,661.33
5834,661.33
5835,661.34
5836,661.39
5837,661.62
5838,662.55
5839,665.61
5840,673.99
5841,693.0
5842,728.38
5843,781.49
5844,843.67
5845,895.9
5846,918.51
5847,906.52
5848,878.0
5849,864.05
5850,882.65
5851,917.47
5852,928.35
5853,890.08
5854,816.83
5855,744.2
5856,660.08
5857,660.08
5858,660.09
5859,660.09
5860,660.15
5861,660.38
5862,661.31
5863,664.36
5864,672.72
5865,691.7
5866,727.01
5867,780.02
5868,842.08
5869,894.22
5870,916.78
5871,904.82
5872,876.35
5873,862.43
5874,880.99
5875,915.74
5876,926.6
5877,888.41
5878,815.29
5879,742.8
5880,658.83
5881,658.83
5882,658.84
5883,658.84
5884,658.9
5885,659.13
5886,660.06
5887,663.1
5888,671.45
5889,690.39
5890,725.63
5891,778.54
5892,840.49
5893,892.53
5894,915.05
5895,903.11
5896,874.7
5897,860.8
5898,879.32
5899,914.01
5900,924.85
5901,886.73
5902,813.75
5903,741.4
5904,657.58
5905,657.58
5906,657.58
5907,657.59
5908,657.64
5909,657.87
5910,658.8
5911,661.84
5912,670.17
5913,689.07
5914,724.25
5915,777.06
5916,838.88
5917,890.82
5918,913.3
5919,901.38
5920,873.03
5921,859.16
5922,877.65
5923,912.27
5924,923.08
5925,885.04
5926,812.2
5927,739.98
5928,656.32
5929,656.32
5930,656.32
5931,656.33
5932,656.38
5933,656.61
5934,657.53
5935,660.57
5936,668.88
5937,687.75
5938,722.86
5939,775.56
5940,837.27
5941,889.11
5942,911.55
5943,899.65
5944,871.35
5945,857.51
5946,875.96
5947,910.51
5948,921.31
5949,883.34
5950,810.64
5951,738.56
5952,655.05
5953,655.05
5954,655.05
5955,655.06
5956,655.11
5957,655.34
5958,656.26
5959,659.29
5960,667.59
5961,686.42
5962,721.46
5963,774.06
5964,835.65
5965,887.39
5966,909.79
5967,897.91
5968,869.67
5969,855.85
5970,874.27
5971,908.75
5972,919.53
5973,881.63
5974,809.07
5975,737.13
5976,653.77
5977,653.77
5978,653.77
5979,653.78
5980,653.83
5981,654.07
5982,654.99
5983,658.01
5984,666.29
5985,685.08
5986,720.05
5987,772.56
5988,834.03
5989,885.67
5990,908.02
5991,896.17
5992,867.97
5993,854.18
5994,872.57
5995,906.99
5996,917.74
5997,879.91
5998,807.5
5999,735.7
6000,652.49
6001,652.49
6002,652.49
6003,652.5
6004,652.55
6005,652.79
6006,653.7
6007,656.72
6008,664.99
6009,683.74
6010,718.65
6011,771.05
6012,832.4
6013,883.93
6014,906.24
6015,894.41
6016,866.28
6017,852.51
6018,870.86
6019,905.21
6020,915.95
6021,878.19
6022,805.92
6023,734.26
6024,651.21
6025,651.21
6026,651.21
6027,651.22
6028,651.27
6029,651.5
6030,652.42
6031,655.43
6032,663.68
6033,682.39
6034,717.23
6035,769.53
6036,830.76
6037,882.19
6038,904.45
6039,892.65
6040,864.57
6041,850.83
6042,869.14
6043,903.43
6044,914.14
6045,876.46
6046,804.33
6047,732.82
6048,649.92
6049,649.92
6050,649.92
6051,649.93
6052,649.98
6053,650.21
6054,651.13
6055,654.13
6056,662.36
6057,681.04
6058,715.81
6059,768.01
6060,829.11
6061,880.45
6062,902.66
6063,890.88
6064,862.86
6065,849.15
6066,867.42
6067,901.64
6068,912.33
6069,874.73
6070,802.74
6071,731.36
6072,648.63
6073,648.63
6074,648.63
6075,648.64
6076,648.69
6077,648.92
6078,649.83
6079,652.83
6080,661.05
6081,679.69
6082,714.39
6083,766.48
6084,827.46
6085,878.7
6086,900.87
6087,889.11
6088,861.14
6089,847.46
6090,865.7
6091,899.85
6092,910.52
6093,872.99
6094,801.14
6095,729.91
6096,647.33
6097,647.33
6098,647.33
6099,647.34
6100,647.39
6101,647.62
6102,648.53
6103,651.52
6104,659.72
6105,678.33
6106,712.96
6107,764.95
6108,825.81
6109,876.94
6110,899.07
6111,887.33
6112,859.42
6113,845.76
6114,863.97
6115,898.05
6116,908.7
6117,871.24
6118,799.54
6119,728.45
6120,646.03
6121,646.03
6122,646.03
6123,646.04
6124,646.09
6125,646.32
6126,647.23
6127,650.22
6128,658.4
6129,676.97
6130,711.53
6131,763.41
6132,824.15
6133,875.18
6134,897.26
6135,885.55
6136,857.69
6137,844.07
6138,862.23
6139,896.24
6140,906.87
6141,869.49
6142,797.93
6143,726.99
6144,644.73
6145,644.73
6146,644.73
6147,644.74
6148,644.79
6149,645.02
6150,645.92
6151,648.9
6152,657.07
6153,675.6
6154,710.09
6155,761.87
6156,822.49
6157,873.41
6158,895.45
6159,883.77
6160,855.96
6161,842.36
6162,860.49
6163,894.44
6164,905.04
6165,867.74
6166,796.33
6167,725.52
6168,643.42
6169,643.42
6170,643.42
6171,643.43
6172,643.48
6173,643.71
6174,644.61
6175,647.59
6176,655.74
6177,674.23
6178,708.65
6179,760.33
6180,820.82
6181,871.64
6182,893.64
6183,881.98
6184,854.23
6185,840.66
6186,858.75
6187,892.62
6188,903.21
6189,865.98
6190,794.71
6191,724.05
6192,642.11
6193,642.11
6194,642.11
6195,642.12
6196,642.17
6197,642.4
6198,643.3
6199,646.27
6200,654.41
6201,672.86
6202,707.21
6203,758.78
6204,819.15
6205,869.87
6206,891.82
6207,880.18
6208,852.49
6209,838.95
6210,857.0
6211,890.81
6212,901.37
6213,864.22
6214,793.1
6215,722.58
6216,640.8
6217,640.8
6218,640.8
6219,640.81
6220,640.86
6221,641.09
6222,641.99
6223,644.96
6224,653.07
6225,671.49
6226,705.77
6227,757.23
6228,817.48
6229,868.1
6230,890.0
6231,878.39
6232,850.76
6233,837.24
6234,855.26
6235,888.99
6236,899.54
6237,862.46
6238,791.48
6239,721.11
6240,639.49
6241,639.49
6242,639.49
6243,639.5
6244,639.55
6245,639.78
6246,640.68
6247,643.64
6248,651.74
6249,670.12
6250,704.33
6251,755.68
6252,815.81
6253,866.32
6254,888.18
6255,876.59
6256,849.01
6257,835.52
6258,853.51
6259,887.17
6260,897.7
6261,860.69
6262,789.86
6263,719.63
6264,638.18
6265,638.18
6266,638.18
6267,638.19
6268,638.24
6269,638.47
6270,639.36
6271,642.32
6272,650.4
6273,668.74
6274,702.88
6275,754.13
6276,814.14
6277,864.54
6278,886.36
6279,874.79
6280,847.27
6281,833.81
6282,851.76
6283,885.35
6284,895.85
6285,858.93
6286,788.24
6287,718.15
6288,636.87
6289,636.87
6290,636.87
6291,636.88
6292,636.93
6293,637.15
6294,638.05
6295,640.99
6296,649.06
6297,667.37
6298,701.44
6299,752.58
6300,812.46
6301,862.77
6302,884.54
6303,872.99
6304,845.53
6305,832.1
6306,850.0
6307,883.53
6308,894.01
6309,857.16
6310,786.62
6311,716.68
6312,635.55
6313,635.55
6314,635.56
6315,635.56
6316,635.61
6317,635.84
6318,636.73
6319,639.67
6320,647.72
6321,665.99
6322,699.99
6323,751.03
6324,810.79
6325,860.99
6326,882.71
6327,871.19
6328,843.79
6329,830.38
6330,848.25
6331,881.71
6332,892.17
6333,855.39
6334,785.0
6335,715.2
6336,634.24
6337,634.24
6338,634.24
6339,634.25
6340,634.3
6341,634.53
6342,635.42
6343,638.35
6344,646.39
6345,664.61
6346,698.54
6347,749.48
6348,809.11
6349,859.21
6350,880.89
6351,869.39
6352,842.04
6353,828.66
6354,846.5
6355,879.89
6356,890.32
6357,853.63
6358,783.37
6359,713.72
6360,632.93
6361,632.93
6362,632.93
6363,632.94
6364,632.99
6365,633.21
6366,634.1
6367,637.03
6368,645.05
6369,663.24
6370,697.1
6371,747.93
6372,807.44
6373,857.43
6374,879.07
6375,867.59
6376,840.3
6377,826.95
6378,844.75
6379,878.07
6380,888.48
6381,851.86
6382,781.75
6383,712.24
6384,631.62
6385,631.62
6386,631.62
6387,631.63
6388,631.68
6389,631.9
6390,632.79
6391,635.71
6392,643.71
6393,661.87
6394,695.65
6395,746.38
6396,805.77
6397,855.65
6398,877.25
6399,865.8
6400,838.56
6401,825.24
6402,843.0
6403,876.25
6404,886.64
6405,850.1
6406,780.13
6407,710.77
6408,630.31
6409,630.31
6410,630.31
6411,630.32
6412,630.37
6413,630.59
6414,631.48
6415,634.39
6416,642.38
6417,660.49
6418,694.21
6419,744.83
6420,804.09
6421,853.88
6422,875.43
6423,864.0
6424,836.82
6425,823.52
6426,841.25
6427,874.43
6428,884.8
6429,848.33
6430,778.52
6431,709.3
6432,629.0
6433,629.0
6434,629.0
6435,629.01
6436,629.06
6437,629.28
6438,630.17
6439,633.08
6440,641.04
6441,659.12
6442,692.77
6443,743.28
6444,802.42
6445,852.11
6446,873.61
6447,862.21
6448,835.08
6449,821.82
6450,839.5
6451,872.62
6452,882.97
6453,846.57
6454,776.9
6455,707.82
6456,627.69
6457,627.69
6458,627.69
6459,627.7
6460,627.75
6461,627.98
6462,628.86
6463,631.76
6464,639.71
6465,657.75
6466,691.33
6467,741.74
6468,800.76
6469,850.34
6470,871.79
6471,860.42
6472,833.35
6473,820.11
6474,837.76
6475,870.81
6476,881.13
6477,844.81
6478,775.29
6479,706.35
6480,626.39
6481,626.39
6482,626.39
6483,626.4
6484,626.45
6485,626.67
6486,627.55
6487,630.45
6488,638.38
6489,656.39
6490,689.89
6491,740.2
6492,799.1
6493,848.57
6494,869.98
6495,858.63
6496,831.62
6497,818.41
6498,836.02
6499,869.0
6500,879.3
6501,843.06
6502,773.68
6503,704.89
6504,625.09
6505,625.09
6506,625.09
6507,625.1
6508,625.15
6509,625.37
6510,626.25
6511,629.14
6512,637.06
6513,655.02
6514,688.46
6515,738.66
6516,797.44
6517,846.81
6518,868.18
6519,856.85
6520,829.89
6521,816.71
6522,834.28
6523,867.19
6524,877.48
6525,841.31
6526,772.07
6527,703.42
6528,623.79
6529,623.79
6530,623.79
6531,623.8
6532,623.85
6533,624.07
6534,624.95
6535,627.83
6536,635.73
6537,653.66
6538,687.03
6539,737.13
6540,795.78
6541,845.05
6542,866.37
6543,855.07
6544,828.17
6545,815.01
6546,832.55
6547,865.39
6548,875.65
6549,839.56
6550,770.47
6551,701.96
6552,622.5
6553,622.5
6554,622.5
6555,622.51
6556,622.55
6557,622.78
6558,623.65
6559,626.53
6560,634.42
6561,652.31
6562,685.61
6563,735.6
6564,794.13
6565,843.3
6566,864.58
6567,853.29
6568,826.45
6569,813.32
6570,830.82
6571,863.6
6572,873.84
6573,837.82
6574,768.87
6575,700.51
6576,621.21
6577,621.21
6578,621.21
6579,621.22
6580,621.26
6581,621.49
6582,622.36
6583,625.23
6584,633.1
6585,650.96
6586,684.19
6587,734.08
6588,792.48
6589,841.55
6590,862.79
6591,851.53
6592,824.74
6593,811.63
6594,829.1
6595,861.81
6596,872.03
6597,836.08
6598,767.27
6599,699.05
6600,619.92
6601,619.92
6602,619.92
6603,619.93
6604,619.98
6605,620.2
6606,621.07
6607,623.94
6608,631.79
6609,649.61
6610,682.77
6611,732.56
6612,790.84
6613,839.81
6614,861.0
6615,849.76
6616,823.03
6617,809.95
6618,827.39
6619,860.02
6620,870.22
6621,834.35
6622,765.69
6623,697.61
6624,618.64
6625,618.64
6626,618.64
6627,618.65
6628,618.7
6629,618.92
6630,619.79
6631,622.65
6632,630.49
6633,648.27
6634,681.36
6635,731.04
6636,789.21
6637,838.07
6638,859.22
6639,848.01
6640,821.33
6641,808.28
6642,825.68
6643,858.25
6644,868.42
6645,832.63
6646,764.1
6647,696.17
6648,617.36
6649,617.36
6650,617.37
6651,617.37
6652,617.42
6653,617.64
6654,618.51
6655,621.36
6656,629.19
6657,646.93
6658,679.95
6659,729.54
6660,787.58
6661,836.35
6662,857.45
6663,846.26
6664,819.64
6665,806.61
6666,823.97
6667,856.48
6668,866.63
6669,830.91
6670,762.53
6671,694.73
6672,616.09
6673,616.09
6674,616.09
6675,616.1
6676,616.15
6677,616.37
6678,617.24
6679,620.09
6680,627.89
6681,645.6
6682,678.56
6683,728.03
6684,785.96
6685,834.62
6686,855.68
6687,844.52
6688,817.95
6689,804.95
6690,822.28
6691,854.71
6692,864.85
6693,829.2
6694,760.96
6695,693.3
6696,614.83
6697,614.83
6698,614.83
6699,614.84
6700,614.89
6701,615.11
6702,615.97
6703,618.81
6704,626.6
6705,644.27
6706,677.16
6707,726.54
6708,784.35
6709,832.91
6710,853.93
6711,842.78
6712,816.27
6713,803.3
6714,820.59
6715,852.96
6716,863.07
6717,827.5
6718,759.4
6719,691.88
6720,613.57
6721,613.57
6722,613.57
6723,613.58
6724,613.63
6725,613.85
6726,614.71
6727,617.55
6728,625.32
6729,642.96
6730,675.78
6731,725.05
6732,782.74
6733,831.21
6734,852.18
6735,841.06
6736,814.6
6737,801.66
6738,818.91
6739,851.21
6740,861.31
6741,825.81
6742,757.84
6743,690.46
6744,612.32
6745,612.32
6746,612.32
6747,612.33
6748,612.38
6749,612.6
6750,613.46
6751,616.29
6752,624.04
6753,641.64
6754,674.4
6755,723.57
6756,781.15
6757,829.51
6758,850.44
6759,839.34
6760,812.94
6761,800.02
6762,817.24
6763,849.48
6764,859.55
6765,824.12
6766,756.3
6767,689.05
6768,611.08
6769,611.08
6770,611.08
6771,611.09
6772,611.13
6773,611.35
6774,612.21
6775,615.04
6776,622.78
6777,640.34
6778,673.03
6779,722.1
6780,779.56
6781,827.83
6782,848.72
6783,837.64
6784,811.29
6785,798.4
6786,815.58
6787,847.75
6788,857.81
6789,822.45
6790,754.76
6791,687.65
6792,609.84
6793,609.84
6794,609.84
6795,609.85
6796,609.89
6797,610.11
6798,610.97
6799,613.79
6800,621.52
6801,639.04
6802,671.67
6803,720.64
6804,777.98
6805,826.15
6806,847.0
6807,835.94
6808,809.65
6809,796.78
6810,813.93
6811,846.04
6812,856.07
6813,820.78
6814,753.23
6815,686.26
6816,608.61
6817,608.61
6818,608.61
6819,608.62
6820,608.67
6821,608.88
6822,609.74
6823,612.55
6824,620.26
6825,637.76
6826,670.31
6827,719.19
6828,776.41
6829,824.49
6830,845.29
6831,834.26
6832,808.01
6833,795.18
6834,812.29
6835,844.33
6836,854.34
6837,819.13
6838,751.72
6839,684.88
6840,607.39
6841,607.39
6842,607.39
6843,607.4
6844,607.44
6845,607.66
6846,608.52
6847,611.32
6848,619.02
6849,636.48
6850,668.97
6851,717.75
6852,774.86
6853,822.83
6854,843.59
6855,832.58
6856,806.39
6857,793.58
6858,810.66
6859,842.64
6860,852.63
6861,817.49
6862,750.21
6863,683.5
6864,606.18
6865,606.18
6866,606.18
6867,606.19
6868,606.23
6869,606.45
6870,607.3
6871,610.1
6872,617.78
6873,635.21
6874,667.63
6875,716.31
6876,773.31
6877,821.19
6878,841.91
6879,830.92
6880,804.78
6881,792.0
6882,809.04
6883,840.95
6884,850.93
6885,815.85
6886,748.71
6887,682.14
6888,604.97
6889,604.97
6890,604.97
6891,604.98
6892,605.03
6893,605.24
6894,606.09
6895,608.89
6896,616.56
6897,633.94
6898,666.31
6899,714.89
6900,771.77
6901,819.56
6902,840.24
6903,829.27
6904,803.19
6905,790.42
6906,807.43
6907,839.28
6908,849.24
6909,814.23
6910,747.22
6911,680.78
6912,603.78
6913,603.78
6914,603.78
6915,603.79
6916,603.83
6917,604.05
6918,604.9
6919,607.69
6920,615.34
6921,632.69
6922,664.99
6923,713.48
6924,770.25
6925,817.94
6926,838.58
6927,827.63
6928,801.6
6929,788.86
6930,805.84
6931,837.63
6932,847.56
6933,812.63
6934,745.75
6935,679.44
6936,602.59
6937,602.59
6938,602.59
6939,602.6
6940,602.65
6941,602.86
6942,603.71
6943,606.5
6944,614.13
6945,631.45
6946,663.69
6947,712.08
6948,768.74
6949,816.33
6950,836.93
6951,826.01
6952,800.03
6953,787.31
6954,804.26
6955,835.98
6956,845.9
6957,811.03
6958,744.28
6959,678.11
6960,601.42
6961,601.42
6962,601.42
6963,601.43
6964,601.47
6965,601.69
6966,602.53
6967,605.31
6968,612.93
6969,630.22
6970,662.39
6971,710.69
6972,767.24
6973,814.74
6974,835.3
6975,824.4
6976,798.47
6977,785.78
6978,802.69
6979,834.35
6980,844.25
6981,809.45
6982,742.83
6983,676.78
6984,600.25
6985,600.25
6986,600.25
6987,600.26
6988,600.31
6989,600.52
6990,601.37
6991,604.14
6992,611.75
6993,629.0
6994,661.11
6995,709.31
6996,765.75
6997,813.16
6998,833.68
6999,822.8
7000,796.92
7001,784.26
7002,801.13
7003,832.74
7004,842.61
7005,807.88
7006,741.39
7007,675.47
7008,599.1
7009,599.1
7010,599.1
7011,599.11
7012,599.15
7013,599.37
7014,600.21
7015,602.98
7016,610.57
7017,627.79
7018,659.84
7019,707.95
7020,764.28
7021,811.6
7022,832.08
7023,821.22
7024,795.39
7025,782.75
7026,799.59
7027,831.14
7028,840.99
7029,806.33
7030,739.97
7031,674.17
7032,597.95
7033,597.95
7034,597.96
7035,597.96
7036,598.01
7037,598.22
7038,599.06
7039,601.83
7040,609.4
7041,626.59
7042,658.58
7043,706.6
7044,762.82
7045,810.05
7046,830.49
7047,819.65
7048,793.87
7049,781.25
7050,798.07
7051,829.55
7052,839.39
7053,804.79
7054,738.56
7055,672.89
7056,596.82
7057,596.82
7058,596.82
7059,596.83
7060,596.88
7061,597.09
7062,597.93
7063,600.69
7064,608.25
7065,625.4
7066,657.33
7067,705.26
7068,761.38
7069,808.52
7070,828.92
7071,818.1
7072,792.37
7073,779.78
7074,796.56
7075,827.98
7076,837.8
7077,803.26
7078,737.16
7079,671.61
7080,595.7
7081,595.7
7082,595.7
7083,595.71
7084,595.76
7085,595.97
7086,596.81
7087,599.56
7088,607.11
7089,624.23
7090,656.1
7091,703.94
7092,759.95
7093,807.0
7094,827.36
7095,816.57
7096,790.88
7097,778.31
7098,795.06
7099,826.42
7100,836.22
7101,801.76
7102,735.77
7103,670.35
7104,594.59
7105,594.59
7106,594.59
7107,594.6
7108,594.65
7109,594.86
7110,595.7
7111,598.45
7112,605.98
7113,623.07
7114,654.88
7115,702.63
7116,758.53
7117,805.5
7118,825.82
7119,815.05
7120,789.41
7121,776.86
7122,793.58
7123,824.89
7124,834.67
7125,800.26
7126,734.4
7127,669.11
7128,593.5
7129,593.5
7130,593.5
7131,593.51
7132,593.55
7133,593.76
7134,594.6
7135,597.34
7136,604.86
7137,621.92
7138,653.67
7139,701.33
7140,757.13
7141,804.01
7142,824.3
7143,813.54
7144,787.95
7145,775.43
7146,792.12
7147,823.37
7148,833.13
7149,798.79
7150,733.05
7151,667.87
7152,592.41
7153,592.41
7154,592.41
7155,592.42
7156,592.47
7157,592.68
7158,593.51
7159,596.25
7160,603.76
7161,620.78
7162,652.47
7163,700.05
7164,755.75
7165,802.54
7166,822.8
7167,812.06
7168,786.51
7169,774.01
7170,790.67
7171,821.86
7172,831.61
7173,797.33
7174,731.71
7175,666.65
7176,591.34
7177,591.34
7178,591.34
7179,591.35
7180,591.4
7181,591.61
7182,592.44
7183,595.18
7184,602.67
7185,619.66
7186,651.3
7187,698.79
7188,754.39
7189,801.09
7190,821.31
7191,810.59
7192,785.09
7193,772.62
7194,789.24
7195,820.38
7196,830.11
7197,795.89
7198,730.39
7199,665.45
7200,590.28
7201,590.29
7202,590.29
7203,590.29
7204,590.34
7205,590.55
7206,591.38
7207,594.11
7208,601.59
7209,618.55
7210,650.13
7211,697.54
7212,753.04
7213,799.66
7214,819.84
7215,809.14
7216,783.69
7217,771.23
7218,787.83
7219,818.91
7220,828.62
7221,794.47
7222,729.08
7223,664.26
7224,589.24
7225,589.24
7226,589.24
7227,589.25
7228,589.3
7229,589.51
7230,590.34
7231,593.06
7232,600.52
7233,617.46
7234,648.98
7235,696.3
7236,751.71
7237,798.25
7238,818.39
7239,807.71
7240,782.3
7241,769.87
7242,786.44
7243,817.46
7244,827.16
7245,793.06
7246,727.79
7247,663.08
7248,588.21
7249,588.21
7250,588.21
7251,588.22
7252,588.27
7253,588.48
7254,589.3
7255,592.02
7256,599.47
7257,616.38
7258,647.85
7259,695.09
7260,750.39
7261,796.85
7262,816.96
7263,806.3
7264,780.93
7265,768.52
7266,785.06
7267,816.03
7268,825.71
7269,791.67
7270,726.52
7271,661.92
7272,587.19
7273,587.19
7274,587.2
7275,587.2
7276,587.25
7277,587.46
7278,588.29
7279,591.0
7280,598.44
7281,615.32
7282,646.73
7283,693.88
7284,749.09
7285,795.48
7286,815.55
7287,804.9
7288,779.58
7289,767.2
7290,783.71
7291,814.62
7292,824.28
7293,790.31
7294,725.27
7295,660.78
7296,586.19
7297,586.19
7298,586.19
7299,586.2
7300,586.25
7301,586.46
7302,587.28
7303,589.99
7304,597.42
7305,614.27
7306,645.62
7307,692.7
7308,747.82
7309,794.12
7310,814.16
7311,803.53
7312,778.25
7313,765.89
7314,782.37
7315,813.23
7316,822.88
7317,788.96
7318,724.03
7319,659.65
7320,585.21
7321,585.21
7322,585.21
7323,585.22
7324,585.26
7325,585.47
7326,586.29
7327,589.0
7328,596.41
7329,613.23
7330,644.54
7331,691.54
7332,746.56
7333,792.78
7334,812.79
7335,802.18
7336,776.94
7337,764.6
7338,781.05
7339,811.86
7340,821.49
7341,787.63
7342,722.81
7343,658.54
7344,584.23
7345,584.23
7346,584.24
7347,584.24
7348,584.29
7349,584.5
7350,585.32
7351,588.02
7352,595.42
7353,612.21
7354,643.47
7355,690.39
7356,745.32
7357,791.47
7358,811.44
7359,800.85
7360,775.65
7361,763.33
7362,779.76
7363,810.52
7364,820.13
7365,786.32
7366,721.61
7367,657.45
7368,583.28
7369,583.28
7370,583.28
7371,583.29
7372,583.33
7373,583.54
7374,584.36
7375,587.06
7376,594.45
7377,611.21
7378,642.41
7379,689.26
7380,744.1
7381,790.17
7382,810.11
7383,799.54
7384,774.38
7385,762.08
7386,778.48
7387,809.19
7388,818.79
7389,785.04
7390,720.43
7391,656.37
7392,582.34
7393,582.34
7394,582.34
7395,582.35
7396,582.39
7397,582.6
7398,583.42
7399,586.11
7400,593.49
7401,610.23
7402,641.38
7403,688.15
7404,742.9
7405,788.9
7406,808.8
7407,798.25
7408,773.13
7409,760.85
7410,777.23
7411,807.88
7412,817.46
7413,783.77
7414,719.27
7415,655.31
7416,581.41
7417,581.41
7418,581.41
7419,581.42
7420,581.47
7421,581.67
7422,582.49
7423,585.18
7424,592.55
7425,609.26
7426,640.36
7427,687.05
7428,741.72
7429,787.64
7430,807.52
7431,796.98
7432,771.91
7433,759.64
7434,775.99
7435,806.6
7436,816.17
7437,782.52
7438,718.12
7439,654.27
7440,580.5
7441,580.5
7442,580.51
7443,580.51
7444,580.56
7445,580.77
7446,581.58
7447,584.27
7448,591.62
7449,608.3
7450,639.36
7451,685.98
7452,740.56
7453,786.41
7454,806.25
7455,795.73
7456,770.7
7457,758.45
7458,774.78
7459,805.34
7460,814.89
7461,781.3
7462,717.0
7463,653.25
7464,579.61
7465,579.61
7466,579.61
7467,579.62
7468,579.67
7469,579.87
7470,580.69
7471,583.37
7472,590.71
7473,607.37
7474,638.38
7475,684.92
7476,739.42
7477,785.2
7478,805.02
7479,794.51
7480,769.52
7481,757.29
7482,773.59
7483,804.1
7484,813.64
7485,780.1
7486,715.9
7487,652.25
7488,578.74
7489,578.74
7490,578.74
7491,578.75
7492,578.79
7493,579.0
7494,579.81
7495,582.49
7496,589.82
7497,606.45
7498,637.41
7499,683.89
7500,738.3
7501,784.02
7502,803.8
7503,793.31
7504,768.35
7505,756.14
7506,772.42
7507,802.89
7508,812.41
7509,778.92
7510,714.82
7511,651.26
7512,577.88
7513,577.88
7514,577.88
7515,577.89
7516,577.93
7517,578.14
7518,578.95
7519,581.62
7520,588.94
7521,605.55
7522,636.47
7523,682.87
7524,737.21
7525,782.85
7526,802.61
7527,792.13
7528,767.21
7529,755.02
7530,771.27
7531,801.7
7532,811.2
7533,777.77
7534,713.76
7535,650.29
7536,577.04
7537,577.04
7538,577.04
7539,577.05
7540,577.09
7541,577.3
7542,578.11
7543,580.78
7544,588.09
7545,604.67
7546,635.54
7547,681.88
7548,736.13
7549,781.71
7550,801.44
7551,790.98
7552,766.1
7553,753.92
7554,770.15
7555,800.53
7556,810.02
7557,776.63
7558,712.72
7559,649.35
7560,576.21
7561,576.21
7562,576.21
7563,576.22
7564,576.27
7565,576.47
7566,577.28
7567,579.95
7568,587.25
7569,603.81
7570,634.63
7571,680.91
7572,735.08
7573,780.6
7574,800.29
7575,789.85
7576,765.0
7577,752.85
7578,769.05
7579,799.39
7580,808.87
7581,775.53
7582,711.7
7583,648.42
7584,575.41
7585,575.41
7586,575.41
7587,575.41
7588,575.46
7589,575.66
7590,576.47
7591,579.13
7592,586.42
7593,602.96
7594,633.74
7595,679.95
7596,734.06
7597,779.5
7598,799.17
7599,788.74
7600,763.93
7601,751.79
7602,767.97
7603,798.27
7604,807.73
7605,774.44
7606,710.71
7607,647.51
7608,574.62
7609,574.62
7610,574.62
7611,574.63
7612,574.67
7613,574.88
7614,575.68
7615,578.34
7616,585.62
7617,602.14
7618,632.87
7619,679.02
7620,733.05
7621,778.44
7622,798.08
7623,787.66
7624,762.89
7625,750.76
7626,766.92
7627,797.17
7628,806.63
7629,773.38
7630,709.73
7631,646.63
7632,573.85
7633,573.85
7634,573.85
7635,573.86
7636,573.9
7637,574.11
7638,574.91
7639,577.57
7640,584.84
7641,601.33
7642,632.03
7643,678.11
7644,732.07
7645,777.39
7646,797.01
7647,786.61
7648,761.86
7649,749.76
7650,765.89
7651,796.1
7652,805.55
7653,772.34
7654,708.78
7655,645.76
7656,573.1
7657,573.1
7658,573.1
7659,573.1
7660,573.15
7661,573.35
7662,574.16
7663,576.81
7664,584.07
7665,600.54
7666,631.2
7667,677.22
7668,731.11
7669,776.37
7670,795.97
7671,785.58
7672,760.86
7673,748.78
7674,764.89
7675,795.06
7676,804.49
7677,771.33
7678,707.85
7679,644.91
7680,572.36
7681,572.36
7682,572.36
7683,572.37
7684,572.42
7685,572.62
7686,573.43
7687,576.07
7688,583.32
7689,599.77
7690,630.39
7691,676.36
7692,730.17
7693,775.38
7694,794.95
7695,784.57
7696,759.89
7697,747.82
7698,763.91
7699,794.04
7700,803.46
7701,770.34
7702,706.95
7703,644.09
7704,571.65
7705,571.65
7706,571.65
7707,571.66
7708,571.7
7709,571.91
7710,572.71
7711,575.35
7712,582.59
7713,599.02
7714,629.6
7715,675.51
7716,729.26
7717,774.41
7718,793.95
7719,783.59
7720,758.94
7721,746.88
7722,762.96
7723,793.05
7724,802.46
7725,769.38
7726,706.06
7727,643.28
7728,570.95
7729,570.95
7730,570.95
7731,570.96
7732,571.01
7733,571.21
7734,572.01
7735,574.65
7736,581.89
7737,598.3
7738,628.84
7739,674.69
7740,728.37
7741,773.47
7742,792.99
7743,782.64
7744,758.02
7745,745.98
7746,762.03
7747,792.09
7748,801.48
7749,768.45
7750,705.21
7751,642.5
7752,570.28
7753,570.28
7754,570.28
7755,570.29
7756,570.33
7757,570.53
7758,571.34
7759,573.97
7760,581.2
7761,597.59
7762,628.09
7763,673.89
7764,727.51
7765,772.56
7766,792.05
7767,781.71
7768,757.12
7769,745.09
7770,761.13
7771,791.15
7772,800.53
7773,767.54
7774,704.37
7775,641.74
7776,569.62
7777,569.62
7778,569.62
7779,569.63
7780,569.67
7781,569.88
7782,570.68
7783,573.31
7784,580.53
7785,596.9
7786,627.37
7787,673.12
7788,726.67
7789,771.67
7790,791.14
7791,780.81
7792,756.25
7793,744.23
7794,760.25
7795,790.24
7796,799.61
7797,766.65
7798,703.56
7799,641.0
7800,568.98
7801,568.98
7802,568.98
7803,568.99
7804,569.04
7805,569.24
7806,570.04
7807,572.67
7808,579.88
7809,596.23
7810,626.67
7811,672.36
7812,725.86
7813,770.8
7814,790.25
7815,779.94
7816,755.41
7817,743.4
7818,759.4
7819,789.36
7820,798.72
7821,765.8
7822,702.77
7823,640.29
7824,568.37
7825,568.37
7826,568.37
7827,568.38
7828,568.42
7829,568.62
7830,569.42
7831,572.05
7832,579.25
7833,595.59
7834,625.99
7835,671.64
7836,725.08
7837,769.97
7838,789.4
7839,779.1
7840,754.59
7841,742.6
7842,758.58
7843,788.5
7844,797.85
7845,764.97
7846,702.01
7847,639.59
7848,567.77
7849,567.77
7850,567.77
7851,567.78
7852,567.82
7853,568.03
7854,568.82
7855,571.45
7856,578.64
7857,594.96
7858,625.33
7859,670.93
7860,724.31
7861,769.16
7862,788.57
7863,778.28
7864,753.79
7865,741.82
7866,757.78
7867,787.67
7868,797.01
7869,764.16
7870,701.27
7871,638.92
7872,567.19
7873,567.19
7874,567.19
7875,567.2
7876,567.25
7877,567.45
7878,568.25
7879,570.87
7880,578.05
7881,594.36
7882,624.7
7883,670.25
7884,723.58
7885,768.38
7886,787.77
7887,777.49
7888,753.03
7889,741.06
7890,757.01
7891,786.87
7892,796.2
7893,763.39
7894,700.56
7895,638.27
7896,566.64
7897,566.64
7898,566.64
7899,566.65
7900,566.69
7901,566.89
7902,567.69
7903,570.31
7904,577.49
7905,593.77
7906,624.08
7907,669.59
7908,722.87
7909,767.62
7910,786.99
7911,776.72
7912,752.29
7913,740.34
7914,756.27
7915,786.1
7916,795.42
7917,762.64
7918,699.87
7919,637.65
7920,566.1
7921,566.1
7922,566.1
7923,566.11
7924,566.15
7925,566.36
7926,567.15
7927,569.77
7928,576.94
7929,593.21
7930,623.49
7931,668.96
7932,722.18
7933,766.9
7934,786.25
7935,775.99
7936,751.58
7937,739.64
7938,755.55
7939,785.36
7940,794.67
7941,761.92
7942,699.21
7943,637.04
7944,565.59
7945,565.59
7946,565.59
7947,565.59
7948,565.64
7949,565.84
7950,566.64
7951,569.25
7952,576.42
7953,592.67
7954,622.93
7955,668.35
7956,721.53
7957,766.2
7958,785.53
7959,775.28
7960,750.89
7961,738.96
7962,754.87
7963,784.64
7964,793.95
7965,761.22
7966,698.58
7967,636.46
7968,565.09
7969,565.09
7970,565.09
7971,565.1
7972,565.14
7973,565.35
7974,566.14
7975,568.75
7976,575.91
7977,592.15
7978,622.38
7979,667.77
7980,720.9
7981,765.53
7982,784.85
7983,774.61
7984,750.24
7985,738.32
7986,754.21
7987,783.96
7988,793.25
7989,760.56
7990,697.97
7991,635.91
7992,564.62
7993,564.62
7994,564.62
7995,564.63
7996,564.67
7997,564.87
7998,565.67
7999,568.28
8000,575.43
8001,591.66
8002,621.86
8003,667.21
8004,720.29
8005,764.89
8006,784.19
8007,773.96
8008,749.61
8009,737.7
8010,753.58
8011,783.3
8012,792.59
8013,759.92
8014,697.38
8015,635.37
8016,564.17
8017,564.17
8018,564.17
8019,564.17
8020,564.22
8021,564.42
8022,565.21
8023,567.82
8024,574.97
8025,591.18
8026,621.36
8027,666.67
8028,719.72
8029,764.28
8030,783.56
8031,773.34
8032,749.01
8033,737.11
8034,752.97
8035,782.67
8036,791.96
8037,759.31
8038,696.82
8039,634.87
8040,563.73
8041,563.73
8042,563.74
8043,563.74
8044,563.79
8045,563.99
8046,564.78
8047,567.39
8048,574.53
8049,590.73
8050,620.89
8051,666.16
8052,719.17
8053,763.69
8054,782.96
8055,772.75
8056,748.44
8057,736.55
8058,752.4
8059,782.08
8060,791.35
8061,758.73
8062,696.29
8063,634.38
8064,563.33
8065,563.33
8066,563.33
8067,563.33
8068,563.38
8069,563.58
8070,564.37
8071,566.98
8072,574.11
8073,590.3
8074,620.44
8075,665.68
8076,718.64
8077,763.14
8078,782.4
8079,772.18
8080,747.89
8081,736.01
8082,751.85
8083,781.51
8084,790.78
8085,758.18
8086,695.78
8087,633.92
8088,562.94
8089,562.94
8090,562.94
8091,562.95
8092,562.99
8093,563.19
8094,563.98
8095,566.59
8096,573.72
8097,589.9
8098,620.01
8099,665.22
8100,718.15
8101,762.61
8102,781.86
8103,771.65
8104,747.38
8105,735.5
8106,751.33
8107,780.97
8108,790.23
8109,757.66
8110,695.31
8111,633.48
8112,562.57
8113,562.57
8114,562.57
8115,562.58
8116,562.62
8117,562.82
8118,563.62
8119,566.22
8120,573.34
8121,589.51
8122,619.61
8123,664.79
8124,717.68
8125,762.12
8126,781.35
8127,771.15
8128,746.89
8129,735.02
8130,750.84
8131,780.46
8132,789.72
8133,757.17
8134,694.85
8135,633.07
8136,562.23
8137,562.23
8138,562.23
8139,562.24
8140,562.28
8141,562.48
8142,563.27
8143,565.87
8144,572.99
8145,589.15
8146,619.23
8147,664.38
8148,717.24
8149,761.65
8150,780.87
8151,770.68
8152,746.43
8153,734.57
8154,750.38
8155,779.98
8156,789.23
8157,756.7
8158,694.43
8159,632.68
8160,561.9
8161,561.9
8162,561.91
8163,561.91
8164,561.96
8165,562.16
8166,562.95
8167,565.55
8168,572.66
8169,588.81
8170,618.87
8171,664.0
8172,716.83
8173,761.21
8174,780.42
8175,770.24
8176,746.01
8177,734.15
8178,749.95
8179,779.54
8180,788.78
8181,756.27
8182,694.03
8183,632.32
8184,561.6
8185,561.6
8186,561.6
8187,561.61
8188,561.65
8189,561.86
8190,562.65
8191,565.24
8192,572.36
8193,588.5
8194,618.54
8195,663.64
8196,716.45
8197,760.81
8198,780.0
8199,769.82
8200,745.61
8201,733.76
8202,749.55
8203,779.12
8204,788.36
8205,755.86
8206,693.66
8207,631.98
8208,561.32
8209,561.32
8210,561.33
8211,561.33
8212,561.38
8213,561.58
8214,562.37
8215,564.96
8216,572.07
8217,588.21
8218,618.23
8219,663.31
8220,716.09
8221,760.43
8222,779.62
8223,769.44
8224,745.24
8225,733.4
8226,749.18
8227,778.73
8228,787.97
8229,755.49
8230,693.31
8231,631.67
8232,561.07
8233,561.07
8234,561.07
8235,561.08
8236,561.12
8237,561.32
8238,562.11
8239,564.7
8240,571.81
8241,587.94
8242,617.95
8243,663.01
8244,715.76
8245,760.08
8246,779.26
8247,769.09
8248,744.9
8249,733.06
8250,748.84
8251,778.38
8252,787.61
8253,755.14
8254,693.0
8255,631.38
8256,560.83
8257,560.83
8258,560.83
8259,560.84
8260,560.88
8261,561.09
8262,561.87
8263,564.47
8264,571.57
8265,587.69
8266,617.69
8267,662.73
8268,715.46
8269,759.76
8270,778.93
8271,768.77
8272,744.58
8273,732.75
8274,748.52
8275,778.05
8276,787.28
8277,754.83
8278,692.71
8279,631.11
8280,560.62
8281,560.62
8282,560.62
8283,560.63
8284,560.67
8285,560.87
8286,561.66
8287,564.25
8288,571.36
8289,587.47
8290,617.46
8291,662.48
8292,715.19
8293,759.48
8294,778.64
8295,768.48
8296,744.3
8297,732.48
8298,748.24
8299,777.76
8300,786.98
8301,754.54
8302,692.44
8303,630.88
8304,560.43
8305,560.43
8306,560.43
8307,560.44
8308,560.48
8309,560.68
8310,561.47
8311,564.06
8312,571.16
8313,587.27
8314,617.25
8315,662.26
8316,714.95
8317,759.22
8318,778.38
8319,768.22
8320,744.05
8321,732.23
8322,747.99
8323,777.49
8324,786.71
8325,754.29
8326,692.21
8327,630.66
8328,560.26
8329,560.26
8330,560.26
8331,560.27
8332,560.32
8333,560.52
8334,561.3
8335,563.89
8336,570.99
8337,587.09
8338,617.07
8339,662.06
8340,714.74
8341,758.99
8342,778.14
8343,767.99
8344,743.83
8345,732.01
8346,747.76
8347,777.26
8348,786.48
8349,754.06
8350,692.0
8351,630.47
8352,560.12
8353,560.12
8354,560.12
8355,560.13
8356,560.17
8357,560.37
8358,561.16
8359,563.75
8360,570.84
8361,586.94
8362,616.91
8363,661.89
8364,714.55
8365,758.79
8366,777.94
8367,767.79
8368,743.64
8369,731.82
8370,747.57
8371,777.06
8372,786.27
8373,753.86
8374,691.82
8375,630.31
8376,560.0
8377,560.0
8378,560.0
8379,560.0
8380,560.05
8381,560.25
8382,561.04
8383,563.63
8384,570.72
8385,586.81
8386,616.77
8387,661.74
8388,714.4
8389,758.63
8390,777.77
8391,767.62
8392,743.47
8393,731.66
8394,747.41
8395,776.89
8396,786.1
8397,753.7
8398,691.67
8399,630.17
8400,559.9
8401,559.9
8402,559.9
8403,559.9
8404,559.95
8405,560.15
8406,560.94
8407,563.52
8408,570.62
8409,586.71
8410,616.66
8411,661.63
8412,714.27
8413,758.49
8414,777.63
8415,767.48
8416,743.34
8417,731.53
8418,747.27
8419,776.75
8420,785.96
8421,753.57
8422,691.55
8423,630.06
8424,559.82
8425,559.82
8426,559.82
8427,559.83
8428,559.87
8429,560.07
8430,560.86
8431,563.45
8432,570.54
8433,586.63
8434,616.57
8435,661.53
8436,714.17
8437,758.39
8438,777.52
8439,767.38
8440,743.24
8441,731.43
8442,747.17
8443,776.64
8444,785.85
8445,753.46
8446,691.45
8447,629.97
8448,559.76
8449,559.76
8450,559.76
8451,559.77
8452,559.81
8453,560.01
8454,560.8
8455,563.39
8456,570.48
8457,586.57
8458,616.51
8459,661.47
8460,714.1
8461,758.31
8462,777.45
8463,767.3
8464,743.16
8465,731.36
8466,747.1
8467,776.57
8468,785.78
8469,753.39
8470,691.38
8471,629.91
8472,559.73
8473,559.73
8474,559.73
8475,559.74
8476,559.78
8477,559.98
8478,560.77
8479,563.36
8480,570.45
8481,586.54
8482,616.48
8483,661.43
8484,714.06
8485,758.27
8486,777.4
8487,767.26
8488,743.12
8489,731.31
8490,747.05
8491,776.52
8492,785.73
8493,753.34
8494,691.34
8495,629.87
8496,559.72
8497,559.72
8498,559.72
8499,559.73
8500,559.77
8501,559.97
8502,560.76
8503,563.35
8504,570.44
8505,586.53
8506,616.47
8507,661.42
8508,714.05
8509,758.26
8510,777.39
8511,767.24
8512,743.11
8513,731.3
8514,747.04
8515,776.51
8516,785.72
8517,753.33
8518,691.33
8519,629.86
8520,559.73
8521,559.73
8522,559.73
8523,559.74
8524,559.78
8525,559.99
8526,560.77
8527,563.36
8528,570.45
8529,586.54
8530,616.48
8531,661.43
8532,714.06
8533,758.27
8534,777.41
8535,767.26
8536,743.12
8537,731.32
8538,747.06
8539,776.52
8540,785.73
8541,753.35
8542,691.35
8543,629.88
8544,559.77
8545,559.77
8546,559.77
8547,559.78
8548,559.82
8549,560.02
8550,560.81
8551,563.4
8552,570.49
8553,586.58
8554,616.52
8555,661.48
8556,714.11
8557,758.32
8558,777.46
8559,767.31
8560,743.17
8561,731.36
8562,747.1
8563,776.57
8564,785.78
8565,753.39
8566,691.39
8567,629.92
8568,559.83
8569,559.83
8570,559.83
8571,559.84
8572,559.88
8573,560.08
8574,560.87
8575,563.45
8576,570.55
8577,586.64
8578,616.58
8579,661.54
8580,714.18
8581,758.4
8582,777.54
8583,767.39
8584,743.25
8585,731.44
8586,747.18
8587,776.65
8588,785.86
8589,753.47
8590,691.46
8591,629.98
8592,559.91
8593,559.91
8594,559.91
8595,559.92
8596,559.96
8597,560.16
8598,560.95
8599,563.54
8600,570.63
8601,586.72
8602,616.67
8603,661.64
8604,714.28
8605,758.51
8606,777.65
8607,767.5
8608,743.36
8609,731.54
8610,747.29
8611,776.77
8612,785.98
8613,753.58
8614,691.56
8615,630.07
8616,560.01
8617,560.01
8618,560.01
8619,560.02
8620,560.06
8621,560.26
8622,561.05
8623,563.64
8624,570.73
8625,586.83
8626,616.79
8627,661.76
8628,714.41
8629,758.65
8630,777.79
8631,767.64
8632,743.49
8633,731.68
8634,747.43
8635,776.91
8636,786.12
8637,753.72
8638,691.69
8639,630.19
8640,560.14
8641,560.14
8642,560.14
8643,560.14
8644,560.19
8645,560.39
8646,561.18
8647,563.77
8648,570.86
8649,586.96
8650,616.92
8651,661.91
8652,714.57
8653,758.82
8654,777.96
8655,767.81
8656,743.66
8657,731.84
8658,747.59
8659,777.08
8660,786.3
8661,753.89
8662,691.84
8663,630.33
8664,560.28
8665,560.28
8666,560.28
8667,560.29
8668,560.33
8669,560.54
8670,561.32
8671,563.91
8672,571.01
8673,587.12
8674,617.09
8675,662.08
8676,714.76
8677,759.02
8678,778.17
8679,768.01
8680,743.85
8681,732.04
8682,747.79
8683,777.29
8684,786.51
8685,754.09
8686,692.03
8687,630.5
8688,560.45
8689,560.45
8690,560.45
8691,560.46
8692,560.51
8693,560.71
8694,561.49
8695,564.09
8696,571.19
8697,587.29
8698,617.27
8699,662.28
8700,714.98
8701,759.25
8702,778.41
8703,768.25
8704,744.08
8705,732.26
8706,748.02
8707,777.52
8708,786.74
8709,754.32
8710,692.24
8711,630.69
8712,560.65
8713,560.65
8714,560.65
8715,560.66
8716,560.7
8717,560.9
8718,561.69
8719,564.28
8720,571.38
8721,587.5
8722,617.49
8723,662.51
8724,715.23
8725,759.51
8726,778.67
8727,768.51
8728,744.34
8729,732.51
8730,748.27
8731,777.79
8732,787.01
8733,754.58
8734,692.48
8735,630.9
8736,560.86
8737,560.86
8738,560.86
8739,560.87
8740,560.91
8741,561.11
8742,561.9
8743,564.5
8744,571.6
8745,587.72
8746,617.72
8747,662.77
8748,715.5
8749,759.8
8750,778.97
8751,768.81
8752,744.62
8753,732.79
8754,748.56
8755,778.09
8756,787.32
8757,754.86
8758,692.74
8759,631.15
