hour,demand_mw
0,497.52
1,497.52
2,497.55
3,497.83
4,499.45
5,506.16
6,525.27
7,561.38
8,602.8
9,621.9
10,602.8
11,561.39
12,525.37
13,506.8
14,502.67
15,510.58
16,536.83
17,591.74
18,673.55
19,753.64
20,787.74
21,753.64
22,673.55
23,591.74
24,497.75
25,497.76
26,497.79
27,498.06
28,499.68
29,506.4
30,525.52
31,561.64
32,603.09
33,622.19
34,603.09
35,561.65
36,525.62
37,507.04
38,502.91
39,510.82
40,537.08
41,592.02
42,673.86
43,753.99
44,788.11
45,753.99
46,673.86
47,592.02
48,498.01
49,498.01
50,498.04
51,498.32
52,499.94
53,506.66
54,525.79
55,561.93
56,603.4
57,622.51
58,603.4
59,561.94
60,525.89
61,507.29
62,503.17
63,511.08
64,537.36
65,592.32
66,674.21
67,754.38
68,788.51
69,754.38
70,674.21
71,592.32
72,498.28
73,498.28
74,498.32
75,498.59
76,500.21
77,506.94
78,526.08
79,562.24
80,603.73
81,622.85
82,603.73
83,562.25
84,526.18
85,507.57
86,503.44
87,511.36
88,537.65
89,592.65
90,674.58
91,754.79
92,788.95
93,754.79
94,674.58
95,592.65
96,498.58
97,498.58
98,498.61
99,498.88
100,500.51
101,507.24
102,526.39
103,562.57
104,604.08
105,623.22
106,604.09
107,562.58
108,526.48
109,507.87
110,503.74
111,511.66
112,537.97
113,593.0
114,674.98
115,755.24
116,789.41
117,755.24
118,674.98
119,593.0
120,498.89
121,498.89
122,498.92
123,499.2
124,500.82
125,507.55
126,526.72
127,562.92
128,604.46
129,623.61
130,604.46
131,562.93
132,526.82
133,508.19
134,504.05
135,511.98
136,538.31
137,593.37
138,675.4
139,755.71
140,789.91
141,755.71
142,675.4
143,593.37
144,499.22
145,499.22
146,499.26
147,499.53
148,501.16
149,507.89
150,527.07
151,563.3
152,604.87
153,624.03
154,604.87
155,563.31
156,527.17
157,508.53
158,504.39
159,512.32
160,538.67
161,593.77
162,675.85
163,756.21
164,790.43
165,756.21
166,675.85
167,593.76
168,499.57
169,499.57
170,499.61
171,499.88
172,501.51
173,508.25
174,527.44
175,563.69
176,605.29
177,624.46
178,605.29
179,563.71
180,527.54
181,508.89
182,504.75
183,512.68
184,539.05
185,594.18
186,676.32
187,756.75
188,790.99
189,756.75
190,676.32
191,594.18
192,499.94
193,499.94
194,499.98
195,500.25
196,501.88
197,508.63
198,527.83
199,564.11
200,605.74
201,624.93
202,605.74
203,564.12
204,527.93
205,509.26
206,505.12
207,513.06
208,539.45
209,594.62
210,676.83
211,757.31
212,791.57
213,757.31
214,676.83
215,594.62
216,500.33
217,500.33
218,500.37
219,500.64
220,502.27
221,509.02
222,528.24
223,564.55
224,606.21
225,625.41
226,606.21
227,564.56
228,528.34
229,509.66
230,505.51
231,513.46
232,539.87
233,595.09
234,677.35
235,757.9
236,792.19
237,757.9
238,677.35
239,595.08
240,500.74
241,500.74
242,500.77
243,501.05
244,502.68
245,509.44
246,528.67
247,565.01
248,606.71
249,625.92
250,606.71
251,565.02
252,528.77
253,510.08
254,505.92
255,513.88
256,540.31
257,595.57
258,677.9
259,758.51
260,792.84
261,758.51
262,677.9
263,595.57
264,501.17
265,501.17
266,501.2
267,501.48
268,503.11
269,509.87
270,529.12
271,565.49
272,607.22
273,626.46
274,607.22
275,565.5
276,529.22
277,510.51
278,506.36
279,514.32
280,540.77
281,596.08
282,678.48
283,759.16
284,793.51
285,759.16
286,678.48
287,596.08
288,501.61
289,501.61
290,501.65
291,501.92
292,503.55
293,510.32
294,529.59
295,565.99
296,607.76
297,627.01
298,607.76
299,566.01
300,529.69
301,510.96
302,506.81
303,514.78
304,541.25
305,596.61
306,679.09
307,759.83
308,794.22
309,759.83
310,679.08
311,596.61
312,502.07
313,502.08
314,502.11
315,502.39
316,504.02
317,510.8
318,530.08
319,566.52
320,608.32
321,627.59
322,608.32
323,566.53
324,530.18
325,511.44
326,507.27
327,515.25
328,541.75
329,597.16
330,679.71
331,760.54
332,794.95
333,760.54
334,679.71
335,597.16
336,502.56
337,502.56
338,502.59
339,502.87
340,504.5
341,511.29
342,530.59
343,567.06
344,608.91
345,628.19
346,608.91
347,567.07
348,530.69
349,511.93
350,507.76
351,515.75
352,542.27
353,597.73
354,680.37
355,761.27
356,795.71
357,761.27
358,680.36
359,597.73
360,503.06
361,503.06
362,503.09
363,503.37
364,505.01
365,511.79
366,531.12
367,567.63
368,609.51
369,628.82
370,609.51
371,567.64
372,531.22
373,512.44
374,508.27
375,516.26
376,542.81
377,598.33
378,681.04
379,762.02
380,796.51
381,762.02
382,681.04
383,598.32
384,503.57
385,503.58
386,503.61
387,503.89
388,505.53
389,512.32
390,531.66
391,568.21
392,610.14
393,629.47
394,610.14
395,568.22
396,531.76
397,512.96
398,508.79
399,516.79
400,543.36
401,598.94
402,681.74
403,762.81
404,797.33
405,762.81
406,681.74
407,598.94
408,504.11
409,504.11
410,504.15
411,504.42
412,506.06
413,512.87
414,532.23
415,568.81
416,610.79
417,630.14
418,610.79
419,568.83
420,532.33
421,513.51
422,509.33
423,517.34
424,543.94
425,599.58
426,682.47
427,763.62
428,798.17
429,763.62
430,682.47
431,599.58
432,504.66
433,504.67
434,504.7
435,504.98
436,506.62
437,513.43
438,532.81
439,569.44
440,611.46
441,630.83
442,611.46
443,569.45
444,532.91
445,514.07
446,509.89
447,517.91
448,544.54
449,600.24
450,683.22
451,764.46
452,799.05
453,764.46
454,683.22
455,600.24
456,505.23
457,505.24
458,505.27
459,505.55
460,507.19
461,514.01
462,533.42
463,570.08
464,612.15
465,631.54
466,612.15
467,570.1
468,533.52
469,514.66
470,510.47
471,518.5
472,545.16
473,600.92
474,683.99
475,765.32
476,799.95
477,765.32
478,683.99
479,600.92
480,505.82
481,505.83
482,505.86
483,506.14
484,507.78
485,514.61
486,534.04
487,570.75
488,612.87
489,632.28
490,612.87
491,570.76
492,534.14
493,515.26
494,511.06
495,519.1
496,545.79
497,601.62
498,684.79
499,766.22
500,800.89
501,766.22
502,684.79
503,601.62
504,506.43
505,506.43
506,506.46
507,506.74
508,508.39
509,515.23
510,534.68
511,571.43
512,613.6
513,633.04
514,613.6
515,571.44
516,534.78
517,515.87
518,511.67
519,519.72
520,546.45
521,602.34
522,685.61
523,767.13
524,801.85
525,767.13
526,685.61
527,602.34
528,507.05
529,507.05
530,507.09
531,507.37
532,509.02
533,515.86
534,535.34
535,572.13
536,614.35
537,633.81
538,614.36
539,572.15
540,535.44
541,516.51
542,512.3
543,520.36
544,547.12
545,603.08
546,686.45
547,768.08
548,802.83
549,768.08
550,686.45
551,603.08
552,507.69
553,507.69
554,507.73
555,508.01
556,509.66
557,516.51
558,536.01
559,572.86
560,615.13
561,634.61
562,615.13
563,572.87
564,536.11
565,517.16
566,512.95
567,521.02
568,547.81
569,603.84
570,687.32
571,769.05
572,803.84
573,769.05
574,687.32
575,603.84
576,508.35
577,508.35
578,508.38
579,508.66
580,510.32
581,517.18
582,536.7
583,573.6
584,615.92
585,635.43
586,615.93
587,573.61
588,536.8
589,517.83
590,513.61
591,521.69
592,548.52
593,604.62
594,688.21
595,770.04
596,804.88
597,770.04
598,688.21
599,604.62
600,509.02
601,509.02
602,509.06
603,509.34
604,510.99
605,517.86
606,537.41
607,574.35
608,616.74
609,636.28
610,616.74
611,574.37
612,537.51
613,518.51
614,514.29
615,522.38
616,549.24
617,605.42
618,689.12
619,771.06
620,805.95
621,771.06
622,689.12
623,605.42
624,509.71
625,509.71
626,509.75
627,510.02
628,511.68
629,518.56
630,538.14
631,575.13
632,617.57
633,637.14
634,617.57
635,575.14
636,538.24
637,519.21
638,514.99
639,523.09
640,549.98
641,606.24
642,690.05
643,772.1
644,807.04
645,772.1
646,690.05
647,606.24
648,510.41
649,510.42
650,510.45
651,510.73
652,512.39
653,519.28
654,538.89
655,575.93
656,618.43
657,638.02
658,618.43
659,575.94
660,538.99
661,519.93
662,515.7
663,523.81
664,550.74
665,607.08
666,691.0
667,773.17
668,808.16
669,773.17
670,691.0
671,607.08
672,511.13
673,511.14
674,511.17
675,511.45
676,513.12
677,520.01
678,539.65
679,576.74
680,619.3
681,638.92
682,619.3
683,576.75
684,539.75
685,520.67
686,516.43
687,524.55
688,551.52
689,607.94
690,691.98
691,774.26
692,809.3
693,774.26
694,691.98
695,607.93
696,511.87
697,511.87
698,511.91
699,512.19
700,513.85
701,520.76
702,540.42
703,577.57
704,620.19
705,639.84
706,620.19
707,577.58
708,540.52
709,521.42
710,517.17
711,525.31
712,552.32
713,608.81
714,692.98
715,775.38
716,810.46
717,775.38
718,692.98
719,608.81
720,512.62
721,512.63
722,512.66
723,512.94
724,514.61
725,521.53
726,541.22
727,578.42
728,621.1
729,640.78
730,621.11
731,578.43
732,541.32
733,522.18
734,517.93
735,526.08
736,553.13
737,609.71
738,693.99
739,776.52
740,811.65
741,776.52
742,693.99
743,609.7
744,513.39
745,513.39
746,513.43
747,513.71
748,515.38
749,522.31
750,542.03
751,579.29
752,622.03
753,641.74
754,622.03
755,579.3
756,542.13
757,522.96
758,518.71
759,526.87
760,553.96
761,610.62
762,695.03
763,777.68
764,812.87
765,777.68
766,695.03
767,610.62
768,514.17
769,514.17
770,514.21
771,514.49
772,516.16
773,523.1
774,542.85
775,580.17
776,622.98
777,642.71
778,622.98
779,580.18
780,542.95
781,523.76
782,519.5
783,527.67
784,554.8
785,611.55
786,696.09
787,778.86
788,814.1
789,778.86
790,696.09
791,611.55
792,514.97
793,514.97
794,515.0
795,515.29
796,516.96
797,523.91
798,543.69
799,581.07
800,623.95
801,643.71
802,623.95
803,581.08
804,543.8
805,524.57
806,520.3
807,528.49
808,555.66
809,612.5
810,697.17
811,780.07
812,815.37
813,780.07
814,697.17
815,612.49
816,515.78
817,515.78
818,515.82
819,516.1
820,517.78
821,524.74
822,544.55
823,581.98
824,624.93
825,644.72
826,624.93
827,581.99
828,544.65
829,525.4
830,521.12
831,529.32
832,556.53
833,613.46
834,698.27
835,781.3
836,816.65
837,781.3
838,698.27
839,613.46
840,516.6
841,516.61
842,516.64
843,516.92
844,518.61
845,525.58
846,545.42
847,582.91
848,625.93
849,645.76
850,625.93
851,582.92
852,545.52
853,526.24
854,521.95
855,530.17
856,557.42
857,614.44
858,699.38
859,782.55
860,817.96
861,782.55
862,699.38
863,614.44
864,517.44
865,517.45
866,517.48
867,517.76
868,519.45
869,526.43
870,546.31
871,583.86
872,626.95
873,646.8
874,626.95
875,583.87
876,546.41
877,527.09
878,522.8
879,531.03
880,558.33
881,615.44
882,700.52
883,783.82
884,819.29
885,783.82
886,700.52
887,615.44
888,518.3
889,518.3
890,518.33
891,518.62
892,520.31
893,527.3
894,547.21
895,584.82
896,627.98
897,647.87
898,627.98
899,584.83
900,547.31
901,527.96
902,523.66
903,531.9
904,559.25
905,616.46
906,701.68
907,785.11
908,820.64
909,785.11
910,701.68
911,616.45
912,519.16
913,519.17
914,519.2
915,519.49
916,521.18
917,528.18
918,548.12
919,585.8
920,629.03
921,648.95
922,629.03
923,585.81
924,548.23
925,528.84
926,524.54
927,532.79
928,560.19
929,617.49
930,702.85
931,786.42
932,822.01
933,786.42
934,702.85
935,617.48
936,520.04
937,520.05
938,520.08
939,520.37
940,522.06
941,529.08
942,549.05
943,586.79
944,630.1
945,650.05
946,630.1
947,586.81
948,549.15
949,529.74
950,525.43
951,533.69
952,561.14
953,618.53
954,704.04
955,787.76
956,823.4
957,787.76
958,704.04
959,618.53
960,520.94
961,520.94
962,520.97
963,521.26
964,522.96
965,529.99
966,550.0
967,587.8
968,631.18
969,651.17
970,631.18
971,587.81
972,550.1
973,530.65
974,526.33
975,534.61
976,562.1
977,619.59
978,705.25
979,789.11
980,824.82
981,789.11
982,705.25
983,619.59
984,521.84
985,521.84
986,521.88
987,522.16
988,523.86
989,530.91
990,550.95
991,588.82
992,632.27
993,652.3
994,632.28
995,588.83
996,551.05
997,531.57
998,527.25
999,535.54
1000,563.08
1001,620.67
1002,706.47
1003,790.48
1004,826.25
1005,790.48
1006,706.47
1007,620.67
1008,522.76
1009,522.76
1010,522.8
1011,523.08
1012,524.79
1013,531.84
1014,551.92
1015,589.86
1016,633.39
1017,653.45
1018,633.39
1019,589.87
1020,552.02
1021,532.51
1022,528.17
1023,536.48
1024,564.07
1025,621.76
1026,707.72
1027,791.87
1028,827.7
1029,791.87
1030,707.72
1031,621.76
1032,523.69
1033,523.69
1034,523.73
1035,524.01
1036,525.72
1037,532.79
1038,552.9
1039,590.91
1040,634.51
1041,654.61
1042,634.51
1043,590.92
1044,553.0
1045,533.45
1046,529.11
1047,537.44
1048,565.07
1049,622.87
1050,708.98
1051,793.28
1052,829.18
1053,793.28
1054,708.98
1055,622.87
1056,524.63
1057,524.63
1058,524.67
1059,524.96
1060,526.67
1061,533.74
1062,553.9
1063,591.97
1064,635.65
1065,655.79
1066,635.66
1067,591.98
1068,554.0
1069,534.41
1070,530.06
1071,538.4
1072,566.09
1073,623.99
1074,710.25
1075,794.71
1076,830.67
1077,794.71
1078,710.25
1079,623.99
1080,525.59
1081,525.59
1082,525.62
1083,525.91
1084,527.62
1085,534.72
1086,554.9
1087,593.05
1088,636.81
1089,656.98
1090,636.81
1091,593.06
1092,555.01
1093,535.39
1094,531.03
1095,539.38
1096,567.12
1097,625.12
1098,711.54
1099,796.15
1100,832.18
1101,796.15
1102,711.54
1103,625.12
1104,526.55
1105,526.55
1106,526.59
1107,526.88
1108,528.59
1109,535.7
1110,555.92
1111,594.14
1112,637.98
1113,658.19
1114,637.98
1115,594.15
1116,556.03
1117,536.37
1118,532.0
1119,540.37
1120,568.16
1121,626.27
1122,712.85
1123,797.61
1124,833.7
1125,797.61
1126,712.85
1127,626.27
1128,527.53
1129,527.53
1130,527.56
1131,527.85
1132,529.57
1133,536.69
1134,556.95
1135,595.24
1136,639.16
1137,659.41
1138,639.16
1139,595.25
1140,557.06
1141,537.36
1142,532.99
1143,541.37
1144,569.21
1145,627.43
1146,714.17
1147,799.09
1148,835.25
1149,799.09
1150,714.17
1151,627.43
1152,528.51
1153,528.52
1154,528.55
1155,528.84
1156,530.56
1157,537.69
1158,558.0
1159,596.35
1160,640.36
1161,660.64
1162,640.36
1163,596.36
1164,558.1
1165,538.37
1166,533.99
1167,542.39
1168,570.27
1169,628.61
1170,715.51
1171,800.59
1172,836.81
1173,800.59
1174,715.51
1175,628.6
1176,529.51
1177,529.51
1178,529.55
1179,529.84
1180,531.56
1181,538.71
1182,559.05
1183,597.48
1184,641.57
1185,661.89
1186,641.57
1187,597.49
1188,559.15
1189,539.38
1190,534.99
1191,543.41
1192,571.35
1193,629.79
1194,716.86
1195,802.1
1196,838.39
1197,802.1
1198,716.86
1199,629.79
1200,530.52
1201,530.52
1202,530.56
1203,530.85
1204,532.57
1205,539.73
1206,560.11
1207,598.61
1208,642.79
1209,663.15
1210,642.79
1211,598.62
1212,560.22
1213,540.41
1214,536.01
1215,544.44
1216,572.44
1217,630.99
1218,718.22
1219,803.62
1220,839.99
1221,803.62
1222,718.22
1223,630.99
1224,531.54
1225,531.54
1226,531.57
1227,531.86
1228,533.6
1229,540.77
1230,561.19
1231,599.76
1232,644.02
1233,664.42
1234,644.02
1235,599.77
1236,561.29
1237,541.45
1238,537.04
1239,545.49
1240,573.54
1241,632.2
1242,719.6
1243,805.16
1244,841.6
1245,805.16
1246,719.6
1247,632.2
1248,532.56
1249,532.57
1250,532.6
1251,532.89
1252,534.63
1253,541.81
1254,562.27
1255,600.92
1256,645.26
1257,665.7
1258,645.26
1259,600.93
1260,562.37
1261,542.49
1262,538.08
1263,546.54
1264,574.64
1265,633.42
1266,720.99
1267,806.72
1268,843.22
1269,806.72
1270,720.99
1271,633.42
1272,533.6
1273,533.6
1274,533.64
1275,533.93
1276,535.67
1277,542.87
1278,563.36
1279,602.09
1280,646.52
1281,667.0
1282,646.52
1283,602.1
1284,563.47
1285,543.55
1286,539.12
1287,547.61
1288,575.76
1289,634.65
1290,722.39
1291,808.29
1292,844.86
1293,808.29
1294,722.39
1295,634.65
1296,534.64
1297,534.65
1298,534.68
1299,534.98
1300,536.72
1301,543.93
1302,564.47
1303,603.27
1304,647.79
1305,668.3
1306,647.79
1307,603.28
1308,564.57
1309,544.61
1310,540.18
1311,548.68
1312,576.89
1313,635.9
1314,723.81
1315,809.87
1316,846.52
1317,809.87
1318,723.81
1319,635.89
1320,535.7
1321,535.7
1322,535.74
1323,536.03
1324,537.77
1325,545.0
1326,565.58
1327,604.46
1328,649.06
1329,669.62
1330,649.06
1331,604.47
1332,565.68
1333,545.69
1334,541.25
1335,549.76
1336,578.03
1337,637.15
1338,725.23
1339,811.47
1340,848.19
1341,811.47
1342,725.23
1343,637.15
1344,536.76
1345,536.76
1346,536.8
1347,537.09
1348,538.84
1349,546.08
1350,566.7
1351,605.66
1352,650.35
1353,670.95
1354,650.35
1355,605.67
1356,566.81
1357,546.77
1358,542.32
1359,550.85
1360,579.17
1361,638.41
1362,726.67
1363,813.08
1364,849.87
1365,813.08
1366,726.67
1367,638.41
1368,537.83
1369,537.83
1370,537.87
1371,538.16
1372,539.91
1373,547.17
1374,567.83
1375,606.86
1376,651.65
1377,672.29
1378,651.65
1379,606.88
1380,567.94
1381,547.86
1382,543.4
1383,551.95
1384,580.33
1385,639.69
1386,728.12
1387,814.7
1388,851.56
1389,814.7
1390,728.12
1391,639.68
1392,538.91
1393,538.91
1394,538.95
1395,539.24
1396,541.0
1397,548.27
1398,568.97
1399,608.08
1400,652.95
1401,673.64
1402,652.95
1403,608.09
1404,569.08
1405,548.96
1406,544.49
1407,553.05
1408,581.49
1409,640.97
1410,729.58
1411,816.33
1412,853.27
1413,816.33
1414,729.58
1415,640.97
1416,539.99
1417,540.0
1418,540.03
1419,540.33
1420,542.09
1421,549.37
1422,570.12
1423,609.3
1424,654.27
1425,674.99
1426,654.27
1427,609.32
1428,570.22
1429,550.06
1430,545.59
1431,554.17
1432,582.66
1433,642.26
1434,731.05
1435,817.98
1436,854.99
1437,817.98
1438,731.05
1439,642.26
1440,541.09
1441,541.09
1442,541.12
1443,541.42
1444,543.18
1445,550.48
1446,571.27
1447,610.54
1448,655.59
1449,676.36
1450,655.59
1451,610.55
1452,571.37
1453,551.18
1454,546.69
1455,555.29
1456,583.84
1457,643.56
1458,732.53
1459,819.63
1460,856.72
1461,819.63
1462,732.53
1463,643.56
1464,542.19
1465,542.19
1466,542.22
1467,542.52
1468,544.29
1469,551.6
1470,572.43
1471,611.78
1472,656.92
1473,677.73
1474,656.92
1475,611.79
1476,572.54
1477,552.29
1478,547.8
1479,556.42
1480,585.03
1481,644.87
1482,734.02
1483,821.3
1484,858.46
1485,821.3
1486,734.02
1487,644.86
1488,543.29
1489,543.29
1490,543.33
1491,543.63
1492,545.4
1493,552.73
1494,573.6
1495,613.02
1496,658.26
1497,679.11
1498,658.26
1499,613.04
1500,573.7
1501,553.42
1502,548.92
1503,557.55
1504,586.22
1505,646.18
1506,735.51
1507,822.97
1508,860.21
1509,822.97
1510,735.51
1511,646.18
1512,544.4
1513,544.41
1514,544.44
1515,544.74
1516,546.51
1517,553.86
1518,574.77
1519,614.28
1520,659.61
1521,680.5
1522,659.61
1523,614.29
1524,574.88
1525,554.55
1526,550.04
1527,558.69
1528,587.42
1529,647.5
1530,737.02
1531,824.65
1532,861.97
1533,824.65
1534,737.02
1535,647.5
1536,545.52
1537,545.52
1538,545.56
1539,545.86
1540,547.63
1541,555.0
1542,575.95
1543,615.54
1544,660.96
1545,681.9
1546,660.96
1547,615.55
1548,576.06
1549,555.69
1550,551.17
1551,559.84
1552,588.62
1553,648.83
1554,738.53
1555,826.35
1556,863.74
1557,826.35
1558,738.53
1559,648.83
1560,546.64
1561,546.65
1562,546.68
1563,546.98
1564,548.76
1565,556.14
1566,577.14
1567,616.81
1568,662.32
1569,683.3
1570,662.32
1571,616.82
1572,577.24
1573,556.84
1574,552.3
1575,560.99
1576,589.84
1577,650.17
1578,740.05
1579,828.05
1580,865.52
1581,828.05
1582,740.05
1583,650.17
1584,547.77
1585,547.77
1586,547.81
1587,548.11
1588,549.89
1589,557.29
1590,578.33
1591,618.08
1592,663.69
1593,684.71
1594,663.69
1595,618.09
1596,578.43
1597,557.98
1598,553.44
1599,562.15
1600,591.05
1601,651.51
1602,741.58
1603,829.76
1604,867.3
1605,829.76
1606,741.58
1607,651.51
1608,548.9
1609,548.91
1610,548.94
1611,549.24
1612,551.03
1613,558.44
1614,579.52
1615,619.36
1616,665.06
1617,686.13
1618,665.06
1619,619.37
1620,579.63
1621,559.14
1622,554.59
1623,563.31
1624,592.28
1625,652.86
1626,743.11
1627,831.47
1628,869.1
1629,831.47
1630,743.11
1631,652.86
1632,550.04
1633,550.04
1634,550.08
1635,550.38
1636,552.17
1637,559.6
1638,580.72
1639,620.64
1640,666.44
1641,687.55
1642,666.44
1643,620.65
1644,580.83
1645,560.3
1646,555.74
1647,564.48
1648,593.5
1649,654.21
1650,744.65
1651,833.2
1652,870.9
1653,833.2
1654,744.65
1655,654.21
1656,551.18
1657,551.19
1658,551.22
1659,551.52
1660,553.32
1661,560.76
1662,581.93
1663,621.93
1664,667.82
1665,688.98
1666,667.82
1667,621.94
1668,582.04
1669,561.46
1670,556.89
1671,565.65
1672,594.73
1673,655.57
1674,746.2
1675,834.93
1676,872.7
1677,834.93
1678,746.2
1679,655.57
1680,552.33
1681,552.33
1682,552.37
1683,552.67
1684,554.47
1685,561.92
1686,583.14
1687,623.22
1688,669.21
1689,690.41
1690,669.21
1691,623.23
1692,583.25
1693,562.63
1694,558.05
1695,566.83
1696,595.97
1697,656.93
1698,747.75
1699,836.66
1700,874.52
1701,836.66
1702,747.75
1703,656.93
1704,553.48
1705,553.48
1706,553.52
1707,553.82
1708,555.62
1709,563.09
1710,584.35
1711,624.52
1712,670.6
1713,691.84
1714,670.6
1715,624.53
1716,584.46
1717,563.8
1718,559.21
1719,568.0
1720,597.21
1721,658.3
1722,749.3
1723,838.4
1724,876.34
1725,838.4
1726,749.3
1727,658.29
1728,554.63
1729,554.63
1730,554.67
1731,554.97
1732,556.78
1733,564.26
1734,585.57
1735,625.82
1736,672.0
1737,693.28
1738,672.0
1739,625.83
1740,585.67
1741,564.97
1742,560.37
1743,569.19
1744,598.45
1745,659.67
1746,750.86
1747,840.14
1748,878.16
1749,840.14
1750,750.86
1751,659.66
1752,555.78
1753,555.79
1754,555.82
1755,556.13
1756,557.94
1757,565.44
1758,586.78
1759,627.12
1760,673.4
1761,694.73
1762,673.4
1763,627.13
1764,586.89
1765,566.15
1766,561.54
1767,570.37
1768,599.7
1769,661.04
1770,752.42
1771,841.89
1772,879.99
1773,841.89
1774,752.42
1775,661.04
1776,556.94
1777,556.94
1778,556.98
1779,557.28
1780,559.1
1781,566.61
1782,588.01
1783,628.42
1784,674.8
1785,696.17
1786,674.8
1787,628.44
1788,588.12
1789,567.32
1790,562.71
1791,571.56
1792,600.95
1793,662.42
1794,753.99
1795,843.64
1796,881.82
1797,843.64
1798,753.99
1799,662.41
1800,558.1
1801,558.1
1802,558.14
1803,558.44
1804,560.26
1805,567.79
1806,589.23
1807,629.73
1808,676.2
1809,697.62
1810,676.2
1811,629.74
1812,589.34
1813,568.5
1814,563.88
1815,572.75
1816,602.2
1817,663.79
1818,755.56
1819,845.4
1820,883.65
1821,845.4
1822,755.56
1823,663.79
1824,559.26
1825,559.26
1826,559.3
1827,559.6
1828,561.43
1829,568.97
1830,590.45
1831,631.04
1832,677.61
1833,699.07
1834,677.61
1835,631.05
1836,590.56
1837,569.69
1838,565.05
1839,573.94
1840,603.45
1841,665.17
1842,757.13
1843,847.16
1844,885.49
1845,847.16
1846,757.13
1847,665.17
1848,560.42
1849,560.42
1850,560.46
1851,560.77
1852,562.59
1853,570.15
1854,591.68
1855,632.35
1856,679.02
1857,700.53
1858,679.02
1859,632.37
1860,591.79
1861,570.87
1862,566.22
1863,575.13
1864,604.7
1865,666.56
1866,758.7
1867,848.92
1868,887.33
1869,848.92
1870,758.7
1871,666.55
1872,561.58
1873,561.59
1874,561.62
1875,561.93
1876,563.76
1877,571.34
1878,592.91
1879,633.66
1880,680.43
1881,701.98
1882,680.43
1883,633.68
1884,593.02
1885,572.05
1886,567.4
1887,576.32
1888,605.96
1889,667.94
1890,760.28
1891,850.68
1892,889.17
1893,850.68
1894,760.28
1895,667.94
1896,562.75
1897,562.75
1898,562.79
1899,563.1
1900,564.93
1901,572.52
1902,594.14
1903,634.98
1904,681.84
1905,703.43
1906,681.84
1907,634.99
1908,594.25
1909,573.24
1910,568.57
1911,577.52
1912,607.21
1913,669.32
1914,761.85
1915,852.44
1916,891.02
1917,852.44
1918,761.85
1919,669.32
1920,563.91
1921,563.91
1922,563.95
1923,564.26
1924,566.1
1925,573.71
1926,595.37
1927,636.29
1928,683.25
1929,704.89
1930,683.25
1931,636.3
1932,595.48
1933,574.43
1934,569.75
1935,578.71
1936,608.47
1937,670.71
1938,763.43
1939,854.21
1940,892.86
1941,854.21
1942,763.43
1943,670.7
1944,565.07
1945,565.08
1946,565.11
1947,565.42
1948,567.26
1949,574.89
1950,596.6
1951,637.6
1952,684.66
1953,706.34
1954,684.66
1955,637.62
1956,596.71
1957,575.61
1958,570.93
1959,579.91
1960,609.72
1961,672.09
1962,765.0
1963,855.97
1964,894.7
1965,855.97
1966,765.0
1967,672.09
1968,566.24
1969,566.24
1970,566.28
1971,566.59
1972,568.43
1973,576.07
1974,597.82
1975,638.92
1976,686.07
1977,707.8
1978,686.07
1979,638.93
1980,597.94
1981,576.8
1982,572.1
1983,581.1
1984,610.98
1985,673.48
1986,766.58
1987,857.73
1988,896.54
1989,857.73
1990,766.58
1991,673.47
1992,567.4
1993,567.4
1994,567.44
1995,567.75
1996,569.6
1997,577.26
1998,599.05
1999,640.23
2000,687.48
2001,709.25
2002,687.48
2003,640.24
2004,599.16
2005,577.98
2006,573.28
2007,582.3
2008,612.24
2009,674.86
2010,768.15
2011,859.49
2012,898.39
2013,859.49
2014,768.15
2015,674.86
2016,568.56
2017,568.57
2018,568.6
2019,568.92
2020,570.77
2021,578.44
2022,600.28
2023,641.54
2024,688.88
2025,710.7
2026,688.88
2027,641.55
2028,600.39
2029,579.17
2030,574.45
2031,583.49
2032,613.49
2033,676.24
2034,769.73
2035,861.25
2036,900.23
2037,861.25
2038,769.73
2039,676.24
2040,569.72
2041,569.73
2042,569.76
2043,570.08
2044,571.93
2045,579.62
2046,601.5
2047,642.85
2048,690.29
2049,712.15
2050,690.29
2051,642.86
2052,601.62
2053,580.35
2054,575.62
2055,584.68
2056,614.74
2057,677.62
2058,771.3
2059,863.01
2060,902.06
2061,863.01
2062,771.3
2063,677.62
2064,570.88
2065,570.89
2066,570.92
2067,571.24
2068,573.1
2069,580.8
2070,602.73
2071,644.16
2072,691.69
2073,713.6
2074,691.69
2075,644.17
2076,602.84
2077,581.53
2078,576.79
2079,585.87
2080,615.99
2081,679.0
2082,772.87
2083,864.77
2084,903.9
2085,864.77
2086,772.87
2087,679.0
2088,572.04
2089,572.04
2090,572.08
2091,572.39
2092,574.26
2093,581.98
2094,603.95
2095,645.46
2096,693.09
2097,715.05
2098,693.1
2099,645.48
2100,604.06
2101,582.71
2102,577.96
2103,587.06
2104,617.24
2105,680.38
2106,774.43
2107,866.52
2108,905.73
2109,866.52
2110,774.43
2111,680.37
2112,573.19
2113,573.2
2114,573.23
2115,573.55
2116,575.42
2117,583.15
2118,605.17
2119,646.77
2120,694.49
2121,716.49
2122,694.49
2123,646.78
2124,605.28
2125,583.88
2126,579.13
2127,588.24
2128,618.49
2129,681.75
2130,776.0
2131,868.27
2132,907.56
2133,868.27
2134,776.0
2135,681.75
2136,574.35
2137,574.35
2138,574.39
2139,574.7
2140,576.57
2141,584.32
2142,606.38
2143,648.07
2144,695.89
2145,717.93
2146,695.89
2147,648.08
2148,606.5
2149,585.06
2150,580.29
2151,589.42
2152,619.73
2153,683.12
2154,777.55
2155,870.01
2156,909.38
2157,870.01
2158,777.55
2159,683.12
2160,575.49
2161,575.5
2162,575.53
2163,575.85
2164,577.72
2165,585.49
2166,607.6
2167,649.36
2168,697.28
2169,719.37
2170,697.28
2171,649.37
2172,607.71
2173,586.23
2174,581.45
2175,590.6
2176,620.97
2177,684.48
2178,779.11
2179,871.75
2180,911.2
2181,871.75
2182,779.11
2183,684.48
2184,576.64
2185,576.64
2186,576.68
2187,577.0
2188,578.87
2189,586.66
2190,608.81
2191,650.65
2192,698.67
2193,720.8
2194,698.67
2195,650.67
2196,608.92
2197,587.39
2198,582.61
2199,591.78
2200,622.2
2201,685.85
2202,780.66
2203,873.49
2204,913.01
2205,873.49
2206,780.66
2207,685.84
2208,577.78
2209,577.78
2210,577.82
2211,578.14
2212,580.02
2213,587.82
2214,610.01
2215,651.94
2216,700.05
2217,722.23
2218,700.05
2219,651.95
2220,610.12
2221,588.55
2222,583.76
2223,592.95
2224,623.43
2225,687.2
2226,782.21
2227,875.22
2228,914.82
2229,875.22
2230,782.2
2231,687.2
2232,578.92
2233,578.92
2234,578.96
2235,579.28
2236,581.16
2237,588.97
2238,611.21
2239,653.22
2240,701.43
2241,723.65
2242,701.43
2243,653.24
2244,611.32
2245,589.71
2246,584.91
2247,594.11
2248,624.66
2249,688.56
2250,783.74
2251,876.94
2252,916.62
2253,876.94
2254,783.74
2255,688.55
2256,580.05
2257,580.05
2258,580.09
2259,580.41
2260,582.3
2261,590.13
2262,612.41
2263,654.5
2264,702.8
2265,725.06
2266,702.8
2267,654.52
2268,612.52
2269,590.87
2270,586.06
2271,595.28
2272,625.88
2273,689.9
2274,785.28
2275,878.65
2276,918.41
2277,878.65
2278,785.28
2279,689.9
2280,581.18
2281,581.18
2282,581.22
2283,581.54
2284,583.43
2285,591.27
2286,613.6
2287,655.78
2288,704.17
2289,726.47
2290,704.17
2291,655.79
2292,613.71
2293,592.02
2294,587.2
2295,596.43
2296,627.1
2297,691.25
2298,786.81
2299,880.36
2300,920.2
2301,880.36
2302,786.81
2303,691.24
2304,582.3
2305,582.3
2306,582.34
2307,582.66
2308,584.56
2309,592.42
2310,614.78
2311,657.04
2312,705.53
2313,727.88
2314,705.53
2315,657.06
2316,614.9
2317,593.16
2318,588.33
2319,597.59
2320,628.31
2321,692.58
2322,788.33
2323,882.06
2324,921.98
2325,882.06
2326,788.33
2327,692.58
2328,583.42
2329,583.42
2330,583.46
2331,583.78
2332,585.68
2333,593.55
2334,615.96
2335,658.3
2336,706.88
2337,729.27
2338,706.88
2339,658.32
2340,616.08
2341,594.3
2342,589.46
2343,598.73
2344,629.52
2345,693.91
2346,789.84
2347,883.76
2348,923.75
2349,883.76
2350,789.84
2351,693.91
2352,584.53
2353,584.53
2354,584.57
2355,584.89
2356,586.8
2357,594.68
2358,617.14
2359,659.56
2360,708.23
2361,730.66
2362,708.23
2363,659.57
2364,617.25
2365,595.43
2366,590.58
2367,599.87
2368,630.72
2369,695.23
2370,791.34
2371,885.44
2372,925.51
2373,885.44
2374,791.34
2375,695.23
2376,585.64
2377,585.64
2378,585.68
2379,586.0
2380,587.91
2381,595.81
2382,618.3
2383,660.81
2384,709.57
2385,732.05
2386,709.57
2387,660.82
2388,618.42
2389,596.56
2390,591.7
2391,601.01
2392,631.91
2393,696.55
2394,792.84
2395,887.12
2396,927.26
2397,887.12
2398,792.84
2399,696.54
2400,586.74
2401,586.74
2402,586.78
2403,587.1
2404,589.01
2405,596.93
2406,619.47
2407,662.05
2408,710.9
2409,733.42
2410,710.9
2411,662.06
2412,619.58
2413,597.68
2414,592.81
2415,602.14
2416,633.1
2417,697.86
2418,794.33
2419,888.78
2420,929.0
2421,888.78
2422,794.33
2423,697.85
2424,587.83
2425,587.83
2426,587.87
2427,588.19
2428,590.11
2429,598.04
2430,620.62
2431,663.28
2432,712.22
2433,734.79
2434,712.23
2435,663.29
2436,620.73
2437,598.79
2438,593.92
2439,603.26
2440,634.28
2441,699.15
2442,795.81
2443,890.44
2444,930.73
2445,890.44
2446,795.81
2447,699.15
2448,588.91
2449,588.92
2450,588.96
2451,589.28
2452,591.2
2453,599.14
2454,621.76
2455,664.5
2456,713.54
2457,736.14
2458,713.54
2459,664.52
2460,621.88
2461,599.89
2462,595.01
2463,604.37
2464,635.45
2465,700.45
2466,797.28
2467,892.08
2468,932.45
2469,892.08
2470,797.28
2471,700.44
2472,589.99
2473,589.99
2474,590.03
2475,590.36
2476,592.28
2477,600.24
2478,622.9
2479,665.72
2480,714.85
2481,737.49
2482,714.85
2483,665.73
2484,623.02
2485,600.99
2486,596.1
2487,605.48
2488,636.61
2489,701.73
2490,798.74
2491,893.71
2492,934.15
2493,893.71
2494,798.74
2495,701.72
2496,591.06
2497,591.06
2498,591.1
2499,591.43
2500,593.35
2501,601.33
2502,624.03
2503,666.93
2504,716.14
2505,738.83
2506,716.14
2507,666.94
2508,624.15
2509,602.08
2510,597.18
2511,606.58
2512,637.77
2513,703.0
2514,800.18
2515,895.33
2516,935.85
2517,895.33
2518,800.18
2519,703.0
2520,592.12
2521,592.13
2522,592.17
2523,592.49
2524,594.42
2525,602.41
2526,625.15
2527,668.13
2528,717.43
2529,740.15
2530,717.43
2531,668.14
2532,625.27
2533,603.16
2534,598.26
2535,607.67
2536,638.91
2537,704.26
2538,801.62
2539,896.94
2540,937.53
2541,896.94
2542,801.62
2543,704.26
2544,593.18
2545,593.18
2546,593.22
2547,593.55
2548,595.48
2549,603.48
2550,626.27
2551,669.31
2552,718.71
2553,741.47
2554,718.71
2555,669.33
2556,626.38
2557,604.24
2558,599.32
2559,608.75
2560,640.05
2561,705.52
2562,803.05
2563,898.54
2564,939.2
2565,898.54
2566,803.05
2567,705.51
2568,594.22
2569,594.23
2570,594.26
2571,594.59
2572,596.53
2573,604.54
2574,627.37
2575,670.49
2576,719.97
2577,742.78
2578,719.97
2579,670.51
2580,627.49
2581,605.3
2582,600.38
2583,609.82
2584,641.18
2585,706.76
2586,804.46
2587,900.12
2588,940.85
2589,900.12
2590,804.46
2591,706.76
2592,595.26
2593,595.26
2594,595.3
2595,595.63
2596,597.57
2597,605.6
2598,628.46
2599,671.66
2600,721.23
2601,744.07
2602,721.23
2603,671.68
2604,628.58
2605,606.36
2606,601.42
2607,610.88
2608,642.29
2609,707.99
2610,805.87
2611,901.69
2612,942.49
2613,901.69
2614,805.87
2615,707.99
2616,596.29
2617,596.29
2618,596.33
2619,596.66
2620,598.6
2621,606.64
2622,629.55
2623,672.82
2624,722.47
2625,745.36
2626,722.47
2627,672.84
2628,629.66
2629,607.4
2630,602.46
2631,611.94
2632,643.4
2633,709.21
2634,807.26
2635,903.25
2636,944.12
2637,903.25
2638,807.26
2639,709.21
2640,597.3
2641,597.31
2642,597.35
2643,597.67
2644,599.62
2645,607.68
2646,630.62
2647,673.97
2648,723.7
2649,746.63
2650,723.71
2651,673.98
2652,630.74
2653,608.44
2654,603.49
2655,612.98
2656,644.5
2657,710.42
2658,808.64
2659,904.79
2660,945.73
2661,904.79
2662,808.63
2663,710.42
2664,598.31
2665,598.31
2666,598.35
2667,598.68
2668,600.63
2669,608.7
2670,631.69
2671,675.11
2672,724.93
2673,747.89
2674,724.93
2675,675.12
2676,631.8
2677,609.47
2678,604.51
2679,614.02
2680,645.59
2681,711.62
2682,810.0
2683,906.32
2684,947.33
2685,906.32
2686,810.0
2687,711.62
2688,599.31
2689,599.31
2690,599.35
2691,599.68
2692,601.63
2693,609.72
2694,632.74
2695,676.23
2696,726.13
2697,749.14
2698,726.14
2699,676.25
2700,632.86
2701,610.48
2702,605.51
2703,615.04
2704,646.66
2705,712.81
2706,811.35
2707,907.83
2708,948.9
2709,907.83
2710,811.35
2711,712.81
2712,600.3
2713,600.3
2714,600.34
2715,600.67
2716,602.62
2717,610.72
2718,633.78
2719,677.35
2720,727.33
2721,750.37
2722,727.33
2723,677.36
2724,633.9
2725,611.49
2726,606.51
2727,616.05
2728,647.73
2729,713.98
2730,812.69
2731,909.32
2732,950.47
2733,909.32
2734,812.68
2735,713.98
2736,601.27
2737,601.27
2738,601.31
2739,601.64
2740,603.6
2741,611.72
2742,634.81
2743,678.45
2744,728.51
2745,751.59
2746,728.51
2747,678.46
2748,634.93
2749,612.48
2750,607.5
2751,617.05
2752,648.78
2753,715.14
2754,814.01
2755,910.8
2756,952.01
2757,910.8
2758,814.01
2759,715.14
2760,602.24
2761,602.24
2762,602.28
2763,602.61
2764,604.57
2765,612.7
2766,635.83
2767,679.54
2768,729.68
2769,752.8
2770,729.68
2771,679.55
2772,635.95
2773,613.47
2774,608.47
2775,618.04
2776,649.82
2777,716.29
2778,815.31
2779,912.26
2780,953.54
2781,912.26
2782,815.31
2783,716.29
2784,603.19
2785,603.19
2786,603.23
2787,603.56
2788,605.53
2789,613.67
2790,636.84
2791,680.61
2792,730.84
2793,753.99
2794,730.84
2795,680.63
2796,636.96
2797,614.44
2798,609.44
2799,619.02
2800,650.85
2801,717.43
2802,816.6
2803,913.71
2804,955.05
2805,913.71
2806,816.6
2807,717.42
2808,604.13
2809,604.14
2810,604.17
2811,604.51
2812,606.47
2813,614.63
2814,637.83
2815,681.67
2816,731.98
2817,755.16
2818,731.98
2819,681.69
2820,637.95
2821,615.4
2822,610.39
2823,619.99
2824,651.87
2825,718.55
2826,817.88
2827,915.13
2828,956.54
2829,915.13
2830,817.88
2831,718.54
2832,605.06
2833,605.07
2834,605.1
2835,605.44
2836,607.41
2837,615.57
2838,638.81
2839,682.72
2840,733.11
2841,756.33
2842,733.11
2843,682.74
2844,638.93
2845,616.34
2846,611.33
2847,620.94
2848,652.87
2849,719.65
2850,819.14
2851,916.54
2852,958.01
2853,916.54
2854,819.14
2855,719.65
2856,605.98
2857,605.98
2858,606.02
2859,606.36
2860,608.33
2861,616.51
2862,639.78
2863,683.76
2864,734.22
2865,757.47
2866,734.22
2867,683.77
2868,639.9
2869,617.28
2870,612.26
2871,621.89
2872,653.86
2873,720.74
2874,820.38
2875,917.93
2876,959.47
2877,917.93
2878,820.38
2879,720.74
2880,606.89
2881,606.89
2882,606.93
2883,607.26
2884,609.24
2885,617.43
2886,640.74
2887,684.78
2888,735.31
2889,758.61
2890,735.32
2891,684.8
2892,640.86
2893,618.2
2894,613.17
2895,622.82
2896,654.84
2897,721.82
2898,821.61
2899,919.3
2900,960.9
2901,919.3
2902,821.61
2903,721.82
2904,607.78
2905,607.78
2906,607.82
2907,608.15
2908,610.13
2909,618.34
2910,641.68
2911,685.79
2912,736.4
2913,759.72
2914,736.4
2915,685.8
2916,641.8
2917,619.11
2918,614.07
2919,623.73
2920,655.8
2921,722.88
2922,822.82
2923,920.66
2924,962.32
2925,920.66
2926,822.82
2927,722.88
2928,608.66
2929,608.66
2930,608.7
2931,609.04
2932,611.02
2933,619.23
2934,642.61
2935,686.78
2936,737.46
2937,760.82
2938,737.46
2939,686.8
2940,642.73
2941,620.01
2942,614.96
2943,624.63
2944,656.75
2945,723.93
2946,824.01
2947,921.99
2948,963.71
2949,921.99
2950,824.01
2951,723.93
2952,609.52
2953,609.53
2954,609.57
2955,609.9
2956,611.89
2957,620.11
2958,643.53
2959,687.76
2960,738.51
2961,761.91
2962,738.51
2963,687.77
2964,643.64
2965,620.89
2966,615.84
2967,625.52
2968,657.69
2969,724.96
2970,825.18
2971,923.3
2972,965.08
2973,923.3
2974,825.18
2975,724.96
2976,610.38
2977,610.38
2978,610.42
2979,610.76
2980,612.74
2981,620.98
2982,644.43
2983,688.72
2984,739.55
2985,762.97
2986,739.55
2987,688.74
2988,644.55
2989,621.76
2990,616.7
2991,626.4
2992,658.61
2993,725.97
2994,826.34
2995,924.59
2996,966.43
2997,924.59
2998,826.33
2999,725.97
3000,611.22
3001,611.22
3002,611.26
3003,611.6
3004,613.59
3005,621.83
3006,645.31
3007,689.67
3008,740.56
3009,764.02
3010,740.56
3011,689.68
3012,645.43
3013,622.61
3014,617.55
3015,627.26
3016,659.51
3017,726.97
3018,827.47
3019,925.87
3020,967.76
3021,925.87
3022,827.47
3023,726.97
3024,612.04
3025,612.05
3026,612.09
3027,612.42
3028,614.41
3029,622.67
3030,646.18
3031,690.6
3032,741.56
3033,765.05
3034,741.56
3035,690.61
3036,646.3
3037,623.45
3038,618.38
3039,628.11
3040,660.4
3041,727.95
3042,828.59
3043,927.12
3044,969.07
3045,927.12
3046,828.59
3047,727.95
3048,612.85
3049,612.86
3050,612.9
3051,613.23
3052,615.23
3053,623.5
3054,647.04
3055,691.52
3056,742.55
3057,766.07
3058,742.55
3059,691.53
3060,647.16
3061,624.28
3062,619.2
3063,628.94
3064,661.28
3065,728.92
3066,829.69
3067,928.34
3068,970.35
3069,928.34
3070,829.69
3071,728.92
3072,613.65
3073,613.65
3074,613.69
3075,614.03
3076,616.03
3077,624.31
3078,647.88
3079,692.41
3080,743.51
3081,767.06
3082,743.51
3083,692.43
3084,648.0
3085,625.09
3086,620.0
3087,629.76
3088,662.14
3089,729.87
3090,830.77
3091,929.55
3092,971.61
3093,929.55
3094,830.77
3095,729.86
3096,614.43
3097,614.44
3098,614.48
3099,614.81
3100,616.81
3101,625.1
3102,648.71
3103,693.3
3104,744.46
3105,768.04
3106,744.46
3107,693.31
3108,648.83
3109,625.89
3110,620.79
3111,630.56
3112,662.98
3113,730.8
3114,831.82
3115,930.73
3116,972.85
3117,930.73
3118,831.82
3119,730.79
3120,615.2
3121,615.2
3122,615.24
3123,615.58
3124,617.58
3125,625.89
3126,649.52
3127,694.16
3128,745.39
3129,769.0
3130,745.39
3131,694.18
3132,649.64
3133,626.67
3134,621.57
3135,631.35
3136,663.81
3137,731.71
3138,832.86
3139,931.9
3140,974.06
3141,931.9
3142,832.86
3143,731.71
3144,615.95
3145,615.95
3146,615.99
3147,616.33
3148,618.34
3149,626.65
3150,650.31
3151,695.01
3152,746.3
3153,769.94
3154,746.3
3155,695.02
3156,650.43
3157,627.44
3158,622.33
3159,632.12
3160,664.62
3161,732.6
3162,833.88
3163,933.04
3164,975.25
3165,933.04
3166,833.88
3167,732.6
3168,616.69
3169,616.69
3170,616.73
3171,617.07
3172,619.08
3173,627.4
3174,651.09
3175,695.84
3176,747.19
3177,770.86
3178,747.19
3179,695.86
3180,651.21
3181,628.19
3182,623.07
3183,632.87
3184,665.42
3185,733.48
3186,834.88
3187,934.15
3188,976.42
3189,934.15
3190,834.88
3191,733.48
3192,617.41
3193,617.41
3194,617.45
3195,617.79
3196,619.8
3197,628.13
3198,651.85
3199,696.65
3200,748.06
3201,771.76
3202,748.06
3203,696.67
3204,651.97
3205,628.92
3206,623.8
3207,633.61
3208,666.19
3209,734.34
3210,835.85
3211,935.24
3212,977.56
3213,935.24
3214,835.85
3215,734.33
3216,618.11
3217,618.12
3218,618.16
3219,618.5
3220,620.51
3221,628.85
3222,652.59
3223,697.45
3224,748.92
3225,772.64
3226,748.92
3227,697.46
3228,652.71
3229,629.64
3230,624.51
3231,634.34
3232,666.95
3233,735.17
3234,836.81
3235,936.31
3236,978.68
3237,936.31
3238,836.81
3239,735.17
3240,618.8
3241,618.8
3242,618.85
3243,619.18
3244,621.2
3245,629.55
3246,653.32
3247,698.23
3248,749.75
3249,773.5
3250,749.75
3251,698.24
3252,653.44
3253,630.34
3254,625.21
3255,635.04
3256,667.7
3257,735.99
3258,837.74
3259,937.35
3260,979.77
3261,937.35
3262,837.74
3263,735.99
3264,619.47
3265,619.48
3266,619.52
3267,619.86
3268,621.87
3269,630.23
3270,654.03
3271,698.99
3272,750.57
3273,774.34
3274,750.57
3275,699.0
3276,654.15
3277,631.03
3278,625.89
3279,635.73
3280,668.42
3281,736.79
3282,838.65
3283,938.37
3284,980.83
3285,938.37
3286,838.65
3287,736.79
3288,620.13
3289,620.13
3290,620.17
3291,620.51
3292,622.53
3293,630.9
3294,654.72
3295,699.73
3296,751.36
3297,775.16
3298,751.36
3299,699.74
3300,654.84
3301,631.69
3302,626.55
3303,636.41
3304,669.13
3305,737.57
3306,839.54
3307,939.37
3308,981.87
3309,939.37
3310,839.54
3311,737.57
3312,620.77
3313,620.77
3314,620.81
3315,621.15
3316,623.18
3317,631.55
3318,655.4
3319,700.45
3320,752.14
3321,775.96
3322,752.14
3323,700.46
3324,655.52
3325,632.35
3326,627.2
3327,637.06
3328,669.82
3329,738.33
3330,840.4
3331,940.34
3332,982.89
3333,940.34
3334,840.4
3335,738.33
3336,621.39
3337,621.4
3338,621.44
3339,621.78
3340,623.8
3341,632.19
3342,656.06
3343,701.15
3344,752.89
3345,776.74
3346,752.89
3347,701.17
3348,656.18
3349,632.98
3350,627.83
3351,637.7
3352,670.49
3353,739.08
3354,841.25
3355,941.28
3356,983.87
3357,941.28
3358,841.25
3359,739.07
3360,622.0
3361,622.0
3362,622.04
3363,622.38
3364,624.41
3365,632.8
3366,656.69
3367,701.83
3368,753.63
3369,777.5
3370,753.63
3371,701.85
3372,656.82
3373,633.6
3374,628.44
3375,638.33
3376,671.15
3377,739.8
3378,842.07
3379,942.2
3380,984.83
3381,942.2
3382,842.07
3383,739.79
3384,622.59
3385,622.59
3386,622.63
3387,622.97
3388,625.0
3389,633.4
3390,657.32
3391,702.5
3392,754.34
3393,778.23
3394,754.34
3395,702.51
3396,657.44
3397,634.2
3398,629.03
3399,638.93
3400,671.78
3401,740.5
3402,842.86
3403,943.09
3404,985.76
3405,943.09
3406,842.86
3407,740.49
3408,623.16
3409,623.16
3410,623.2
3411,623.54
3412,625.57
3413,633.98
3414,657.92
3415,703.14
3416,755.03
3417,778.95
3418,755.03
3419,703.16
3420,658.04
3421,634.78
3422,629.61
3423,639.52
3424,672.4
3425,741.18
3426,843.64
3427,943.95
3428,986.67
3429,943.95
3430,843.64
3431,741.17
3432,623.71
3433,623.71
3434,623.76
3435,624.1
3436,626.13
3437,634.55
3438,658.5
3439,703.77
3440,755.7
3441,779.64
3442,755.7
3443,703.78
3444,658.63
3445,635.34
3446,630.17
3447,640.08
3448,672.99
3449,741.83
3450,844.39
3451,944.79
3452,987.54
3453,944.79
3454,844.39
3455,741.83
3456,624.25
3457,624.25
3458,624.29
3459,624.63
3460,626.67
3461,635.09
3462,659.07
3463,704.37
3464,756.35
3465,780.31
3466,756.35
3467,704.39
3468,659.19
3469,635.89
3470,630.71
3471,640.63
3472,673.57
3473,742.47
3474,845.11
3475,945.6
3476,988.39
3477,945.6
3478,845.11
3479,742.47
3480,624.77
3481,624.77
3482,624.81
3483,625.15
3484,627.19
3485,635.62
3486,659.62
3487,704.96
3488,756.98
3489,780.96
3490,756.98
3491,704.97
3492,659.74
3493,636.42
3494,631.24
3495,641.17
3496,674.13
3497,743.09
3498,845.81
3499,946.39
3500,989.21
3501,946.39
3502,845.81
3503,743.08
3504,625.27
3505,625.27
3506,625.31
3507,625.65
3508,627.69
3509,636.13
3510,660.14
3511,705.52
3512,757.58
3513,781.58
3514,757.59
3515,705.54
3516,660.27
3517,636.92
3518,631.74
3519,641.68
3520,674.67
3521,743.68
3522,846.49
3523,947.15
3524,990.0
3525,947.15
3526,846.49
3527,743.68
3528,625.75
3529,625.75
3530,625.79
3531,626.14
3532,628.17
3533,636.62
3534,660.65
3535,706.06
3536,758.17
3537,782.18
3538,758.17
3539,706.08
3540,660.78
3541,637.42
3542,632.23
3543,642.17
3544,675.19
3545,744.26
3546,847.14
3547,947.88
3548,990.77
3549,947.88
3550,847.14
3551,744.25
3552,626.21
3553,626.21
3554,626.26
3555,626.6
3556,628.64
3557,637.09
3558,661.14
3559,706.59
3560,758.73
3561,782.76
3562,758.73
3563,706.6
3564,661.27
3565,637.89
3566,632.7
3567,642.65
3568,675.69
3569,744.81
3570,847.77
3571,948.58
3572,991.5
3573,948.58
3574,847.77
3575,744.8
3576,626.66
3577,626.66
3578,626.7
3579,627.04
3580,629.09
3581,637.54
3582,661.61
3583,707.09
3584,759.27
3585,783.32
3586,759.27
3587,707.1
3588,661.74
3589,638.34
3590,633.15
3591,643.11
3592,676.17
3593,745.34
3594,848.37
3595,949.25
3596,992.21
3597,949.25
3598,848.37
3599,745.33
3600,627.08
3601,627.09
3602,627.13
3603,627.47
3604,629.51
3605,637.98
3606,662.06
3607,707.57
3608,759.79
3609,783.85
3610,759.79
3611,707.59
3612,662.19
3613,638.78
3614,633.58
3615,643.54
3616,676.63
3617,745.84
3618,848.95
3619,949.9
3620,992.88
3621,949.9
3622,848.95
3623,745.84
3624,627.49
3625,627.49
3626,627.54
3627,627.88
3628,629.92
3629,638.39
3630,662.49
3631,708.03
3632,760.28
3633,784.36
3634,760.28
3635,708.05
3636,662.62
3637,639.19
3638,633.99
3639,643.96
3640,677.07
3641,746.33
3642,849.5
3643,950.52
3644,993.53
3645,950.52
3646,849.5
3647,746.33
3648,627.88
3649,627.88
3650,627.92
3651,628.27
3652,630.31
3653,638.79
3654,662.9
3655,708.47
3656,760.75
3657,784.85
3658,760.75
3659,708.49
3660,663.03
3661,639.59
3662,634.38
3663,644.36
3664,677.49
3665,746.79
3666,850.03
3667,951.11
3668,994.14
3669,951.11
3670,850.03
3671,746.79
3672,628.25
3673,628.25
3674,628.29
3675,628.64
3676,630.69
3677,639.16
3678,663.3
3679,708.89
3680,761.2
3681,785.31
3682,761.2
3683,708.9
3684,663.42
3685,639.96
3686,634.76
3687,644.74
3688,677.89
3689,747.23
3690,850.53
3691,951.67
3692,994.73
3693,951.67
3694,850.53
3695,747.23
3696,628.6
3697,628.6
3698,628.65
3699,628.99
3700,631.04
3701,639.52
3702,663.67
3703,709.28
3704,761.63
3705,785.75
3706,761.63
3707,709.3
3708,663.79
3709,640.32
3710,635.11
3711,645.1
3712,678.27
3713,747.65
3714,851.01
3715,952.2
3716,995.29
3717,952.2
3718,851.01
3719,747.65
3720,628.93
3721,628.94
3722,628.98
3723,629.32
3724,631.37
3725,639.86
3726,664.02
3727,709.66
3728,762.03
3729,786.17
3730,762.03
3731,709.67
3732,664.14
3733,640.66
3734,635.45
3735,645.44
3736,678.63
3737,748.04
3738,851.46
3739,952.7
3740,995.81
3741,952.7
3742,851.46
3743,748.04
3744,629.25
3745,629.25
3746,629.29
3747,629.64
3748,631.68
3749,640.18
3750,664.35
3751,710.01
3752,762.41
3753,786.56
3754,762.41
3755,710.03
3756,664.47
3757,640.98
3758,635.76
3759,645.76
3760,678.97
3761,748.42
3762,851.88
3763,953.18
3764,996.31
3765,953.18
3766,851.88
3767,748.41
3768,629.54
3769,629.54
3770,629.58
3771,629.93
3772,631.98
3773,640.47
3774,664.66
3775,710.34
3776,762.76
3777,786.92
3778,762.76
3779,710.36
3780,664.78
3781,641.28
3782,636.06
3783,646.06
3784,679.28
3785,748.77
3786,852.28
3787,953.62
3788,996.77
3789,953.62
3790,852.28
3791,748.76
3792,629.81
3793,629.82
3794,629.86
3795,630.2
3796,632.25
3797,640.75
3798,664.95
3799,710.65
3800,763.09
3801,787.27
3802,763.1
3803,710.67
3804,665.07
3805,641.56
3806,636.34
3807,646.35
3808,679.58
3809,749.09
3810,852.65
3811,954.03
3812,997.2
3813,954.03
3814,852.65
3815,749.09
3816,630.07
3817,630.07
3818,630.11
3819,630.46
3820,632.51
3821,641.01
3822,665.21
3823,710.94
3824,763.4
3825,787.58
3826,763.4
3827,710.95
3828,665.34
3829,641.82
3830,636.59
3831,646.61
3832,679.85
3833,749.39
3834,852.99
3835,954.42
3836,997.61
3837,954.42
3838,852.99
3839,749.39
3840,630.3
3841,630.31
3842,630.35
3843,630.69
3844,632.75
3845,641.25
3846,665.46
3847,711.2
3848,763.69
3849,787.88
3850,763.69
3851,711.22
3852,665.59
3853,642.06
3854,636.83
3855,646.85
3856,680.11
3857,749.67
3858,853.31
3859,954.78
3860,997.98
3861,954.78
3862,853.31
3863,749.67
3864,630.52
3865,630.52
3866,630.56
3867,630.91
3868,632.96
3869,641.47
3870,665.69
3871,711.45
3872,763.95
3873,788.15
3874,763.95
3875,711.46
3876,665.81
3877,642.28
3878,637.05
3879,647.07
3880,680.34
3881,749.93
3882,853.6
3883,955.1
3884,998.32
3885,955.1
3886,853.6
3887,749.93
3888,630.71
3889,630.72
3890,630.76
3891,631.1
3892,633.16
3893,641.67
3894,665.9
3895,711.67
3896,764.19
3897,788.39
3898,764.19
3899,711.68
3900,666.02
3901,642.47
3902,637.25
3903,647.27
3904,680.55
3905,750.16
3906,853.87
3907,955.4
3908,998.63
3909,955.4
3910,853.87
3911,750.16
3912,630.89
3913,630.89
3914,630.93
3915,631.28
3916,633.33
3917,641.85
3918,666.08
3919,711.87
3920,764.4
3921,788.61
3922,764.4
3923,711.88
3924,666.21
3925,642.65
3926,637.42
3927,647.45
3928,680.74
3929,750.37
3930,854.1
3931,955.66
3932,998.91
3933,955.66
3934,854.1
3935,750.37
3936,631.05
3937,631.05
3938,631.09
3939,631.44
3940,633.49
3941,642.01
3942,666.25
3943,712.04
3944,764.59
3945,788.81
3946,764.59
3947,712.06
3948,666.37
3949,642.81
3950,637.58
3951,647.61
3952,680.91
3953,750.56
3954,854.32
3955,955.9
3956,999.15
3957,955.9
3958,854.32
3959,750.55
3960,631.18
3961,631.19
3962,631.23
3963,631.57
3964,633.63
3965,642.15
3966,666.39
3967,712.2
3968,764.75
3969,788.98
3970,764.75
3971,712.21
3972,666.51
3973,642.95
3974,637.72
3975,647.75
3976,681.06
3977,750.72
3978,854.5
3979,956.11
3980,999.37
3981,956.11
3982,854.5
3983,750.71
3984,631.3
3985,631.3
3986,631.34
3987,631.69
3988,633.74
3989,642.26
3990,666.51
3991,712.33
3992,764.89
3993,789.12
3994,764.89
3995,712.34
3996,666.64
3997,643.07
3998,637.84
3999,647.87
4000,681.18
4001,750.86
4002,854.66
4003,956.28
4004,999.55
4005,956.28
4006,854.66
4007,750.85
4008,631.39
4009,631.4
4010,631.44
4011,631.79
4012,633.84
4013,642.36
4014,666.61
4015,712.44
4016,765.01
4017,789.24
4018,765.01
4019,712.45
4020,666.74
4021,643.17
4022,637.93
4023,647.97
4024,681.28
4025,750.97
4026,854.79
4027,956.43
4028,999.71
4029,956.43
4030,854.79
4031,750.97
4032,631.47
4033,631.47
4034,631.51
4035,631.86
4036,633.92
4037,642.44
4038,666.7
4039,712.52
4040,765.1
4041,789.34
4042,765.1
4043,712.54
4044,666.82
4045,643.25
4046,638.01
4047,648.05
4048,681.37
4049,751.06
4050,854.89
4051,956.54
4052,999.83
4053,956.54
4054,854.89
4055,751.06
4056,631.53
4057,631.53
4058,631.57
4059,631.92
4060,633.97
4061,642.5
4062,666.75
4063,712.59
4064,765.17
4065,789.41
4066,765.17
4067,712.6
4068,666.88
4069,643.3
4070,638.07
4071,648.1
4072,681.43
4073,751.13
4074,854.97
4075,956.63
4076,999.92
4077,956.63
4078,854.97
4079,751.13
4080,631.56
4081,631.57
4082,631.61
4083,631.95
4084,634.01
4085,642.53
4086,666.79
4087,712.63
4088,765.21
4089,789.45
4090,765.22
4091,712.64
4092,666.92
4093,643.34
4094,638.1
4095,648.14
4096,681.47
4097,751.17
4098,855.02
4099,956.68
4100,999.97
4101,956.68
4102,855.02
4103,751.17
4104,631.58
4105,631.58
4106,631.62
4107,631.97
4108,634.03
4109,642.55
4110,666.81
4111,712.64
4112,765.23
4113,789.47
4114,765.24
4115,712.66
4116,666.93
4117,643.36
4118,638.12
4119,648.16
4120,681.48
4121,751.19
4122,855.04
4123,956.71
4124,1000.0
4125,956.71
4126,855.04
4127,751.19
4128,631.58
4129,631.58
4130,631.62
4131,631.97
4132,634.02
4133,642.55
4134,666.81
4135,712.64
4136,765.23
4137,789.47
4138,765.23
4139,712.66
4140,666.93
4141,643.35
4142,638.12
4143,648.15
4144,681.48
4145,751.19
4146,855.03
4147,956.7
4148,999.99
4149,956.7
4150,855.03
4151,751.18
4152,631.55
4153,631.56
4154,631.6
4155,631.94
4156,634.0
4157,642.52
4158,666.78
4159,712.61
4160,765.2
4161,789.44
4162,765.2
4163,712.63
4164,666.9
4165,643.33
4166,638.09
4167,648.13
4168,681.45
4169,751.16
4170,855.0
4171,956.67
4172,999.96
4173,956.67
4174,855.0
4175,751.16
4176,631.51
4177,631.51
4178,631.55
4179,631.9
4180,633.96
4181,642.48
4182,666.73
4183,712.56
4184,765.15
4185,789.38
4186,765.15
4187,712.58
4188,666.86
4189,643.28
4190,638.05
4191,648.08
4192,681.41
4193,751.11
4194,854.94
4195,956.6
4196,999.89
4197,956.6
4198,854.94
4199,751.1
4200,631.44
4201,631.45
4202,631.49
4203,631.84
4204,633.89
4205,642.41
4206,666.67
4207,712.49
4208,765.07
4209,789.3
4210,765.07
4211,712.51
4212,666.79
4213,643.22
4214,637.98
4215,648.02
4216,681.34
4217,751.03
4218,854.85
4219,956.5
4220,999.79
4221,956.5
4222,854.85
4223,751.03
4224,631.36
4225,631.36
4226,631.4
4227,631.75
4228,633.81
4229,642.33
4230,666.58
4231,712.4
4232,764.97
4233,789.2
4234,764.97
4235,712.41
4236,666.7
4237,643.13
4238,637.9
4239,647.93
4240,681.25
4241,750.93
4242,854.74
4243,956.38
4244,999.65
4245,956.38
4246,854.74
4247,750.93
4248,631.26
4249,631.26
4250,631.3
4251,631.65
4252,633.7
4253,642.22
4254,666.47
4255,712.28
4256,764.84
4257,789.07
4258,764.84
4259,712.3
4260,666.59
4261,643.03
4262,637.79
4263,647.83
4264,681.14
4265,750.81
4266,854.6
4267,956.22
4268,999.49
4269,956.22
4270,854.6
4271,750.8
4272,631.13
4273,631.14
4274,631.18
4275,631.52
4276,633.58
4277,642.1
4278,666.34
4279,712.14
4280,764.69
4281,788.92
4282,764.69
4283,712.16
4284,666.46
4285,642.9
4286,637.67
4287,647.7
4288,681.0
4289,750.66
4290,854.43
4291,956.03
4292,999.29
4293,956.03
4294,854.43
4295,750.66
4296,630.99
4297,630.99
4298,631.03
4299,631.38
4300,633.43
4301,641.95
4302,666.19
4303,711.98
4304,764.52
4305,788.74
4306,764.52
4307,711.99
4308,666.31
4309,642.76
4310,637.52
4311,647.55
4312,680.85
4313,750.49
4314,854.24
4315,955.82
4316,999.07
4317,955.82
4318,854.24
4319,750.49
4320,630.83
4321,630.83
4322,630.87
4323,631.22
4324,633.27
4325,641.78
4326,666.01
4327,711.79
4328,764.32
4329,788.53
4330,764.32
4331,711.81
4332,666.14
4333,642.59
4334,637.36
4335,647.38
4336,680.67
4337,750.3
4338,854.02
4339,955.57
4340,998.81
4341,955.57
4342,854.02
4343,750.29
4344,630.64
4345,630.65
4346,630.69
4347,631.03
4348,633.09
4349,641.6
4350,665.82
4351,711.59
4352,764.1
4353,788.3
4354,764.1
4355,711.6
4356,665.94
4357,642.4
4358,637.17
4359,647.2
4360,680.47
4361,750.08
4362,853.77
4363,955.29
4364,998.52
4365,955.29
4366,853.77
4367,750.07
4368,630.44
4369,630.44
4370,630.48
4371,630.83
4372,632.88
4373,641.39
4374,665.61
4375,711.36
4376,763.85
4377,788.05
4378,763.85
4379,711.37
4380,665.73
4381,642.2
4382,636.97
4383,646.99
4384,680.25
4385,749.84
4386,853.5
4387,954.98
4388,998.2
4389,954.98
4390,853.5
4391,749.83
4392,630.22
4393,630.22
4394,630.26
4395,630.61
4396,632.66
4397,641.16
4398,665.37
4399,711.11
4400,763.58
4401,787.77
4402,763.58
4403,711.12
4404,665.5
4405,641.97
4406,636.74
4407,646.76
4408,680.01
4409,749.57
4410,853.19
4411,954.65
4412,997.84
4413,954.65
4414,853.19
4415,749.57
4416,629.97
4417,629.98
4418,630.02
4419,630.36
4420,632.42
4421,640.92
4422,665.12
4423,710.83
4424,763.29
4425,787.47
4426,763.29
4427,710.85
4428,665.24
4429,641.72
4430,636.5
4431,646.51
4432,679.75
4433,749.28
4434,852.87
4435,954.28
4436,997.46
4437,954.28
4438,852.87
4439,749.28
4440,629.71
4441,629.72
4442,629.76
4443,630.1
4444,632.15
4445,640.65
4446,664.84
4447,710.54
4448,762.97
4449,787.14
4450,762.97
4451,710.55
4452,664.96
4453,641.45
4454,636.23
4455,646.24
4456,679.47
4457,748.97
4458,852.51
4459,953.88
4460,997.05
4461,953.88
4462,852.51
4463,748.97
4464,629.43
4465,629.44
4466,629.48
4467,629.82
4468,631.87
4469,640.37
4470,664.54
4471,710.22
4472,762.63
4473,786.79
4474,762.63
4475,710.24
4476,664.67
4477,641.17
4478,635.95
4479,645.95
4480,679.17
4481,748.64
4482,852.13
4483,953.46
4484,996.6
4485,953.46
4486,852.13
4487,748.63
4488,629.13
4489,629.13
4490,629.18
4491,629.52
4492,631.57
4493,640.06
4494,664.23
4495,709.88
4496,762.27
4497,786.41
4498,762.27
4499,709.9
4500,664.35
4501,640.86
4502,635.65
4503,645.65
4504,678.84
4505,748.28
4506,851.72
4507,953.0
4508,996.12
4509,953.0
4510,851.72
4511,748.28
4512,628.81
4513,628.81
4514,628.86
4515,629.2
4516,631.25
4517,639.73
4518,663.89
4519,709.52
4520,761.88
4521,786.01
4522,761.88
4523,709.54
4524,664.01
4525,640.54
4526,635.32
4527,645.32
4528,678.5
4529,747.9
4530,851.29
4531,952.52
4532,995.62
4533,952.52
4534,851.29
4535,747.9
4536,628.47
4537,628.48
4538,628.52
4539,628.86
4540,630.91
4541,639.39
4542,663.53
4543,709.14
4544,761.47
4545,785.59
4546,761.47
4547,709.15
4548,663.65
4549,640.19
4550,634.98
4551,644.97
4552,678.13
4553,747.5
4554,850.83
4555,952.0
4556,995.08
4557,952.0
4558,850.83
4559,747.49
4560,628.11
4561,628.12
4562,628.16
4563,628.5
4564,630.55
4565,639.02
4566,663.15
4567,708.73
4568,761.03
4569,785.14
4570,761.04
4571,708.75
4572,663.27
4573,639.83
4574,634.62
4575,644.6
4576,677.74
4577,747.07
4578,850.35
4579,951.46
4580,994.51
4581,951.46
4582,850.35
4583,747.07
4584,627.74
4585,627.74
4586,627.78
4587,628.13
4588,630.17
4589,638.64
4590,662.75
4591,708.31
4592,760.58
4593,784.67
4594,760.58
4595,708.32
4596,662.88
4597,639.44
4598,634.24
4599,644.21
4600,677.34
4601,746.62
4602,849.84
4603,950.89
4604,993.92
4605,950.89
4606,849.84
4607,746.62
4608,627.34
4609,627.34
4610,627.38
4611,627.73
4612,629.77
4613,638.24
4614,662.33
4615,707.86
4616,760.1
4617,784.17
4618,760.1
4619,707.88
4620,662.46
4621,639.04
4622,633.84
4623,643.81
4624,676.91
4625,746.15
4626,849.3
4627,950.29
4628,993.29
4629,950.29
4630,849.3
4631,746.15
4632,626.93
4633,626.93
4634,626.97
4635,627.31
4636,629.35
4637,637.82
4638,661.9
4639,707.39
4640,759.6
4641,783.66
4642,759.6
4643,707.41
4644,662.02
4645,638.62
4646,633.42
4647,643.38
4648,676.46
4649,745.66
4650,848.74
4651,949.66
4652,992.63
4653,949.66
4654,848.74
4655,745.65
4656,626.49
4657,626.5
4658,626.54
4659,626.88
4660,628.92
4661,637.37
4662,661.44
4663,706.9
4664,759.07
4665,783.11
4666,759.07
4667,706.92
4668,661.56
4669,638.17
4670,632.98
4671,642.94
4672,675.99
4673,745.14
4674,848.15
4675,949.0
4676,991.94
4677,949.0
4678,848.15
4679,745.14
4680,626.04
4681,626.04
4682,626.08
4683,626.43
4684,628.47
4685,636.91
4686,660.96
4687,706.39
4688,758.52
4689,782.55
4690,758.52
4691,706.41
4692,661.08
4693,637.71
4694,632.52
4695,642.47
4696,675.51
4697,744.6
4698,847.54
4699,948.32
4700,991.23
4701,948.32
4702,847.54
4703,744.6
4704,625.57
4705,625.57
4706,625.61
4707,625.96
4708,627.99
4709,636.44
4710,660.46
4711,705.86
4712,757.95
4713,781.96
4714,757.95
4715,705.88
4716,660.59
4717,637.23
4718,632.05
4719,641.99
4720,675.0
4721,744.04
4722,846.9
4723,947.61
4724,990.48
4725,947.61
4726,846.9
4727,744.04
4728,625.08
4729,625.08
4730,625.12
4731,625.47
4732,627.5
4733,635.94
4734,659.95
4735,705.31
4736,757.36
4737,781.35
4738,757.36
4739,705.33
4740,660.07
4741,636.74
4742,631.55
4743,641.49
4744,674.47
4745,743.46
4746,846.24
4747,946.86
4748,989.71
4749,946.86
4750,846.24
4751,743.46
4752,624.57
4753,624.58
4754,624.62
4755,624.96
4756,626.99
4757,635.42
4758,659.41
4759,704.74
4760,756.75
4761,780.72
4762,756.75
4763,704.75
4764,659.54
4765,636.22
4766,631.04
4767,640.97
4768,673.92
4769,742.86
4770,845.55
4771,946.1
4772,988.91
4773,946.1
4774,845.55
4775,742.86
4776,624.05
4777,624.05
4778,624.09
4779,624.44
4780,626.47
4781,634.89
4782,658.86
4783,704.15
4784,756.11
4785,780.06
4786,756.11
4787,704.16
4788,658.98
4789,635.68
4790,630.51
4791,640.43
4792,673.36
4793,742.23
4794,844.84
4795,945.3
4796,988.08
4797,945.3
4798,844.84
4799,742.23
4800,623.51
4801,623.51
4802,623.55
4803,623.89
4804,625.92
4805,634.34
4806,658.29
4807,703.54
4808,755.45
4809,779.38
4810,755.45
4811,703.55
4812,658.41
4813,635.13
4814,629.96
4815,639.87
4816,672.77
4817,741.59
4818,844.11
4819,944.48
4820,987.22
4821,944.48
4822,844.11
4823,741.59
4824,622.95
4825,622.95
4826,622.99
4827,623.33
4828,625.36
4829,633.77
4830,657.7
4831,702.9
4832,754.77
4833,778.68
4834,754.77
4835,702.92
4836,657.82
4837,634.56
4838,629.4
4839,639.3
4840,672.17
4841,740.92
4842,843.35
4843,943.63
4844,986.33
4845,943.63
4846,843.35
4847,740.92
4848,622.37
4849,622.37
4850,622.41
4851,622.75
4852,624.78
4853,633.18
4854,657.09
4855,702.25
4856,754.07
4857,777.96
4858,754.08
4859,702.27
4860,657.21
4861,633.97
4862,628.81
4863,638.7
4864,671.55
4865,740.24
4866,842.57
4867,942.76
4868,985.42
4869,942.76
4870,842.57
4871,740.23
4872,621.77
4873,621.78
4874,621.82
4875,622.16
4876,624.18
4877,632.57
4878,656.46
4879,701.58
4880,753.35
4881,777.22
4882,753.35
4883,701.59
4884,656.58
4885,633.37
4886,628.21
4887,638.09
4888,670.9
4889,739.53
4890,841.76
4891,941.86
4892,984.47
4893,941.86
4894,841.76
4895,739.52
4896,621.16
4897,621.16
4898,621.2
4899,621.55
4900,623.57
4901,631.95
4902,655.81
4903,700.89
4904,752.61
4905,776.45
4906,752.61
4907,700.9
4908,655.93
4909,632.74
4910,627.59
4911,637.47
4912,670.24
4913,738.8
4914,840.93
4915,940.93
4916,983.5
4917,940.93
4918,840.93
4919,738.8
4920,620.53
4921,620.54
4922,620.58
4923,620.92
4924,622.94
4925,631.31
4926,655.15
4927,700.18
4928,751.85
4929,775.66
4930,751.85
4931,700.19
4932,655.27
4933,632.1
4934,626.96
4935,636.82
4936,669.56
4937,738.05
4938,840.08
4939,939.98
4940,982.51
4941,939.98
4942,840.08
4943,738.05
4944,619.89
4945,619.89
4946,619.93
4947,620.27
4948,622.29
4949,630.65
4950,654.46
4951,699.45
4952,751.07
4953,774.86
4954,751.07
4955,699.47
4956,654.59
4957,631.44
4958,626.31
4959,636.16
4960,668.87
4961,737.28
4962,839.21
4963,939.0
4964,981.49
4965,939.0
4966,839.21
4967,737.28
4968,619.22
4969,619.23
4970,619.27
4971,619.61
4972,621.62
4973,629.98
4974,653.77
4975,698.7
4976,750.26
4977,774.03
4978,750.27
4979,698.72
4980,653.89
4981,630.77
4982,625.64
4983,635.48
4984,668.15
4985,736.5
4986,838.31
4987,937.99
4988,980.44
4989,937.99
4990,838.31
4991,736.49
4992,618.55
4993,618.55
4994,618.59
4995,618.93
4996,620.94
4997,629.29
4998,653.05
4999,697.94
5000,749.44
5001,773.18
5002,749.44
5003,697.95
5004,653.17
5005,630.08
5006,624.95
5007,634.78
5008,667.42
5009,735.69
5010,837.39
5011,936.97
5012,979.36
5013,936.97
5014,837.39
5015,735.69
5016,617.85
5017,617.85
5018,617.89
5019,618.23
5020,620.24
5021,628.58
5022,652.32
5023,697.15
5024,748.6
5025,772.31
5026,748.6
5027,697.17
5028,652.44
5029,629.37
5030,624.25
5031,634.07
5032,666.67
5033,734.86
5034,836.45
5035,935.91
5036,978.26
5037,935.91
5038,836.45
5039,734.86
5040,617.14
5041,617.14
5042,617.18
5043,617.52
5044,619.53
5045,627.86
5046,651.56
5047,696.35
5048,747.74
5049,771.42
5050,747.74
5051,696.37
5052,651.69
5053,628.65
5054,623.53
5055,633.34
5056,665.9
5057,734.02
5058,835.49
5059,934.84
5060,977.14
5061,934.84
5062,835.49
5063,734.01
5064,616.41
5065,616.42
5066,616.46
5067,616.79
5068,618.8
5069,627.12
5070,650.8
5071,695.53
5072,746.86
5073,770.52
5074,746.86
5075,695.55
5076,650.92
5077,627.91
5078,622.8
5079,632.59
5080,665.12
5081,733.15
5082,834.51
5083,933.74
5084,975.99
5085,933.74
5086,834.51
5087,733.15
5088,615.67
5089,615.67
5090,615.71
5091,616.05
5092,618.06
5093,626.37
5094,650.01
5095,694.69
5096,745.96
5097,769.59
5098,745.96
5099,694.71
5100,650.13
5101,627.15
5102,622.05
5103,631.83
5104,664.32
5105,732.27
5106,833.5
5107,932.61
5108,974.81
5109,932.61
5110,833.5
5111,732.27
5112,614.91
5113,614.92
5114,614.96
5115,615.29
5116,617.3
5117,625.59
5118,649.21
5119,693.84
5120,745.04
5121,768.64
5122,745.04
5123,693.85
5124,649.33
5125,626.38
5126,621.28
5127,631.05
5128,663.5
5129,731.37
5130,832.48
5131,931.46
5132,973.61
5133,931.46
5134,832.47
5135,731.37
5136,614.14
5137,614.14
5138,614.18
5139,614.52
5140,616.52
5141,624.81
5142,648.4
5143,692.97
5144,744.1
5145,767.68
5146,744.11
5147,692.98
5148,648.52
5149,625.59
5150,620.5
5151,630.26
5152,662.67
5153,730.45
5154,831.43
5155,930.29
5156,972.39
5157,930.29
5158,831.43
5159,730.45
5160,613.35
5161,613.36
5162,613.4
5163,613.73
5164,615.73
5165,624.01
5166,647.57
5167,692.08
5168,743.15
5169,766.69
5170,743.15
5171,692.09
5172,647.69
5173,624.79
5174,619.7
5175,629.45
5176,661.82
5177,729.51
5178,830.36
5179,929.1
5180,971.14
5181,929.1
5182,830.36
5183,729.51
5184,612.55
5185,612.55
5186,612.59
5187,612.93
5188,614.92
5189,623.19
5190,646.72
5191,691.17
5192,742.18
5193,765.69
5194,742.18
5195,691.19
5196,646.84
5197,623.97
5198,618.89
5199,628.63
5200,660.95
5201,728.56
5202,829.28
5203,927.89
5204,969.87
5205,927.89
5206,829.28
5207,728.56
5208,611.73
5209,611.74
5210,611.78
5211,612.11
5212,614.11
5213,622.36
5214,645.86
5215,690.25
5216,741.19
5217,764.67
5218,741.19
5219,690.27
5220,645.98
5221,623.14
5222,618.07
5223,627.79
5224,660.07
5225,727.59
5226,828.17
5227,926.65
5228,968.58
5229,926.65
5230,828.17
5231,727.58
5232,610.9
5233,610.91
5234,610.95
5235,611.28
5236,613.27
5237,621.52
5238,644.98
5239,689.32
5240,740.18
5241,763.63
5242,740.18
5243,689.33
5244,645.1
5245,622.3
5246,617.23
5247,626.94
5248,659.18
5249,726.6
5250,827.05
5251,925.39
5252,967.26
5253,925.39
5254,827.05
5255,726.6
5256,610.06
5257,610.06
5258,610.1
5259,610.44
5260,612.42
5261,620.66
5262,644.09
5263,688.36
5264,739.16
5265,762.57
5266,739.16
5267,688.38
5268,644.21
5269,621.43
5270,616.38
5271,626.07
5272,658.26
5273,725.6
5274,825.9
5275,924.11
5276,965.93
5277,924.11
5278,825.9
5279,725.59
5280,609.2
5281,609.2
5282,609.24
5283,609.58
5284,611.56
5285,619.78
5286,643.18
5287,687.39
5288,738.12
5289,761.5
5290,738.12
5291,687.41
5292,643.3
5293,620.56
5294,615.51
5295,625.19
5296,657.34
5297,724.58
5298,824.74
5299,922.81
5300,964.57
5301,922.81
5302,824.74
5303,724.57
5304,608.33
5305,608.33
5306,608.37
5307,608.71
5308,610.69
5309,618.9
5310,642.26
5311,686.41
5312,737.06
5313,760.41
5314,737.07
5315,686.43
5316,642.38
5317,619.67
5318,614.63
5319,624.3
5320,656.4
5321,723.54
5322,823.56
5323,921.49
5324,963.19
5325,921.49
5326,823.56
5327,723.54
5328,607.44
5329,607.45
5330,607.49
5331,607.82
5332,609.8
5333,618.0
5334,641.33
5335,685.41
5336,735.99
5337,759.31
5338,735.99
5339,685.43
5340,641.45
5341,618.77
5342,613.74
5343,623.39
5344,655.44
5345,722.49
5346,822.36
5347,920.15
5348,961.79
5349,920.15
5350,822.36
5351,722.48
5352,606.55
5353,606.55
5354,606.59
5355,606.92
5356,608.9
5357,617.08
5358,640.38
5359,684.4
5360,734.9
5361,758.18
5362,734.91
5363,684.41
5364,640.5
5365,617.86
5366,612.83
5367,622.47
5368,654.47
5369,721.42
5370,821.15
5371,918.79
5372,960.37
5373,918.79
5374,821.15
5375,721.42
5376,605.64
5377,605.64
5378,605.68
5379,606.01
5380,607.98
5381,616.16
5382,639.42
5383,683.37
5384,733.8
5385,757.05
5386,733.8
5387,683.39
5388,639.54
5389,616.93
5390,611.91
5391,621.53
5392,653.49
5393,720.34
5394,819.92
5395,917.41
5396,958.93
5397,917.41
5398,819.92
5399,720.33
5400,604.71
5401,604.72
5402,604.76
5403,605.09
5404,607.06
5405,615.22
5406,638.45
5407,682.33
5408,732.68
5409,755.89
5410,732.69
5411,682.35
5412,638.57
5413,615.99
5414,610.98
5415,620.59
5416,652.5
5417,719.24
5418,818.67
5419,916.02
5420,957.46
5421,916.02
5422,818.67
5423,719.24
5424,603.78
5425,603.78
5426,603.82
5427,604.15
5428,606.12
5429,614.27
5430,637.46
5431,681.28
5432,731.55
5433,754.72
5434,731.55
5435,681.29
5436,637.58
5437,615.04
5438,610.03
5439,619.63
5440,651.49
5441,718.13
5442,817.4
5443,914.6
5444,955.98
5445,914.6
5446,817.4
5447,718.12
5448,602.83
5449,602.84
5450,602.88
5451,603.21
5452,605.17
5453,613.31
5454,636.46
5455,680.21
5456,730.41
5457,753.54
5458,730.41
5459,680.22
5460,636.58
5461,614.07
5462,609.08
5463,618.66
5464,650.47
5465,717.0
5466,816.12
5467,913.17
5468,954.49
5469,913.17
5470,816.12
5471,717.0
5472,601.88
5473,601.88
5474,601.92
5475,602.25
5476,604.21
5477,612.33
5478,635.45
5479,679.13
5480,729.24
5481,752.34
5482,729.25
5483,679.14
5484,635.57
5485,613.1
5486,608.11
5487,617.67
5488,649.43
5489,715.86
5490,814.82
5491,911.71
5492,952.97
5493,911.71
5494,814.82
5495,715.86
5496,600.91
5497,600.91
5498,600.95
5499,601.28
5500,603.24
5501,611.34
5502,634.43
5503,678.04
5504,728.07
5505,751.13
5506,728.07
5507,678.05
5508,634.54
5509,612.11
5510,607.13
5511,616.68
5512,648.39
5513,714.71
5514,813.51
5515,910.25
5516,951.43
5517,910.25
5518,813.51
5519,714.71
5520,599.93
5521,599.93
5522,599.97
5523,600.3
5524,602.25
5525,610.35
5526,633.39
5527,676.93
5528,726.88
5529,749.91
5530,726.88
5531,676.94
5532,633.51
5533,611.11
5534,606.14
5535,615.67
5536,647.33
5537,713.54
5538,812.19
5539,908.76
5540,949.88
5541,908.76
5542,812.19
5543,713.54
5544,598.94
5545,598.94
5546,598.98
5547,599.31
5548,601.26
5549,609.34
5550,632.35
5551,675.81
5552,725.68
5553,748.67
5554,725.68
5555,675.83
5556,632.46
5557,610.1
5558,605.14
5559,614.66
5560,646.26
5561,712.37
5562,810.84
5563,907.26
5564,948.31
5565,907.26
5566,810.84
5567,712.36
5568,597.93
5569,597.94
5570,597.98
5571,598.3
5572,600.25
5573,608.32
5574,631.29
5575,674.68
5576,724.47
5577,747.42
5578,724.47
5579,674.7
5580,631.41
5581,609.08
5582,604.13
5583,613.63
5584,645.18
5585,711.17
5586,809.49
5587,905.74
5588,946.73
5589,905.74
5590,809.49
5591,711.17
5592,596.92
5593,596.93
5594,596.97
5595,597.29
5596,599.24
5597,607.29
5598,630.22
5599,673.54
5600,723.24
5601,746.15
5602,723.25
5603,673.55
5604,630.34
5605,608.05
5606,603.1
5607,612.59
5608,644.09
5609,709.97
5610,808.12
5611,904.21
5612,945.13
5613,904.21
5614,808.12
5615,709.97
5616,595.9
5617,595.91
5618,595.94
5619,596.27
5620,598.21
5621,606.25
5622,629.14
5623,672.39
5624,722.01
5625,744.88
5626,722.01
5627,672.4
5628,629.26
5629,607.01
5630,602.07
5631,611.54
5632,642.99
5633,708.76
5634,806.74
5635,902.67
5636,943.51
5637,902.67
5638,806.74
5639,708.75
5640,594.87
5641,594.87
5642,594.91
5643,595.24
5644,597.18
5645,605.2
5646,628.05
5647,671.23
5648,720.76
5649,743.59
5650,720.76
5651,671.24
5652,628.17
5653,605.96
5654,601.03
5655,610.49
5656,641.88
5657,707.53
5658,805.34
5659,901.11
5660,941.88
5661,901.11
5662,805.34
5663,707.53
5664,593.83
5665,593.84
5666,593.87
5667,594.2
5668,596.13
5669,604.15
5670,626.96
5671,670.05
5672,719.5
5673,742.29
5674,719.5
5675,670.07
5676,627.07
5677,604.9
5678,599.98
5679,609.42
5680,640.75
5681,706.3
5682,803.94
5683,899.53
5684,940.23
5685,899.53
5686,803.94
5687,706.29
5688,592.78
5689,592.79
5690,592.83
5691,593.15
5692,595.08
5693,603.08
5694,625.85
5695,668.87
5696,718.23
5697,740.98
5698,718.23
5699,668.88
5700,625.97
5701,603.84
5702,598.92
5703,608.34
5704,639.62
5705,705.05
5706,802.52
5707,897.94
5708,938.57
5709,897.94
5710,802.52
5711,705.05
5712,591.73
5713,591.73
5714,591.77
5715,592.09
5716,594.02
5717,602.01
5718,624.73
5719,667.68
5720,716.95
5721,739.66
5722,716.95
5723,667.69
5724,624.85
5725,602.76
5726,597.85
5727,607.26
5728,638.48
5729,703.79
5730,801.08
5731,896.34
5732,936.9
5733,896.34
5734,801.08
5735,703.79
5736,590.66
5737,590.66
5738,590.7
5739,591.03
5740,592.95
5741,600.92
5742,623.61
5743,666.47
5744,715.66
5745,738.33
5746,715.66
5747,666.49
5748,623.73
5749,601.68
5750,596.78
5751,606.17
5752,637.33
5753,702.52
5754,799.64
5755,894.73
5756,935.21
5757,894.73
5758,799.64
5759,702.52
5760,589.59
5761,589.59
5762,589.63
5763,589.95
5764,591.87
5765,599.83
5766,622.48
5767,665.26
5768,714.36
5769,736.99
5770,714.36
5771,665.28
5772,622.59
5773,600.58
5774,595.69
5775,605.06
5776,636.18
5777,701.25
5778,798.19
5779,893.1
5780,933.51
5781,893.1
5782,798.19
5783,701.24
5784,588.51
5785,588.51
5786,588.55
5787,588.87
5788,590.79
5789,598.73
5790,621.34
5791,664.04
5792,713.05
5793,735.63
5794,713.05
5795,664.06
5796,621.45
5797,599.48
5798,594.6
5799,603.96
5800,635.01
5801,699.96
5802,796.73
5803,891.46
5804,931.8
5805,891.46
5806,796.73
5807,699.96
5808,587.42
5809,587.42
5810,587.46
5811,587.78
5812,589.7
5813,597.62
5814,620.19
5815,662.82
5816,711.73
5817,734.27
5818,711.73
5819,662.83
5820,620.3
5821,598.37
5822,593.5
5823,602.84
5824,633.83
5825,698.67
5826,795.25
5827,889.82
5828,930.08
5829,889.82
5830,795.25
5831,698.66
5832,586.32
5833,586.33
5834,586.37
5835,586.69
5836,588.6
5837,596.51
5838,619.03
5839,661.58
5840,710.4
5841,732.91
5842,710.4
5843,661.6
5844,619.15
5845,597.26
5846,592.4
5847,601.71
5848,632.65
5849,697.37
5850,793.77
5851,888.16
5852,928.35
5853,888.16
5854,793.77
5855,697.36
5856,585.22
5857,585.23
5858,585.26
5859,585.59
5860,587.49
5861,595.39
5862,617.87
5863,660.34
5864,709.07
5865,731.53
5866,709.07
5867,660.35
5868,617.98
5869,596.14
5870,591.28
5871,600.58
5872,631.46
5873,696.06
5874,792.28
5875,886.49
5876,926.6
5877,886.49
5878,792.28
5879,696.05
5880,584.11
5881,584.12
5882,584.16
5883,584.48
5884,586.38
5885,594.26
5886,616.7
5887,659.09
5888,707.73
5889,730.14
5890,707.73
5891,659.1
5892,616.81
5893,595.01
5894,590.16
5895,599.45
5896,630.27
5897,694.74
5898,790.78
5899,884.81
5900,924.85
5901,884.81
5902,790.78
5903,694.73
5904,583.0
5905,583.0
5906,583.04
5907,583.36
5908,585.26
5909,593.13
5910,615.52
5911,657.83
5912,706.38
5913,728.75
5914,706.38
5915,657.84
5916,615.64
5917,593.87
5918,589.04
5919,598.3
5920,629.07
5921,693.41
5922,789.27
5923,883.12
5924,923.08
5925,883.12
5926,789.27
5927,693.41
5928,581.88
5929,581.88
5930,581.92
5931,582.24
5932,584.14
5933,591.99
5934,614.34
5935,656.57
5936,705.02
5937,727.35
5938,705.02
5939,656.58
5940,614.45
5941,592.73
5942,587.91
5943,597.16
5944,627.86
5945,692.08
5946,787.76
5947,881.43
5948,921.31
5949,881.43
5950,787.76
5951,692.08
5952,580.76
5953,580.76
5954,580.8
5955,581.12
5956,583.01
5957,590.84
5958,613.15
5959,655.3
5960,703.66
5961,725.95
5962,703.66
5963,655.31
5964,613.27
5965,591.59
5966,586.77
5967,596.0
5968,626.65
5969,690.74
5970,786.23
5971,879.72
5972,919.53
5973,879.72
5974,786.23
5975,690.74
5976,579.63
5977,579.63
5978,579.67
5979,579.99
5980,581.87
5981,589.69
5982,611.96
5983,654.02
5984,702.29
5985,724.53
5986,702.29
5987,654.04
5988,612.07
5989,590.43
5990,585.63
5991,594.84
5992,625.43
5993,689.4
5994,784.7
5995,878.01
5996,917.74
5997,878.01
5998,784.7
5999,689.4
6000,578.49
6001,578.5
6002,578.53
6003,578.85
6004,580.73
6005,588.54
6006,610.76
6007,652.74
6008,700.91
6009,723.11
6010,700.91
6011,652.76
6012,610.87
6013,589.28
6014,584.48
6015,593.68
6016,624.2
6017,688.05
6018,783.17
6019,876.29
6020,915.95
6021,876.29
6022,783.17
6023,688.05
6024,577.35
6025,577.36
6026,577.39
6027,577.71
6028,579.59
6029,587.38
6030,609.56
6031,651.46
6032,699.53
6033,721.69
6034,699.53
6035,651.47
6036,609.67
6037,588.12
6038,583.33
6039,592.51
6040,622.97
6041,686.7
6042,781.63
6043,874.57
6044,914.14
6045,874.57
6046,781.63
6047,686.69
6048,576.21
6049,576.21
6050,576.25
6051,576.57
6052,578.44
6053,586.22
6054,608.35
6055,650.17
6056,698.15
6057,720.26
6058,698.15
6059,650.18
6060,608.47
6061,586.95
6062,582.18
6063,591.34
6064,621.74
6065,685.34
6066,780.08
6067,872.84
6068,912.33
6069,872.84
6070,780.08
6071,685.33
6072,575.06
6073,575.07
6074,575.1
6075,575.42
6076,577.29
6077,585.05
6078,607.14
6079,648.88
6080,696.76
6081,718.83
6082,696.76
6083,648.89
6084,607.25
6085,585.79
6086,581.02
6087,590.16
6088,620.5
6089,683.97
6090,778.53
6091,871.1
6092,910.52
6093,871.1
6094,778.53
6095,683.97
6096,573.91
6097,573.92
6098,573.95
6099,574.27
6100,576.14
6101,583.88
6102,605.93
6103,647.58
6104,695.37
6105,717.39
6106,695.37
6107,647.59
6108,606.04
6109,584.62
6110,579.86
6111,588.98
6112,619.26
6113,682.61
6114,776.97
6115,869.36
6116,908.7
6117,869.36
6118,776.97
6119,682.6
6120,572.76
6121,572.76
6122,572.8
6123,573.12
6124,574.98
6125,582.71
6126,604.71
6127,646.28
6128,693.97
6129,715.95
6130,693.97
6131,646.29
6132,604.82
6133,583.44
6134,578.69
6135,587.8
6136,618.02
6137,681.23
6138,775.41
6139,867.61
6140,906.87
6141,867.61
6142,775.41
6143,681.23
6144,571.61
6145,571.61
6146,571.65
6147,571.96
6148,573.82
6149,581.54
6150,603.49
6151,644.97
6152,692.57
6153,714.51
6154,692.57
6155,644.99
6156,603.6
6157,582.26
6158,577.53
6159,586.61
6160,616.77
6161,679.86
6162,773.85
6163,865.86
6164,905.04
6165,865.86
6166,773.85
6167,679.86
6168,570.45
6169,570.45
6170,570.49
6171,570.8
6172,572.66
6173,580.36
6174,602.27
6175,643.67
6176,691.17
6177,713.06
6178,691.17
6179,643.68
6180,602.38
6181,581.09
6182,576.36
6183,585.42
6184,615.52
6185,678.48
6186,772.28
6187,864.11
6188,903.21
6189,864.11
6190,772.28
6191,678.48
6192,569.29
6193,569.29
6194,569.33
6195,569.64
6196,571.5
6197,579.18
6198,601.05
6199,642.36
6200,689.76
6201,711.61
6202,689.76
6203,642.37
6204,601.16
6205,579.9
6206,575.18
6207,584.23
6208,614.27
6209,677.1
6210,770.71
6211,862.35
6212,901.37
6213,862.35
6214,770.71
6215,677.1
6216,568.13
6217,568.13
6218,568.17
6219,568.48
6220,570.33
6221,578.0
6222,599.82
6223,641.05
6224,688.36
6225,710.16
6226,688.36
6227,641.06
6228,599.93
6229,578.72
6230,574.01
6231,583.04
6232,613.02
6233,675.72
6234,769.14
6235,860.59
6236,899.54
6237,860.59
6238,769.14
6239,675.72
6240,566.97
6241,566.97
6242,567.01
6243,567.32
6244,569.16
6245,576.81
6246,598.59
6247,639.74
6248,686.95
6249,708.71
6250,686.95
6251,639.75
6252,598.7
6253,577.54
6254,572.84
6255,581.85
6256,611.76
6257,674.34
6258,767.56
6259,858.83
6260,897.7
6261,858.83
6262,767.56
6263,674.34
6264,565.8
6265,565.81
6266,565.84
6267,566.15
6268,568.0
6269,575.63
6270,597.36
6271,638.43
6272,685.54
6273,707.25
6274,685.54
6275,638.44
6276,597.47
6277,576.35
6278,571.66
6279,580.65
6280,610.51
6281,672.96
6282,765.99
6283,857.07
6284,895.85
6285,857.07
6286,765.99
6287,672.95
6288,564.64
6289,564.64
6290,564.68
6291,564.99
6292,566.83
6293,574.45
6294,596.14
6295,637.11
6296,684.13
6297,705.8
6298,684.13
6299,637.13
6300,596.25
6301,575.17
6302,570.49
6303,579.46
6304,609.25
6305,671.57
6306,764.41
6307,855.31
6308,894.01
6309,855.31
6310,764.41
6311,671.57
6312,563.47
6313,563.48
6314,563.51
6315,563.82
6316,565.66
6317,573.26
6318,594.91
6319,635.8
6320,682.72
6321,704.34
6322,682.72
6323,635.81
6324,595.02
6325,573.98
6326,569.31
6327,578.27
6328,608.0
6329,670.19
6330,762.84
6331,853.54
6332,892.17
6333,853.54
6334,762.84
6335,670.19
6336,562.31
6337,562.31
6338,562.35
6339,562.66
6340,564.49
6341,572.08
6342,593.68
6343,634.49
6344,681.31
6345,702.89
6346,681.31
6347,634.5
6348,593.79
6349,572.8
6350,568.13
6351,577.07
6352,606.74
6353,668.8
6354,761.26
6355,851.78
6356,890.32
6357,851.78
6358,761.26
6359,668.8
6360,561.15
6361,561.15
6362,561.19
6363,561.49
6364,563.32
6365,570.89
6366,592.45
6367,633.17
6368,679.9
6369,701.43
6370,679.9
6371,633.19
6372,592.56
6373,571.61
6374,566.96
6375,575.88
6376,605.49
6377,667.42
6378,759.69
6379,850.02
6380,888.48
6381,850.02
6382,759.69
6383,667.42
6384,559.98
6385,559.99
6386,560.02
6387,560.33
6388,562.15
6389,569.71
6390,591.22
6391,631.86
6392,678.49
6393,699.98
6394,678.49
6395,631.87
6396,591.33
6397,570.43
6398,565.78
6399,574.68
6400,604.23
6401,666.04
6402,758.11
6403,848.26
6404,886.64
6405,848.26
6406,758.11
6407,666.03
6408,558.82
6409,558.83
6410,558.86
6411,559.17
6412,560.99
6413,568.53
6414,590.0
6415,630.55
6416,677.08
6417,698.53
6418,677.08
6419,630.56
6420,590.1
6421,569.24
6422,564.61
6423,573.49
6424,602.98
6425,664.66
6426,756.54
6427,846.5
6428,884.8
6429,846.5
6430,756.54
6431,664.65
6432,557.66
6433,557.67
6434,557.7
6435,558.01
6436,559.82
6437,567.35
6438,588.77
6439,629.24
6440,675.68
6441,697.08
6442,675.68
6443,629.25
6444,588.88
6445,568.06
6446,563.44
6447,572.3
6448,601.73
6449,663.28
6450,754.97
6451,844.74
6452,882.97
6453,844.74
6454,754.97
6455,663.27
6456,556.5
6457,556.51
6458,556.54
6459,556.85
6460,558.66
6461,566.17
6462,587.55
6463,627.93
6464,674.27
6465,695.63
6466,674.27
6467,627.95
6468,587.66
6469,566.88
6470,562.27
6471,571.11
6472,600.48
6473,661.9
6474,753.4
6475,842.99
6476,881.13
6477,842.99
6478,753.4
6479,661.9
6480,555.35
6481,555.35
6482,555.39
6483,555.69
6484,557.5
6485,565.0
6486,586.33
6487,626.63
6488,672.87
6489,694.19
6490,672.87
6491,626.64
6492,586.44
6493,565.7
6494,561.1
6495,569.93
6496,599.23
6497,660.52
6498,751.84
6499,841.24
6500,879.3
6501,841.24
6502,751.84
6503,660.52
6504,554.2
6505,554.2
6506,554.23
6507,554.54
6508,556.34
6509,563.82
6510,585.11
6511,625.33
6512,671.47
6513,692.74
6514,671.48
6515,625.34
6516,585.22
6517,564.53
6518,559.93
6519,568.74
6520,597.99
6521,659.15
6522,750.27
6523,839.49
6524,877.48
6525,839.49
6526,750.27
6527,659.15
6528,553.04
6529,553.05
6530,553.08
6531,553.39
6532,555.19
6533,562.65
6534,583.89
6535,624.03
6536,670.08
6537,691.31
6538,670.08
6539,624.04
6540,584.0
6541,563.36
6542,558.77
6543,567.56
6544,596.74
6545,657.78
6546,748.72
6547,837.75
6548,875.65
6549,837.75
6550,748.72
6551,657.78
6552,551.9
6553,551.9
6554,551.94
6555,552.24
6556,554.04
6557,561.48
6558,582.68
6559,622.74
6560,668.69
6561,689.87
6562,668.69
6563,622.75
6564,582.79
6565,562.19
6566,557.61
6567,566.38
6568,595.51
6569,656.42
6570,747.16
6571,836.01
6572,873.84
6573,836.01
6574,747.16
6575,656.42
6576,550.75
6577,550.76
6578,550.79
6579,551.09
6580,552.89
6581,560.32
6582,581.48
6583,621.45
6584,667.3
6585,688.44
6586,667.31
6587,621.46
6588,581.58
6589,561.02
6590,556.46
6591,565.21
6592,594.27
6593,655.06
6594,745.62
6595,834.28
6596,872.03
6597,834.28
6598,745.62
6599,655.06
6600,549.61
6601,549.62
6602,549.65
6603,549.95
6604,551.74
6605,559.16
6606,580.27
6607,620.16
6608,665.92
6609,687.02
6610,665.92
6611,620.17
6612,580.38
6613,559.86
6614,555.31
6615,564.04
6616,593.04
6617,653.7
6618,744.07
6619,832.55
6620,870.22
6621,832.55
6622,744.07
6623,653.7
6624,548.48
6625,548.48
6626,548.52
6627,548.82
6628,550.6
6629,558.01
6630,579.07
6631,618.88
6632,664.55
6633,685.6
6634,664.55
6635,618.89
6636,579.18
6637,558.71
6638,554.16
6639,562.88
6640,591.82
6641,652.35
6642,742.54
6643,830.83
6644,868.42
6645,830.83
6646,742.53
6647,652.35
6648,547.35
6649,547.35
6650,547.39
6651,547.69
6652,549.47
6653,556.85
6654,577.88
6655,617.6
6656,663.18
6657,684.18
6658,663.18
6659,617.61
6660,577.99
6661,557.55
6662,553.02
6663,561.71
6664,590.6
6665,651.01
6666,741.0
6667,829.12
6668,866.63
6669,829.12
6670,741.0
6671,651.0
6672,546.22
6673,546.22
6674,546.26
6675,546.56
6676,548.34
6677,555.71
6678,576.69
6679,616.33
6680,661.81
6681,682.78
6682,661.81
6683,616.34
6684,576.8
6685,556.41
6686,551.88
6687,560.56
6688,589.38
6689,649.67
6690,739.48
6691,827.41
6692,864.85
6693,827.41
6694,739.48
6695,649.66
6696,545.1
6697,545.1
6698,545.14
6699,545.44
6700,547.21
6701,554.57
6702,575.51
6703,615.07
6704,660.45
6705,681.38
6706,660.46
6707,615.08
6708,575.61
6709,555.26
6710,550.75
6711,559.41
6712,588.17
6713,648.33
6714,737.96
6715,825.71
6716,863.07
6717,825.71
6718,737.96
6719,648.33
6720,543.98
6721,543.99
6722,544.02
6723,544.32
6724,546.09
6725,553.43
6726,574.33
6727,613.81
6728,659.1
6729,679.98
6730,659.1
6731,613.82
6732,574.44
6733,554.13
6734,549.62
6735,558.26
6736,586.97
6737,647.01
6738,736.45
6739,824.02
6740,861.31
6741,824.02
6742,736.45
6743,647.0
6744,542.88
6745,542.88
6746,542.91
6747,543.21
6748,544.98
6749,552.31
6750,573.16
6751,612.56
6752,657.76
6753,678.59
6754,657.76
6755,612.57
6756,573.26
6757,553.0
6758,548.5
6759,557.13
6760,585.77
6761,645.69
6762,734.95
6763,822.34
6764,859.55
6765,822.34
6766,734.95
6767,645.69
6768,541.77
6769,541.78
6770,541.81
6771,542.11
6772,543.87
6773,551.18
6774,571.99
6775,611.31
6776,656.42
6777,677.22
6778,656.42
6779,611.32
6780,572.1
6781,551.87
6782,547.38
6783,555.99
6784,584.58
6785,644.38
6786,733.46
6787,820.67
6788,857.81
6789,820.67
6790,733.46
6791,644.37
6792,540.68
6793,540.68
6794,540.71
6795,541.01
6796,542.77
6797,550.07
6798,570.84
6799,610.07
6800,655.09
6801,675.84
6802,655.09
6803,610.09
6804,570.94
6805,550.76
6806,546.27
6807,554.87
6808,583.4
6809,643.07
6810,731.97
6811,819.01
6812,856.07
6813,819.01
6814,731.97
6815,643.07
6816,539.59
6817,539.59
6818,539.62
6819,539.92
6820,541.68
6821,548.96
6822,569.68
6823,608.84
6824,653.77
6825,674.48
6826,653.77
6827,608.86
6828,569.79
6829,549.65
6830,545.17
6831,553.75
6832,582.22
6833,641.78
6834,730.5
6835,817.36
6836,854.34
6837,817.36
6838,730.5
6839,641.77
6840,538.5
6841,538.51
6842,538.54
6843,538.84
6844,540.59
6845,547.86
6846,568.54
6847,607.62
6848,652.46
6849,673.13
6850,652.46
6851,607.63
6852,568.65
6853,548.54
6854,544.08
6855,552.64
6856,581.05
6857,640.49
6858,729.03
6859,815.72
6860,852.63
6861,815.72
6862,729.03
6863,640.48
6864,537.43
6865,537.43
6866,537.47
6867,537.76
6868,539.51
6869,546.76
6870,567.41
6871,606.41
6872,651.16
6873,671.78
6874,651.16
6875,606.42
6876,567.51
6877,547.45
6878,542.99
6879,551.53
6880,579.89
6881,639.21
6882,727.57
6883,814.09
6884,850.93
6885,814.09
6886,727.57
6887,639.21
6888,536.36
6889,536.36
6890,536.4
6891,536.69
6892,538.44
6893,545.68
6894,566.28
6895,605.2
6896,649.87
6897,670.45
6898,649.87
6899,605.22
6900,566.38
6901,546.36
6902,541.92
6903,550.44
6904,578.74
6905,637.94
6906,726.13
6907,812.47
6908,849.24
6909,812.47
6910,726.13
6911,637.94
6912,535.3
6913,535.3
6914,535.34
6915,535.63
6916,537.38
6917,544.6
6918,565.16
6919,604.01
6920,648.58
6921,669.13
6922,648.58
6923,604.02
6924,565.27
6925,545.28
6926,540.85
6927,549.35
6928,577.6
6929,636.68
6930,724.7
6931,810.87
6932,847.56
6933,810.87
6934,724.7
6935,636.68
6936,534.25
6937,534.25
6938,534.29
6939,534.58
6940,536.32
6941,543.53
6942,564.05
6943,602.82
6944,647.31
6945,667.81
6946,647.31
6947,602.84
6948,564.16
6949,544.21
6950,539.78
6951,548.27
6952,576.47
6953,635.43
6954,723.27
6955,809.28
6956,845.9
6957,809.28
6958,723.27
6959,635.43
6960,533.21
6961,533.21
6962,533.25
6963,533.54
6964,535.28
6965,542.47
6966,562.95
6967,601.65
6968,646.05
6969,666.51
6970,646.05
6971,601.66
6972,563.06
6973,543.15
6974,538.73
6975,547.21
6976,575.34
6977,634.19
6978,721.86
6979,807.7
6980,844.25
6981,807.7
6982,721.86
6983,634.19
6984,532.18
6985,532.18
6986,532.21
6987,532.51
6988,534.24
6989,541.42
6990,561.86
6991,600.48
6992,644.8
6993,665.22
6994,644.8
6995,600.5
6996,561.97
6997,542.1
6998,537.69
6999,546.15
7000,574.23
7001,632.96
7002,720.47
7003,806.13
7004,842.61
7005,806.13
7006,720.47
7007,632.96
7008,531.15
7009,531.16
7010,531.19
7011,531.48
7012,533.21
7013,540.38
7014,560.78
7015,599.33
7016,643.56
7017,663.94
7018,643.56
7019,599.34
7020,560.89
7021,541.06
7022,536.65
7023,545.1
7024,573.12
7025,631.75
7026,719.08
7027,804.58
7028,840.99
7029,804.58
7030,719.08
7031,631.74
7032,530.14
7033,530.14
7034,530.18
7035,530.47
7036,532.19
7037,539.35
7038,559.71
7039,598.18
7040,642.33
7041,662.67
7042,642.33
7043,598.2
7044,559.82
7045,540.02
7046,535.63
7047,544.05
7048,572.03
7049,630.54
7050,717.71
7051,803.05
7052,839.39
7053,803.05
7054,717.71
7055,630.54
7056,529.14
7057,529.14
7058,529.17
7059,529.46
7060,531.19
7061,538.33
7062,558.65
7063,597.05
7064,641.11
7065,661.42
7066,641.11
7067,597.06
7068,558.76
7069,539.0
7070,534.62
7071,543.02
7072,570.95
7073,629.35
7074,716.35
7075,801.53
7076,837.8
7077,801.53
7078,716.35
7079,629.34
7080,528.14
7081,528.15
7082,528.18
7083,528.47
7084,530.19
7085,537.32
7086,557.6
7087,595.93
7088,639.91
7089,660.18
7090,639.91
7091,595.94
7092,557.71
7093,537.99
7094,533.61
7095,542.01
7096,569.87
7097,628.16
7098,715.0
7099,800.02
7100,836.22
7101,800.02
7102,715.0
7103,628.16
7104,527.16
7105,527.16
7106,527.2
7107,527.49
7108,529.2
7109,536.32
7110,556.57
7111,594.82
7112,638.72
7113,658.95
7114,638.72
7115,594.83
7116,556.67
7117,536.99
7118,532.62
7119,541.0
7120,568.81
7121,627.0
7122,713.67
7123,798.54
7124,834.67
7125,798.54
7126,713.67
7127,626.99
7128,526.19
7129,526.19
7130,526.22
7131,526.51
7132,528.23
7133,535.33
7134,555.54
7135,593.73
7136,637.54
7137,657.73
7138,637.54
7139,593.74
7140,555.64
7141,536.0
7142,531.64
7143,540.0
7144,567.76
7145,625.84
7146,712.36
7147,797.06
7148,833.13
7149,797.06
7150,712.36
7151,625.84
7152,525.23
7153,525.23
7154,525.26
7155,525.55
7156,527.26
7157,534.35
7158,554.52
7159,592.64
7160,636.38
7161,656.53
7162,636.38
7163,592.65
7164,554.63
7165,535.02
7166,530.67
7167,539.01
7168,566.73
7169,624.7
7170,711.06
7171,795.61
7172,831.61
7173,795.61
7174,711.06
7175,624.69
7176,524.28
7177,524.28
7178,524.31
7179,524.6
7180,526.31
7181,533.38
7182,553.52
7183,591.57
7184,635.22
7185,655.35
7186,635.23
7187,591.58
7188,553.63
7189,534.05
7190,529.71
7191,538.04
7192,565.7
7193,623.57
7194,709.77
7195,794.17
7196,830.11
7197,794.17
7198,709.77
7199,623.56
7200,523.34
7201,523.34
7202,523.38
7203,523.66
7204,525.37
7205,532.43
7206,552.53
7207,590.51
7208,634.09
7209,654.17
7210,634.09
7211,590.52
7212,552.64
7213,533.1
7214,528.76
7215,537.08
7216,564.69
7217,622.45
7218,708.5
7219,792.75
7220,828.62
7221,792.75
7222,708.5
7223,622.45
7224,522.41
7225,522.42
7226,522.45
7227,522.74
7228,524.44
7229,531.49
7230,551.56
7231,589.47
7232,632.97
7233,653.02
7234,632.97
7235,589.48
7236,551.66
7237,532.16
7238,527.82
7239,536.13
7240,563.69
7241,621.35
7242,707.25
7243,791.35
7244,827.16
7245,791.35
7246,707.25
7247,621.35
7248,521.5
7249,521.5
7250,521.54
7251,521.82
7252,523.52
7253,530.56
7254,550.59
7255,588.44
7256,631.86
7257,651.88
7258,631.86
7259,588.45
7260,550.69
7261,531.22
7262,526.9
7263,535.19
7264,562.71
7265,620.27
7266,706.01
7267,789.96
7268,825.71
7269,789.96
7270,706.01
7271,620.26
7272,520.6
7273,520.6
7274,520.64
7275,520.92
7276,522.62
7277,529.64
7278,549.64
7279,587.42
7280,630.77
7281,650.75
7282,630.77
7283,587.43
7284,549.74
7285,530.31
7286,525.99
7287,534.27
7288,561.74
7289,619.19
7290,704.79
7291,788.6
7292,824.28
7293,788.6
7294,704.79
7295,619.19
7296,519.71
7297,519.71
7298,519.75
7299,520.03
7300,521.73
7301,528.74
7302,548.7
7303,586.42
7304,629.69
7305,649.64
7306,629.69
7307,586.43
7308,548.8
7309,529.4
7310,525.09
7311,533.35
7312,560.78
7313,618.14
7314,703.59
7315,787.25
7316,822.88
7317,787.25
7318,703.59
7319,618.14
7320,518.84
7321,518.84
7322,518.87
7323,519.16
7324,520.85
7325,527.85
7326,547.78
7327,585.43
7328,628.63
7329,648.55
7330,628.63
7331,585.44
7332,547.88
7333,528.51
7334,524.21
7335,532.46
7336,559.83
7337,617.1
7338,702.41
7339,785.93
7340,821.49
7341,785.93
7342,702.41
7343,617.09
7344,517.98
7345,517.98
7346,518.01
7347,518.3
7348,519.98
7349,526.97
7350,546.87
7351,584.46
7352,627.59
7353,647.47
7354,627.59
7355,584.47
7356,546.97
7357,527.63
7358,523.34
7359,531.57
7360,558.9
7361,616.07
7362,701.24
7363,784.62
7364,820.13
7365,784.62
7366,701.24
7367,616.07
7368,517.13
7369,517.13
7370,517.16
7371,517.45
7372,519.13
7373,526.11
7374,545.97
7375,583.5
7376,626.56
7377,646.41
7378,626.56
7379,583.52
7380,546.08
7381,526.77
7382,522.48
7383,530.7
7384,557.99
7385,615.06
7386,700.09
7387,783.34
7388,818.79
7389,783.34
7390,700.09
7391,615.06
7392,516.29
7393,516.3
7394,516.33
7395,516.61
7396,518.29
7397,525.26
7398,545.09
7399,582.56
7400,625.55
7401,645.37
7402,625.55
7403,582.57
7404,545.19
7405,525.92
7406,521.64
7407,529.85
7408,557.09
7409,614.07
7410,698.96
7411,782.08
7412,817.46
7413,782.08
7414,698.96
7415,614.07
7416,515.47
7417,515.48
7418,515.51
7419,515.79
7420,517.47
7421,524.43
7422,544.23
7423,581.64
7424,624.56
7425,644.34
7426,624.56
7427,581.65
7428,544.33
7429,525.09
7430,520.81
7431,529.0
7432,556.2
7433,613.1
7434,697.85
7435,780.83
7436,816.17
7437,780.83
7438,697.85
7439,613.09
7440,514.67
7441,514.67
7442,514.7
7443,514.99
7444,516.66
7445,523.61
7446,543.38
7447,580.73
7448,623.58
7449,643.33
7450,623.58
7451,580.74
7452,543.48
7453,524.26
7454,520.0
7455,528.18
7456,555.33
7457,612.14
7458,696.76
7459,779.61
7460,814.89
7461,779.61
7462,696.76
7463,612.14
7464,513.88
7465,513.88
7466,513.91
7467,514.19
7468,515.87
7469,522.8
7470,542.54
7471,579.83
7472,622.62
7473,642.35
7474,622.62
7475,579.85
7476,542.64
7477,523.46
7478,519.2
7479,527.37
7480,554.48
7481,611.2
7482,695.69
7483,778.41
7484,813.64
7485,778.41
7486,695.69
7487,611.19
7488,513.1
7489,513.1
7490,513.14
7491,513.42
7492,515.09
7493,522.01
7494,541.72
7495,578.96
7496,621.68
7497,641.38
7498,621.68
7499,578.97
7500,541.82
7501,522.67
7502,518.41
7503,526.57
7504,553.64
7505,610.27
7506,694.64
7507,777.24
7508,812.41
7509,777.24
7510,694.64
7511,610.27
7512,512.34
7513,512.34
7514,512.38
7515,512.66
7516,514.32
7517,521.24
7518,540.92
7519,578.1
7520,620.76
7521,640.42
7522,620.76
7523,578.11
7524,541.02
7525,521.89
7526,517.64
7527,525.79
7528,552.82
7529,609.37
7530,693.61
7531,776.09
7532,811.2
7533,776.09
7534,693.61
7535,609.37
7536,511.59
7537,511.6
7538,511.63
7539,511.91
7540,513.58
7541,520.48
7542,540.13
7543,577.26
7544,619.86
7545,639.49
7546,619.86
7547,577.27
7548,540.23
7549,521.13
7550,516.89
7551,525.02
7552,552.02
7553,608.48
7554,692.6
7555,774.96
7556,810.02
7557,774.96
7558,692.6
7559,608.48
7560,510.86
7561,510.87
7562,510.9
7563,511.18
7564,512.84
7565,519.74
7566,539.36
7567,576.43
7568,618.97
7569,638.58
7570,618.97
7571,576.45
7572,539.46
7573,520.39
7574,516.15
7575,524.27
7576,551.23
7577,607.61
7578,691.61
7579,773.85
7580,808.87
7581,773.85
7582,691.61
7583,607.61
7584,510.15
7585,510.15
7586,510.18
7587,510.46
7588,512.12
7589,519.01
7590,538.6
7591,575.63
7592,618.11
7593,637.68
7594,618.11
7595,575.64
7596,538.7
7597,519.66
7598,515.43
7599,523.54
7600,550.46
7601,606.76
7602,690.64
7603,772.77
7604,807.73
7605,772.77
7606,690.64
7607,606.76
7608,509.45
7609,509.45
7610,509.48
7611,509.76
7612,511.42
7613,518.3
7614,537.87
7615,574.84
7616,617.26
7617,636.81
7618,617.26
7619,574.85
7620,537.97
7621,518.95
7622,514.72
7623,522.82
7624,549.7
7625,605.93
7626,689.7
7627,771.71
7628,806.63
7629,771.71
7630,689.7
7631,605.93
7632,508.77
7633,508.77
7634,508.8
7635,509.08
7636,510.74
7637,517.6
7638,537.15
7639,574.07
7640,616.43
7641,635.96
7642,616.43
7643,574.08
7644,537.25
7645,518.25
7646,514.03
7647,522.12
7648,548.97
7649,605.12
7650,688.77
7651,770.67
7652,805.55
7653,770.67
7654,688.77
7655,605.12
7656,508.1
7657,508.1
7658,508.14
7659,508.41
7660,510.07
7661,516.93
7662,536.44
7663,573.32
7664,615.62
7665,635.12
7666,615.62
7667,573.33
7668,536.54
7669,517.57
7670,513.36
7671,521.44
7672,548.25
7673,604.33
7674,687.87
7675,769.66
7676,804.49
7677,769.66
7678,687.87
7679,604.32
7680,507.45
7681,507.45
7682,507.49
7683,507.76
7684,509.42
7685,516.26
7686,535.76
7687,572.58
7688,614.84
7689,634.31
7690,614.84
7691,572.59
7692,535.86
7693,516.91
7694,512.7
7695,520.77
7696,547.55
7697,603.55
7698,686.99
7699,768.68
7700,803.46
7701,768.68
7702,686.99
7703,603.55
7704,506.82
7705,506.82
7706,506.85
7707,507.13
7708,508.78
7709,515.62
7710,535.09
7711,571.87
7712,614.07
7713,633.52
7714,614.07
7715,571.88
7716,535.19
7717,516.27
7718,512.06
7719,520.12
7720,546.86
7721,602.8
7722,686.13
7723,767.72
7724,802.46
7725,767.72
7726,686.13
7727,602.8
7728,506.2
7729,506.2
7730,506.24
7731,506.51
7732,508.16
7733,514.99
7734,534.44
7735,571.17
7736,613.32
7737,632.75
7738,613.32
7739,571.18
7740,534.54
7741,515.64
7742,511.44
7743,519.49
7744,546.2
7745,602.07
7746,685.3
7747,766.79
7748,801.48
7749,766.79
7750,685.3
7751,602.06
7752,505.6
7753,505.6
7754,505.64
7755,505.91
7756,507.56
7757,514.38
7758,533.8
7759,570.5
7760,612.6
7761,632.0
7762,612.6
7763,570.51
7764,533.9
7765,515.03
7766,510.84
7767,518.87
7768,545.55
7769,601.35
7770,684.49
7771,765.88
7772,800.53
7773,765.88
7774,684.49
7775,601.35
7776,505.02
7777,505.02
7778,505.05
7779,505.33
7780,506.98
7781,513.79
7782,533.19
7783,569.84
7784,611.89
7785,631.27
7786,611.89
7787,569.85
7788,533.29
7789,514.44
7790,510.25
7791,518.28
7792,544.92
7793,600.66
7794,683.7
7795,765.0
7796,799.61
7797,765.0
7798,683.7
7799,600.66
7800,504.45
7801,504.46
7802,504.49
7803,504.77
7804,506.41
7805,513.22
7806,532.59
7807,569.2
7808,611.21
7809,630.57
7810,611.21
7811,569.21
7812,532.69
7813,513.86
7814,509.68
7815,517.7
7816,544.31
7817,599.99
7818,682.93
7819,764.14
7820,798.72
7821,764.14
7822,682.93
7823,599.99
7824,503.91
7825,503.91
7826,503.94
7827,504.22
7828,505.86
7829,512.66
7830,532.02
7831,568.59
7832,610.54
7833,629.88
7834,610.54
7835,568.6
7836,532.11
7837,513.3
7838,509.13
7839,517.13
7840,543.72
7841,599.34
7842,682.19
7843,763.31
7844,797.85
7845,763.31
7846,682.19
7847,599.34
7848,503.38
7849,503.38
7850,503.41
7851,503.69
7852,505.33
7853,512.12
7854,531.46
7855,567.99
7856,609.9
7857,629.22
7858,609.9
7859,568.0
7860,531.56
7861,512.76
7862,508.59
7863,516.59
7864,543.15
7865,598.71
7866,681.48
7867,762.51
7868,797.01
7869,762.51
7870,681.48
7871,598.71
7872,502.87
7873,502.87
7874,502.9
7875,503.18
7876,504.82
7877,511.6
7878,530.92
7879,567.41
7880,609.28
7881,628.58
7882,609.28
7883,567.42
7884,531.02
7885,512.24
7886,508.07
7887,516.07
7888,542.6
7889,598.1
7890,680.79
7891,761.74
7892,796.2
7893,761.74
7894,680.79
7895,598.1
7896,502.37
7897,502.38
7898,502.41
7899,502.68
7900,504.32
7901,511.1
7902,530.4
7903,566.85
7904,608.69
7905,627.97
7906,608.69
7907,566.87
7908,530.49
7909,511.74
7910,507.58
7911,515.56
7912,542.07
7913,597.52
7914,680.12
7915,760.99
7916,795.42
7917,760.99
7918,680.12
7919,597.51
7920,501.9
7921,501.9
7922,501.93
7923,502.21
7924,503.84
7925,510.62
7926,529.9
7927,566.32
7928,608.11
7929,627.37
7930,608.11
7931,566.33
7932,529.99
7933,511.26
7934,507.1
7935,515.07
7936,541.56
7937,596.95
7938,679.47
7939,760.27
7940,794.67
7941,760.27
7942,679.47
7943,596.95
7944,501.44
7945,501.44
7946,501.48
7947,501.75
7948,503.38
7949,510.15
7950,529.41
7951,565.8
7952,607.56
7953,626.8
7954,607.56
7955,565.82
7956,529.51
7957,510.79
7958,506.63
7959,514.6
7960,541.06
7961,596.41
7962,678.86
7963,759.58
7964,793.95
7965,759.58
7966,678.86
7967,596.4
7968,501.0
7969,501.01
7970,501.04
7971,501.31
7972,502.94
7973,509.71
7974,528.95
7975,565.31
7976,607.03
7977,626.25
7978,607.03
7979,565.32
7980,529.05
7981,510.35
7982,506.19
7983,514.15
7984,540.59
7985,595.89
7986,678.26
7987,758.91
7988,793.25
7989,758.91
7990,678.26
7991,595.88
7992,500.58
7993,500.59
7994,500.62
7995,500.89
7996,502.52
7997,509.28
7998,528.51
7999,564.84
8000,606.52
8001,625.73
8002,606.52
8003,564.85
8004,528.61
8005,509.92
8006,505.77
8007,513.72
8008,540.14
8009,595.39
8010,677.69
8011,758.28
8012,792.59
8013,758.28
8014,677.69
8015,595.38
8016,500.18
8017,500.19
8018,500.22
8019,500.49
8020,502.12
8021,508.87
8022,528.08
8023,564.38
8024,606.03
8025,625.23
8026,606.03
8027,564.39
8028,528.18
8029,509.51
8030,505.36
8031,513.31
8032,539.71
8033,594.91
8034,677.15
8035,757.67
8036,791.96
8037,757.67
8038,677.15
8039,594.91
8040,499.8
8041,499.8
8042,499.84
8043,500.11
8044,501.74
8045,508.48
8046,527.68
8047,563.95
8048,605.57
8049,624.75
8050,605.57
8051,563.96
8052,527.78
8053,509.12
8054,504.98
8055,512.92
8056,539.29
8057,594.46
8058,676.63
8059,757.09
8060,791.35
8061,757.09
8062,676.63
8063,594.45
8064,499.44
8065,499.44
8066,499.47
8067,499.75
8068,501.37
8069,508.11
8070,527.3
8071,563.54
8072,605.13
8073,624.3
8074,605.13
8075,563.55
8076,527.4
8077,508.75
8078,504.61
8079,512.55
8080,538.9
8081,594.02
8082,676.14
8083,756.54
8084,790.78
8085,756.54
8086,676.14
8087,594.02
8088,499.09
8089,499.1
8090,499.13
8091,499.4
8092,501.03
8093,507.76
8094,526.93
8095,563.15
8096,604.71
8097,623.87
8098,604.71
8099,563.17
8100,527.03
8101,508.4
8102,504.26
8103,512.19
8104,538.53
8105,593.62
8106,675.68
8107,756.02
8108,790.23
8109,756.02
8110,675.68
8111,593.61
8112,498.77
8113,498.77
8114,498.8
8115,499.08
8116,500.7
8117,507.43
8118,526.59
8119,562.79
8120,604.32
8121,623.46
8122,604.32
8123,562.8
8124,526.69
8125,508.07
8126,503.93
8127,511.86
8128,538.18
8129,593.23
8130,675.24
8131,755.53
8132,789.72
8133,755.53
8134,675.24
8135,593.23
8136,498.46
8137,498.47
8138,498.5
8139,498.77
8140,500.4
8141,507.12
8142,526.27
8143,562.44
8144,603.95
8145,623.08
8146,603.95
8147,562.45
8148,526.37
8149,507.76
8150,503.63
8151,511.55
8152,537.85
8153,592.87
8154,674.82
8155,755.07
8156,789.23
8157,755.07
8158,674.82
8159,592.86
8160,498.18
8161,498.18
8162,498.21
8163,498.49
8164,500.11
8165,506.83
8166,525.97
8167,562.12
8168,603.6
8169,622.72
8170,603.6
8171,562.13
8172,526.06
8173,507.47
8174,503.34
8175,511.25
8176,537.54
8177,592.53
8178,674.44
8179,754.63
8180,788.78
8181,754.63
8182,674.44
8183,592.52
8184,497.91
8185,497.91
8186,497.95
8187,498.22
8188,499.84
8189,506.56
8190,525.69
8191,561.82
8192,603.28
8193,622.39
8194,603.28
8195,561.83
8196,525.78
8197,507.19
8198,503.07
8199,510.98
8200,537.25
8201,592.21
8202,674.08
8203,754.23
8204,788.36
8205,754.23
8206,674.08
8207,592.2
8208,497.66
8209,497.67
8210,497.7
8211,497.97
8212,499.59
8213,506.31
8214,525.42
8215,561.54
8216,602.98
8217,622.08
8218,602.98
8219,561.55
8220,525.52
8221,506.94
8222,502.82
8223,510.73
8224,536.99
8225,591.91
8226,673.74
8227,753.86
8228,787.97
8229,753.86
8230,673.74
8231,591.91
8232,497.44
8233,497.44
8234,497.47
8235,497.74
8236,499.36
8237,506.08
8238,525.18
8239,561.28
8240,602.7
8241,621.79
8242,602.7
8243,561.3
8244,525.28
8245,506.71
8246,502.59
8247,510.49
8248,536.74
8249,591.64
8250,673.43
8251,753.51
8252,787.61
8253,753.51
8254,673.43
8255,591.64
8256,497.23
8257,497.23
8258,497.26
8259,497.54
8260,499.15
8261,505.87
8262,524.96
8263,561.05
8264,602.45
8265,621.53
8266,602.45
8267,561.06
8268,525.06
8269,506.5
8270,502.38
8271,510.28
8272,536.52
8273,591.4
8274,673.15
8275,753.2
8276,787.28
8277,753.2
8278,673.15
8279,591.39
8280,497.04
8281,497.04
8282,497.07
8283,497.35
8284,498.97
8285,505.67
8286,524.77
8287,560.84
8288,602.22
8289,621.3
8290,602.22
8291,560.85
8292,524.86
8293,506.31
8294,502.19
8295,510.09
8296,536.31
8297,591.17
8298,672.9
8299,752.91
8300,786.98
8301,752.91
8302,672.9
8303,591.17
8304,496.87
8305,496.87
8306,496.91
8307,497.18
8308,498.8
8309,505.5
8310,524.59
8311,560.65
8312,602.02
8313,621.09
8314,602.02
8315,560.66
8316,524.69
8317,506.14
8318,502.02
8319,509.91
8320,536.13
8321,590.97
8322,672.67
8323,752.66
8324,786.71
8325,752.66
8326,672.67
8327,590.97
8328,496.72
8329,496.73
8330,496.76
8331,497.03
8332,498.65
8333,505.35
8334,524.43
8335,560.48
8336,601.84
8337,620.9
8338,601.84
8339,560.49
8340,524.53
8341,505.99
8342,501.87
8343,509.76
8344,535.97
8345,590.8
8346,672.47
8347,752.43
8348,786.48
8349,752.43
8350,672.47
8351,590.79
8352,496.59
8353,496.6
8354,496.63
8355,496.9
8356,498.52
8357,505.22
8358,524.3
8359,560.33
8360,601.68
8361,620.74
8362,601.68
8363,560.35
8364,524.39
8365,505.85
8366,501.74
8367,509.63
8368,535.83
8369,590.64
8370,672.29
8371,752.24
8372,786.27
8373,752.24
8374,672.29
8375,590.64
8376,496.49
8377,496.49
8378,496.52
8379,496.79
8380,498.41
8381,505.11
8382,524.18
8383,560.21
8384,601.55
8385,620.61
8386,601.55
8387,560.22
8388,524.28
8389,505.74
8390,501.63
8391,509.52
8392,535.72
8393,590.51
8394,672.15
8395,752.07
8396,786.1
8397,752.07
8398,672.15
8399,590.51
8400,496.4
8401,496.4
8402,496.43
8403,496.7
8404,498.32
8405,505.02
8406,524.09
8407,560.11
8408,601.44
8409,620.5
8410,601.45
8411,560.12
8412,524.18
8413,505.65
8414,501.54
8415,509.43
8416,535.62
8417,590.41
8418,672.03
8419,751.94
8420,785.96
8421,751.94
8422,672.03
8423,590.4
8424,496.33
8425,496.33
8426,496.36
8427,496.64
8428,498.25
8429,504.95
8430,524.01
8431,560.03
8432,601.36
8433,620.41
8434,601.36
8435,560.05
8436,524.11
8437,505.58
8438,501.47
8439,509.36
8440,535.55
8441,590.33
8442,671.93
8443,751.83
8444,785.85
8445,751.83
8446,671.93
8447,590.32
8448,496.28
8449,496.28
8450,496.31
8451,496.59
8452,498.2
8453,504.9
8454,523.96
8455,559.98
8456,601.3
8457,620.35
8458,601.3
8459,559.99
8460,524.06
8461,505.53
8462,501.42
8463,509.31
8464,535.49
8465,590.27
8466,671.87
8467,751.76
8468,785.78
8469,751.76
8470,671.87
8471,590.26
8472,496.25
8473,496.25
8474,496.29
8475,496.56
8476,498.17
8477,504.87
8478,523.93
8479,559.95
8480,601.27
8481,620.31
8482,601.27
8483,559.96
8484,524.03
8485,505.5
8486,501.39
8487,509.28
8488,535.46
8489,590.23
8490,671.83
8491,751.71
8492,785.73
8493,751.71
8494,671.83
8495,590.23
8496,496.24
8497,496.24
8498,496.28
8499,496.55
8500,498.16
8501,504.86
8502,523.92
8503,559.94
8504,601.26
8505,620.3
8506,601.26
8507,559.95
8508,524.02
8509,505.49
8510,501.38
8511,509.27
8512,535.45
8513,590.22
8514,671.82
8515,751.7
8516,785.72
8517,751.7
8518,671.82
8519,590.22
8520,496.25
8521,496.26
8522,496.29
8523,496.56
8524,498.18
8525,504.87
8526,523.93
8527,559.95
8528,601.27
8529,620.32
8530,601.27
8531,559.96
8532,524.03
8533,505.51
8534,501.39
8535,509.28
8536,535.46
8537,590.24
8538,671.83
8539,751.72
8540,785.73
8541,751.72
8542,671.83
8543,590.23
8544,496.28
8545,496.29
8546,496.32
8547,496.59
8548,498.21
8549,504.9
8550,523.97
8551,559.98
8552,601.31
8553,620.36
8554,601.31
8555,560.0
8556,524.07
8557,505.54
8558,501.42
8559,509.31
8560,535.5
8561,590.27
8562,671.87
8563,751.77
8564,785.78
8565,751.77
8566,671.87
8567,590.27
8568,496.34
8569,496.34
8570,496.37
8571,496.64
8572,498.26
8573,504.96
8574,524.02
8575,560.04
8576,601.37
8577,620.42
8578,601.37
8579,560.05
8580,524.12
8581,505.59
8582,501.48
8583,509.36
8584,535.55
8585,590.33
8586,671.94
8587,751.84
8588,785.86
8589,751.84
8590,671.94
8591,590.33
8592,496.41
8593,496.41
8594,496.44
8595,496.71
8596,498.33
8597,505.03
8598,524.1
8599,560.12
8600,601.46
8601,620.51
8602,601.46
8603,560.13
8604,524.19
8605,505.66
8606,501.55
8607,509.44
8608,535.63
8609,590.42
8610,672.04
8611,751.95
8612,785.98
8613,751.95
8614,672.04
8615,590.42
8616,496.5
8617,496.5
8618,496.53
8619,496.81
8620,498.42
8621,505.12
8622,524.19
8623,560.23
8624,601.57
8625,620.62
8626,601.57
8627,560.24
8628,524.29
8629,505.76
8630,501.64
8631,509.53
8632,535.73
8633,590.53
8634,672.16
8635,752.09
8636,786.12
8637,752.09
8638,672.16
8639,590.52
8640,496.61
8641,496.61
8642,496.64
8643,496.92
8644,498.53
8645,505.24
8646,524.31
8647,560.35
8648,601.7
8649,620.76
8650,601.7
8651,560.36
8652,524.41
8653,505.87
8654,501.75
8655,509.64
8656,535.85
8657,590.66
8658,672.31
8659,752.26
8660,786.3
8661,752.26
8662,672.31
8663,590.66
8664,496.74
8665,496.74
8666,496.78
8667,497.05
8668,498.67
8669,505.37
8670,524.45
8671,560.5
8672,601.86
8673,620.93
8674,601.86
8675,560.51
8676,524.55
8677,506.0
8678,501.88
8679,509.78
8680,535.99
8681,590.82
8682,672.49
8683,752.46
8684,786.51
8685,752.46
8686,672.49
8687,590.81
8688,496.89
8689,496.89
8690,496.93
8691,497.2
8692,498.82
8693,505.52
8694,524.61
8695,560.67
8696,602.04
8697,621.11
8698,602.04
8699,560.68
8700,524.71
8701,506.16
8702,502.04
8703,509.93
8704,536.15
8705,591.0
8706,672.7
8707,752.69
8708,786.74
8709,752.69
8710,672.7
8711,590.99
8712,497.06
8713,497.06
8714,497.1
8715,497.37
8716,498.99
8717,505.7
8718,524.79
8719,560.86
8720,602.25
8721,621.33
8722,602.25
8723,560.87
8724,524.89
8725,506.33
8726,502.21
8727,510.11
8728,536.34
8729,591.2
8730,672.93
8731,752.94
8732,787.01
8733,752.94
8734,672.93
8735,591.2
8736,497.25
8737,497.26
8738,497.29
8739,497.56
8740,499.18
8741,505.89
8742,524.99
8743,561.08
8744,602.48
8745,621.57
8746,602.48
8747,561.09
8748,525.09
8749,506.52
8750,502.4
8751,510.31
8752,536.54
8753,591.43
8754,673.19
8755,753.23
8756,787.32
8757,753.23
8758,673.19
8759,591.42
