hour,solar_cf,wind_cf
0,0.0,0.1904
1,0.0,0.1854
2,0.0,0.1711
3,0.0,0.15
4,0.0,0.1252
5,0.0,0.0999
6,0.0,0.0769
7,0.0669,0.0577
8,0.3045,0.0429
9,0.471,0.0325
10,0.6643,0.0257
11,0.6513,0.022
12,0.7175,0.0208
13,0.6467,0.022
14,0.6221,0.0257
15,0.5037,0.0325
16,0.3097,0.0429
17,0.0654,0.0577
18,0.0,0.0769
19,0.0,0.0999
20,0.0,0.1252
21,0.0,0.15
22,0.0,0.1711
23,0.0,0.1854
24,0.0,0.1904
25,0.0,0.1854
26,0.0,0.1711
27,0.0,0.15
28,0.0,0.1252
29,0.0,0.0999
30,0.0,0.0769
31,0.0581,0.0577
32,0.3077,0.0429
33,0.5251,0.0325
34,0.6631,0.0257
35,0.6854,0.022
36,0.707,0.0208
37,0.6361,0.022
38,0.6964,0.0257
39,0.4938,0.0325
40,0.2839,0.0429
41,0.0619,0.0577
42,0.0,0.0769
43,0.0,0.0999
44,0.0,0.1252
45,0.0,0.15
46,0.0,0.1711
47,0.0,0.1854
48,0.0,0.1904
49,0.0,0.1854
50,0.0,0.1711
51,0.0,0.15
52,0.0,0.1252
53,0.0,0.0999
54,0.0,0.0769
55,0.059,0.0577
56,0.313,0.0429
57,0.4607,0.0325
58,0.6034,0.0257
59,0.6708,0.022
60,0.6466,0.0208
61,0.6336,0.022
62,0.6661,0.0257
63,0.5038,0.0325
64,0.3028,0.0429
65,0.0629,0.0577
66,0.0,0.0769
67,0.0,0.0999
68,0.0,0.1252
69,0.0,0.15
70,0.0,0.1711
71,0.0,0.1854
72,0.0,0.1904
73,0.0,0.1854
74,0.0,0.1711
75,0.0,0.15
76,0.0,0.1252
77,0.0,0.0999
78,0.0,0.0769
79,0.0627,0.0577
80,0.2993,0.0429
81,0.4946,0.0325
82,0.6669,0.0257
83,0.6534,0.022
84,0.6996,0.0208
85,0.6414,0.022
86,0.6499,0.0257
87,0.4957,0.0325
88,0.2754,0.0429
89,0.069,0.0577
90,0.0,0.0769
91,0.0,0.0999
92,0.0,0.1252
93,0.0,0.15
94,0.0,0.1711
95,0.0,0.1854
96,0.0,0.1904
97,0.0,0.1854
98,0.0,0.1711
99,0.0,0.15
100,0.0,0.1252
101,0.0,0.0999
102,0.0,0.0769
103,0.0699,0.0577
104,0.276,0.0429
105,0.5315,0.0325
106,0.6629,0.0257
107,0.6422,0.022
108,0.6272,0.0208
109,0.6729,0.022
110,0.6215,0.0257
111,0.4684,0.0325
112,0.2894,0.0429
113,0.0669,0.0577
114,0.0,0.0769
115,0.0,0.0999
116,0.0,0.1252
117,0.0,0.15
118,0.0,0.1711
119,0.0,0.1854
120,0.0,0.1904
121,0.0,0.1854
122,0.0,0.1711
123,0.0,0.15
124,0.0,0.1252
125,0.0,0.0999
126,0.0,0.0769
127,0.0656,0.0577
128,0.2884,0.0429
129,0.4601,0.0325
130,0.6783,0.0257
131,0.6737,0.022
132,0.6814,0.0208
133,0.6731,0.022
134,0.6182,0.0257
135,0.4939,0.0325
136,0.2925,0.0429
137,0.0665,0.0577
138,0.0,0.0769
139,0.0,0.0999
140,0.0,0.1252
141,0.0,0.15
142,0.0,0.1711
143,0.0,0.1854
144,0.0,0.1904
145,0.0,0.1854
146,0.0,0.1711
147,0.0,0.15
148,0.0,0.1252
149,0.0,0.0999
150,0.0,0.0769
151,0.065,0.0577
152,0.2744,0.0429
153,0.4858,0.0325
154,0.6823,0.0257
155,0.6985,0.022
156,0.6679,0.0208
157,0.7069,0.022
158,0.6234,0.0257
159,0.5229,0.0325
160,0.2885,0.0429
161,0.0655,0.0577
162,0.0,0.0769
163,0.0,0.0999
164,0.0,0.1252
165,0.0,0.15
166,0.0,0.1711
167,0.0,0.1854
168,0.0,0.1904
169,0.0,0.1854
170,0.0,0.1711
171,0.0,0.15
172,0.0,0.1252
173,0.0,0.0999
174,0.0,0.0769
175,0.0657,0.0577
176,0.2984,0.0429
177,0.4627,0.0325
178,0.6834,0.0257
179,0.7057,0.022
180,0.6197,0.0208
181,0.6315,0.022
182,0.6459,0.0257
183,0.5046,0.0325
184,0.2934,0.0429
185,0.0645,0.0577
186,0.0,0.0769
187,0.0,0.0999
188,0.0,0.1252
189,0.0,0.15
190,0.0,0.1711
191,0.0,0.1854
192,0.0,0.1904
193,0.0,0.1854
194,0.0,0.1711
195,0.0,0.15
196,0.0,0.1252
197,0.0,0.0999
198,0.0,0.0769
199,0.0728,0.0577
200,0.2778,0.0429
201,0.5018,0.0325
202,0.6185,0.0257
203,0.6191,0.022
204,0.6832,0.0208
205,0.62,0.022
206,0.6366,0.0257
207,0.5372,0.0325
208,0.2733,0.0429
209,0.071,0.0577
210,0.0,0.0769
211,0.0,0.0999
212,0.0,0.1252
213,0.0,0.15
214,0.0,0.1711
215,0.0,0.1854
216,0.0,0.1904
217,0.0,0.1854
218,0.0,0.1711
219,0.0,0.15
220,0.0,0.1252
221,0.0,0.0999
222,0.0,0.0769
223,0.0664,0.0577
224,0.3061,0.0429
225,0.5172,0.0325
226,0.685,0.0257
227,0.7022,0.022
228,0.7106,0.0208
229,0.6405,0.022
230,0.6057,0.0257
231,0.5369,0.0325
232,0.2825,0.0429
233,0.0693,0.0577
234,0.0,0.0769
235,0.0,0.0999
236,0.0,0.1252
237,0.0,0.15
238,0.0,0.1711
239,0.0,0.1854
240,0.0,0.1904
241,0.0,0.1854
242,0.0,0.1711
243,0.0,0.15
244,0.0,0.1252
245,0.0,0.0999
246,0.0,0.0769
247,0.0736,0.0577
248,0.3115,0.0429
249,0.4856,0.0325
250,0.6212,0.0257
251,0.7249,0.022
252,0.7155,0.0208
253,0.6784,0.022
254,0.6741,0.0257
255,0.4763,0.0325
256,0.2755,0.0429
257,0.0751,0.0577
258,0.0,0.0769
259,0.0,0.0999
260,0.0,0.1252
261,0.0,0.15
262,0.0,0.1711
263,0.0,0.1854
264,0.0,0.1904
265,0.0,0.1854
266,0.0,0.1711
267,0.0,0.15
268,0.0,0.1252
269,0.0,0.0999
270,0.0,0.0769
271,0.0759,0.0577
272,0.3184,0.0429
273,0.531,0.0325
274,0.6376,0.0257
275,0.6483,0.022
276,0.6844,0.0208
277,0.7224,0.022
278,0.6116,0.0257
279,0.5327,0.0325
280,0.3206,0.0429
281,0.0731,0.0577
282,0.0,0.0769
283,0.0,0.0999
284,0.0,0.1252
285,0.0,0.15
286,0.0,0.1711
287,0.0,0.1854
288,0.0,0.1904
289,0.0,0.1854
290,0.0,0.1711
291,0.0,0.15
292,0.0,0.1252
293,0.0,0.0999
294,0.0,0.0769
295,0.0683,0.0577
296,0.3164,0.0429
297,0.489,0.0325
298,0.6459,0.0257
299,0.6449,0.022
300,0.6489,0.0208
301,0.7039,0.022
302,0.68,0.0257
303,0.5046,0.0325
304,0.3204,0.0429
305,0.0667,0.0577
306,0.0,0.0769
307,0.0,0.0999
308,0.0,0.1252
309,0.0,0.15
310,0.0,0.1711
311,0.0,0.1854
312,0.0,0.1904
313,0.0,0.1854
314,0.0,0.1711
315,0.0,0.15
316,0.0,0.1252
317,0.0,0.0999
318,0.0,0.0769
319,0.074,0.0577
320,0.3106,0.0429
321,0.5037,0.0325
322,0.6243,0.0257
323,0.6227,0.022
324,0.6248,0.0208
325,0.6734,0.022
326,0.6784,0.0257
327,0.5348,0.0325
328,0.3107,0.0429
329,0.0751,0.0577
330,0.0,0.0769
331,0.0,0.0999
332,0.0,0.1252
333,0.0,0.15
334,0.0,0.1711
335,0.0,0.1854
336,0.0,0.1904
337,0.0,0.1854
338,0.0,0.1711
339,0.0,0.15
340,0.0,0.1252
341,0.0,0.0999
342,0.0,0.0769
343,0.0769,0.0577
344,0.3078,0.0429
345,0.49,0.0325
346,0.6079,0.0257
347,0.7218,0.022
348,0.6494,0.0208
349,0.7085,0.022
350,0.619,0.0257
351,0.4662,0.0325
352,0.3108,0.0429
353,0.0746,0.0577
354,0.0,0.0769
355,0.0,0.0999
356,0.0,0.1252
357,0.0,0.15
358,0.0,0.1711
359,0.0,0.1854
360,0.0,0.1904
361,0.0,0.1854
362,0.0,0.1711
363,0.0,0.15
364,0.0,0.1252
365,0.0,0.0999
366,0.0,0.0769
367,0.0736,0.0577
368,0.2856,0.0429
369,0.5118,0.0325
370,0.6259,0.0257
371,0.6384,0.022
372,0.6183,0.0208
373,0.687,0.022
374,0.68,0.0257
375,0.4624,0.0325
376,0.3137,0.0429
377,0.0745,0.0577
378,0.0,0.0769
379,0.0,0.0999
380,0.0,0.1252
381,0.0,0.15
382,0.0,0.1711
383,0.0,0.1854
384,0.0,0.1904
385,0.0,0.1854
386,0.0,0.1711
387,0.0,0.15
388,0.0,0.1252
389,0.0,0.0999
390,0.0,0.0769
391,0.072,0.0577
392,0.2932,0.0429
393,0.5261,0.0325
394,0.6275,0.0257
395,0.6444,0.022
396,0.704,0.0208
397,0.6768,0.022
398,0.6674,0.0257
399,0.4953,0.0325
400,0.3145,0.0429
401,0.0787,0.0577
402,0.0,0.0769
403,0.0,0.0999
404,0.0,0.1252
405,0.0,0.15
406,0.0,0.1711
407,0.0,0.1854
408,0.0,0.1904
409,0.0,0.1854
410,0.0,0.1711
411,0.0,0.15
412,0.0,0.1252
413,0.0,0.0999
414,0.0,0.0769
415,0.0834,0.0577
416,0.3238,0.0429
417,0.4788,0.0325
418,0.6921,0.0257
419,0.6412,0.022
420,0.6861,0.0208
421,0.7243,0.022
422,0.7043,0.0257
423,0.4906,0.0325
424,0.2815,0.0429
425,0.0805,0.0577
426,0.0,0.0769
427,0.0,0.0999
428,0.0,0.1252
429,0.0,0.15
430,0.0,0.1711
431,0.0,0.1854
432,0.0,0.1904
433,0.0,0.1854
434,0.0,0.1711
435,0.0,0.15
436,0.0,0.1252
437,0.0,0.0999
438,0.0,0.0769
439,0.0781,0.0577
440,0.3201,0.0429
441,0.4644,0.0325
442,0.6455,0.0257
443,0.6318,0.022
444,0.6943,0.0208
445,0.6352,0.022
446,0.6206,0.0257
447,0.4914,0.0325
448,0.321,0.0429
449,0.0813,0.0577
450,0.0,0.0769
451,0.0,0.0999
452,0.0,0.1252
453,0.0,0.15
454,0.0,0.1711
455,0.0,0.1854
456,0.0,0.1904
457,0.0,0.1854
458,0.0,0.1711
459,0.0,0.15
460,0.0,0.1252
461,0.0,0.0999
462,0.0,0.0769
463,0.0793,0.0577
464,0.3,0.0429
465,0.4983,0.0325
466,0.6967,0.0257
467,0.7002,0.022
468,0.671,0.0208
469,0.6381,0.022
470,0.6856,0.0257
471,0.5021,0.0325
472,0.3084,0.0429
473,0.0751,0.0577
474,0.0,0.0769
475,0.0,0.0999
476,0.0,0.1252
477,0.0,0.15
478,0.0,0.1711
479,0.0,0.1854
480,0.0,0.1904
481,0.0,0.1854
482,0.0,0.1711
483,0.0,0.15
484,0.0,0.1252
485,0.0,0.0999
486,0.0,0.0769
487,0.0812,0.0577
488,0.3027,0.0429
489,0.4676,0.0325
490,0.6064,0.0257
491,0.681,0.022
492,0.6767,0.0208
493,0.6509,0.022
494,0.6177,0.0257
495,0.5005,0.0325
496,0.3049,0.0429
497,0.0817,0.0577
498,0.0,0.0769
499,0.0,0.0999
500,0.0,0.1252
501,0.0,0.15
502,0.0,0.1711
503,0.0,0.1854
504,0.0,0.1904
505,0.0,0.1854
506,0.0,0.1711
507,0.0,0.15
508,0.0,0.1252
509,0.0,0.0999
510,0.0,0.0769
511,0.0838,0.0577
512,0.3109,0.0429
513,0.4878,0.0325
514,0.6675,0.0257
515,0.6579,0.022
516,0.6993,0.0208
517,0.711,0.022
518,0.6585,0.0257
519,0.5245,0.0325
520,0.3079,0.0429
521,0.0871,0.0577
522,0.0,0.0769
523,0.0,0.0999
524,0.0,0.1252
525,0.0,0.15
526,0.0,0.1711
527,0.0,0.1854
528,0.0,0.1904
529,0.0,0.1854
530,0.0,0.1711
531,0.0,0.15
532,0.0,0.1252
533,0.0,0.0999
534,0.0,0.0769
535,0.0897,0.0577
536,0.2879,0.0429
537,0.5052,0.0325
538,0.7058,0.0257
539,0.6643,0.022
540,0.6834,0.0208
541,0.6402,0.022
542,0.6958,0.0257
543,0.5189,0.0325
544,0.31,0.0429
545,0.0817,0.0577
546,0.0,0.0769
547,0.0,0.0999
548,0.0,0.1252
549,0.0,0.15
550,0.0,0.1711
551,0.0,0.1854
552,0.0,0.1904
553,0.0,0.1854
554,0.0,0.1711
555,0.0,0.15
556,0.0,0.1252
557,0.0,0.0999
558,0.0,0.0769
559,0.0814,0.0577
560,0.3281,0.0429
561,0.4968,0.0325
562,0.6252,0.0257
563,0.653,0.022
564,0.6187,0.0208
565,0.6718,0.022
566,0.6259,0.0257
567,0.487,0.0325
568,0.2919,0.0429
569,0.0844,0.0577
570,0.0,0.0769
571,0.0,0.0999
572,0.0,0.1252
573,0.0,0.15
574,0.0,0.1711
575,0.0,0.1854
576,0.0,0.1904
577,0.0,0.1854
578,0.0,0.1711
579,0.0,0.15
580,0.0,0.1252
581,0.0,0.0999
582,0.0,0.0769
583,0.0834,0.0577
584,0.329,0.0429
585,0.4707,0.0325
586,0.6387,0.0257
587,0.6911,0.022
588,0.7163,0.0208
589,0.7145,0.022
590,0.6142,0.0257
591,0.5234,0.0325
592,0.3263,0.0429
593,0.0914,0.0577
594,0.0,0.0769
595,0.0,0.0999
596,0.0,0.1252
597,0.0,0.15
598,0.0,0.1711
599,0.0,0.1854
600,0.0,0.1904
601,0.0,0.1854
602,0.0,0.1711
603,0.0,0.15
604,0.0,0.1252
605,0.0,0.0999
606,0.0,0.0769
607,0.0957,0.0577
608,0.3092,0.0429
609,0.4668,0.0325
610,0.7125,0.0257
611,0.6775,0.022
612,0.6933,0.0208
613,0.72,0.022
614,0.7079,0.0257
615,0.5236,0.0325
616,0.2999,0.0429
617,0.0928,0.0577
618,0.0,0.0769
619,0.0,0.0999
620,0.0,0.1252
621,0.0,0.15
622,0.0,0.1711
623,0.0,0.1854
624,0.0,0.1904
625,0.0,0.1854
626,0.0,0.1711
627,0.0,0.15
628,0.0,0.1252
629,0.0,0.0999
630,0.0,0.0769
631,0.0978,0.0577
632,0.3049,0.0429
633,0.5392,0.0325
634,0.6257,0.0257
635,0.7048,0.022
636,0.7147,0.0208
637,0.6954,0.022
638,0.6755,0.0257
639,0.4976,0.0325
640,0.2896,0.0429
641,0.0947,0.0577
642,0.0,0.0769
643,0.0,0.0999
644,0.0,0.1252
645,0.0,0.15
646,0.0,0.1711
647,0.0,0.1854
648,0.0,0.1904
649,0.0,0.1854
650,0.0,0.1711
651,0.0,0.15
652,0.0,0.1252
653,0.0,0.0999
654,0.0,0.0769
655,0.0898,0.0577
656,0.3243,0.0429
657,0.4821,0.0325
658,0.6218,0.0257
659,0.7162,0.022
660,0.651,0.0208
661,0.667,0.022
662,0.6312,0.0257
663,0.4808,0.0325
664,0.3397,0.0429
665,0.0934,0.0577
666,0.0,0.0769
667,0.0,0.0999
668,0.0,0.1252
669,0.0,0.15
670,0.0,0.1711
671,0.0,0.1854
672,0.0,0.1904
673,0.0,0.1854
674,0.0,0.1711
675,0.0,0.15
676,0.0,0.1252
677,0.0,0.0999
678,0.0,0.0769
679,0.1012,0.0577
680,0.2995,0.0429
681,0.5077,0.0325
682,0.6155,0.0257
683,0.656,0.022
684,0.6862,0.0208
685,0.6755,0.022
686,0.6742,0.0257
687,0.4709,0.0325
688,0.3295,0.0429
689,0.0908,0.0577
690,0.0,0.0769
691,0.0,0.0999
692,0.0,0.1252
693,0.0,0.15
694,0.0,0.1711
695,0.0,0.1854
696,0.0,0.1904
697,0.0,0.1854
698,0.0,0.1711
699,0.0,0.15
700,0.0,0.1252
701,0.0,0.0999
702,0.0,0.0769
703,0.0952,0.0577
704,0.3273,0.0429
705,0.4763,0.0325
706,0.6937,0.0257
707,0.6318,0.022
708,0.6505,0.0208
709,0.6799,0.022
710,0.6627,0.0257
711,0.5374,0.0325
712,0.2924,0.0429
713,0.1007,0.0577
714,0.0,0.0769
715,0.0,0.0999
716,0.0,0.1252
717,0.0,0.15
718,0.0,0.1711
719,0.0,0.1854
720,0.0,0.1904
721,0.0,0.1854
722,0.0,0.1711
723,0.0,0.15
724,0.0,0.1252
725,0.0,0.0999
726,0.0,0.0769
727,0.0963,0.0577
728,0.3329,0.0429
729,0.4823,0.0325
730,0.6278,0.0257
731,0.619,0.022
732,0.7072,0.0208
733,0.6831,0.022
734,0.6159,0.0257
735,0.5048,0.0325
736,0.3292,0.0429
737,0.1007,0.0577
738,0.0,0.0769
739,0.0,0.0999
740,0.0,0.1252
741,0.0,0.15
742,0.0,0.1711
743,0.0,0.1854
744,0.0,0.1904
745,0.0,0.1854
746,0.0,0.1711
747,0.0,0.15
748,0.0,0.1252
749,0.0,0.0999
750,0.0,0.0769
751,0.095,0.0577
752,0.3035,0.0429
753,0.513,0.0325
754,0.6104,0.0257
755,0.6384,0.022
756,0.6869,0.0208
757,0.6536,0.022
758,0.6356,0.0257
759,0.4882,0.0325
760,0.3321,0.0429
761,0.098,0.0577
762,0.0,0.0769
763,0.0,0.0999
764,0.0,0.1252
765,0.0,0.15
766,0.0,0.1711
767,0.0,0.1854
768,0.0,0.1904
769,0.0,0.1854
770,0.0,0.1711
771,0.0,0.15
772,0.0,0.1252
773,0.0,0.0999
774,0.0,0.0769
775,0.1075,0.0577
776,0.3467,0.0429
777,0.5349,0.0325
778,0.7173,0.0257
779,0.6748,0.022
780,0.7214,0.0208
781,0.713,0.022
782,0.629,0.0257
783,0.4876,0.0325
784,0.3163,0.0429
785,0.0957,0.0577
786,0.0,0.0769
787,0.0,0.0999
788,0.0,0.1252
789,0.0,0.15
790,0.0,0.1711
791,0.0,0.1854
792,0.0,0.1904
793,0.0,0.1854
794,0.0,0.1711
795,0.0,0.15
796,0.0,0.1252
797,0.0,0.0999
798,0.0,0.0769
799,0.0958,0.0577
800,0.3218,0.0429
801,0.487,0.0325
802,0.6556,0.0257
803,0.7034,0.022
804,0.7143,0.0208
805,0.6659,0.022
806,0.644,0.0257
807,0.5001,0.0325
808,0.348,0.0429
809,0.1075,0.0577
810,0.0,0.0769
811,0.0,0.0999
812,0.0,0.1252
813,0.0,0.15
814,0.0,0.1711
815,0.0,0.1854
816,0.0,0.1904
817,0.0,0.1854
818,0.0,0.1711
819,0.0,0.15
820,0.0,0.1252
821,0.0,0.0999
822,0.0,0.0769
823,0.1056,0.0577
824,0.3373,0.0429
825,0.5307,0.0325
826,0.6987,0.0257
827,0.6818,0.022
828,0.6804,0.0208
829,0.6264,0.022
830,0.7027,0.0257
831,0.5018,0.0325
832,0.3133,0.0429
833,0.0994,0.0577
834,0.0,0.0769
835,0.0,0.0999
836,0.0,0.1252
837,0.0,0.15
838,0.0,0.1711
839,0.0,0.1854
840,0.0,0.1904
841,0.0,0.1854
842,0.0,0.1711
843,0.0,0.15
844,0.0,0.1252
845,0.0,0.0999
846,0.0,0.0769
847,0.109,0.0577
848,0.3467,0.0429
849,0.5481,0.0325
850,0.6613,0.0257
851,0.6611,0.022
852,0.6207,0.0208
853,0.6467,0.022
854,0.6362,0.0257
855,0.5564,0.0325
856,0.3178,0.0429
857,0.1052,0.0577
858,0.0,0.0769
859,0.0,0.0999
860,0.0,0.1252
861,0.0,0.15
862,0.0,0.1711
863,0.0,0.1854
864,0.0,0.1904
865,0.0,0.1854
866,0.0,0.1711
867,0.0,0.15
868,0.0,0.1252
869,0.0,0.0999
870,0.0,0.0769
871,0.1023,0.0577
872,0.3291,0.0429
873,0.5203,0.0325
874,0.6317,0.0257
875,0.6987,0.022
876,0.7251,0.0208
877,0.7061,0.022
878,0.6529,0.0257
879,0.5206,0.0325
880,0.3191,0.0429
881,0.1062,0.0577
882,0.0,0.0769
883,0.0,0.0999
884,0.0,0.1252
885,0.0,0.15
886,0.0,0.1711
887,0.0,0.1854
888,0.0,0.1904
889,0.0,0.1854
890,0.0,0.1711
891,0.0,0.15
892,0.0,0.1252
893,0.0,0.0999
894,0.0,0.0769
895,0.1049,0.0577
896,0.3317,0.0429
897,0.4829,0.0325
898,0.6136,0.0257
899,0.6782,0.022
900,0.6969,0.0208
901,0.653,0.022
902,0.6127,0.0257
903,0.5311,0.0325
904,0.3186,0.0429
905,0.1148,0.0577
906,0.0,0.0769
907,0.0,0.0999
908,0.0,0.1252
909,0.0,0.15
910,0.0,0.1711
911,0.0,0.1854
912,0.0,0.1904
913,0.0,0.1854
914,0.0,0.1711
915,0.0,0.15
916,0.0,0.1252
917,0.0,0.0999
918,0.0,0.0769
919,0.1153,0.0577
920,0.328,0.0429
921,0.5133,0.0325
922,0.6709,0.0257
923,0.6193,0.022
924,0.6196,0.0208
925,0.6785,0.022
926,0.6902,0.0257
927,0.4935,0.0325
928,0.3307,0.0429
929,0.1124,0.0577
930,0.0,0.0769
931,0.0,0.0999
932,0.0,0.1252
933,0.0,0.15
934,0.0,0.1711
935,0.0,0.1854
936,0.0,0.1904
937,0.0,0.1854
938,0.0,0.1711
939,0.0,0.15
940,0.0,0.1252
941,0.0,0.0999
942,0.0,0.0769
943,0.1192,0.0577
944,0.3079,0.0429
945,0.5369,0.0325
946,0.7139,0.0257
947,0.7239,0.022
948,0.6635,0.0208
949,0.7025,0.022
950,0.6142,0.0257
951,0.4913,0.0325
952,0.3188,0.0429
953,0.1209,0.0577
954,0.0,0.0769
955,0.0,0.0999
956,0.0,0.1252
957,0.0,0.15
958,0.0,0.1711
959,0.0,0.1854
960,0.0,0.1904
961,0.0,0.1854
962,0.0,0.1711
963,0.0,0.15
964,0.0,0.1252
965,0.0,0.0999
966,0.0,0.0769
967,0.1123,0.0577
968,0.3228,0.0429
969,0.4816,0.0325
970,0.6246,0.0257
971,0.6184,0.022
972,0.6544,0.0208
973,0.6798,0.022
974,0.6573,0.0257
975,0.5034,0.0325
976,0.3128,0.0429
977,0.1201,0.0577
978,0.0,0.0769
979,0.0,0.0999
980,0.0,0.1252
981,0.0,0.15
982,0.0,0.1711
983,0.0,0.1854
984,0.0,0.1904
985,0.0,0.1854
986,0.0,0.1711
987,0.0,0.15
988,0.0,0.1252
989,0.0,0.0999
990,0.0,0.0769
991,0.1245,0.0577
992,0.3341,0.0429
993,0.5587,0.0325
994,0.6647,0.0257
995,0.6413,0.022
996,0.6553,0.0208
997,0.6469,0.022
998,0.6377,0.0257
999,0.5034,0.0325
1000,0.3344,0.0429
1001,0.1185,0.0577
1002,0.0,0.0769
1003,0.0,0.0999
1004,0.0,0.1252
1005,0.0,0.15
1006,0.0,0.1711
1007,0.0,0.1854
1008,0.0,0.1904
1009,0.0,0.1854
1010,0.0,0.1711
1011,0.0,0.15
1012,0.0,0.1252
1013,0.0,0.0999
1014,0.0,0.0769
1015,0.1247,0.0577
1016,0.3299,0.0429
1017,0.501,0.0325
1018,0.6375,0.0257
1019,0.7049,0.022
1020,0.6743,0.0208
1021,0.6257,0.022
1022,0.7007,0.0257
1023,0.5592,0.0325
1024,0.3548,0.0429
1025,0.1159,0.0577
1026,0.0,0.0769
1027,0.0,0.0999
1028,0.0,0.1252
1029,0.0,0.15
1030,0.0,0.1711
1031,0.0,0.1854
1032,0.0,0.1904
1033,0.0,0.1854
1034,0.0,0.1711
1035,0.0,0.15
1036,0.0,0.1252
1037,0.0,0.0999
1038,0.0,0.0769
1039,0.1259,0.0577
1040,0.319,0.0429
1041,0.4865,0.0325
1042,0.7067,0.0257
1043,0.6683,0.022
1044,0.6275,0.0208
1045,0.6285,0.022
1046,0.6974,0.0257
1047,0.4957,0.0325
1048,0.3436,0.0429
1049,0.1261,0.0577
1050,0.0,0.0769
1051,0.0,0.0999
1052,0.0,0.1252
1053,0.0,0.15
1054,0.0,0.1711
1055,0.0,0.1854
1056,0.0,0.1904
1057,0.0,0.1854
1058,0.0,0.1711
1059,0.0,0.15
1060,0.0,0.1252
1061,0.0,0.0999
1062,0.0,0.0769
1063,0.1186,0.0577
1064,0.3285,0.0429
1065,0.5613,0.0325
1066,0.703,0.0257
1067,0.6346,0.022
1068,0.6626,0.0208
1069,0.6671,0.022
1070,0.6542,0.0257
1071,0.5157,0.0325
1072,0.3551,0.0429
1073,0.1304,0.0577
1074,0.0,0.0769
1075,0.0,0.0999
1076,0.0,0.1252
1077,0.0,0.15
1078,0.0,0.1711
1079,0.0,0.1854
1080,0.0,0.1904
1081,0.0,0.1854
1082,0.0,0.1711
1083,0.0,0.15
1084,0.0,0.1252
1085,0.0,0.0999
1086,0.0,0.0769
1087,0.1365,0.0577
1088,0.3182,0.0429
1089,0.5624,0.0325
1090,0.6249,0.0257
1091,0.6363,0.022
1092,0.6284,0.0208
1093,0.6673,0.022
1094,0.6159,0.0257
1095,0.5516,0.0325
1096,0.3426,0.0429
1097,0.1249,0.0577
1098,0.0,0.0769
1099,0.0,0.0999
1100,0.0,0.1252
1101,0.0,0.15
1102,0.0,0.1711
1103,0.0,0.1854
1104,0.0,0.1904
1105,0.0,0.1854
1106,0.0,0.1711
1107,0.0,0.15
1108,0.0,0.1252
1109,0.0,0.0999
1110,0.0,0.0769
1111,0.1354,0.0577
1112,0.3254,0.0429
1113,0.5154,0.0325
1114,0.6751,0.0257
1115,0.7008,0.022
1116,0.6197,0.0208
1117,0.6762,0.022
1118,0.7085,0.0257
1119,0.5092,0.0325
1120,0.3295,0.0429
1121,0.1285,0.0577
1122,0.0,0.0769
1123,0.0,0.0999
1124,0.0,0.1252
1125,0.0,0.15
1126,0.0,0.1711
1127,0.0,0.1854
1128,0.0,0.1904
1129,0.0,0.1854
1130,0.0,0.1711
1131,0.0,0.15
1132,0.0,0.1252
1133,0.0,0.0999
1134,0.0,0.0769
1135,0.1269,0.0577
1136,0.3346,0.0429
1137,0.512,0.0325
1138,0.7034,0.0257
1139,0.6457,0.022
1140,0.6717,0.0208
1141,0.6326,0.022
1142,0.6286,0.0257
1143,0.54,0.0325
1144,0.3286,0.0429
1145,0.1334,0.0577
1146,0.0,0.0769
1147,0.0,0.0999
1148,0.0,0.1252
1149,0.0,0.15
1150,0.0,0.1711
1151,0.0,0.1854
1152,0.0,0.1904
1153,0.0,0.1854
1154,0.0,0.1711
1155,0.0,0.15
1156,0.0,0.1252
1157,0.0,0.0999
1158,0.0,0.0769
1159,0.1418,0.0577
1160,0.3191,0.0429
1161,0.498,0.0325
1162,0.6504,0.0257
1163,0.6288,0.022
1164,0.6915,0.0208
1165,0.6636,0.022
1166,0.6881,0.0257
1167,0.5229,0.0325
1168,0.3515,0.0429
1169,0.1244,0.0577
1170,0.0,0.0769
1171,0.0,0.0999
1172,0.0,0.1252
1173,0.0,0.15
1174,0.0,0.1711
1175,0.0,0.1854
1176,0.0,0.1904
1177,0.0,0.1854
1178,0.0,0.1711
1179,0.0,0.15
1180,0.0,0.1252
1181,0.0,0.0999
1182,0.0,0.0769
1183,0.1385,0.0577
1184,0.3268,0.0429
1185,0.515,0.0325
1186,0.6198,0.0257
1187,0.6257,0.022
1188,0.6781,0.0208
1189,0.6797,0.022
1190,0.6638,0.0257
1191,0.5059,0.0325
1192,0.3598,0.0429
1193,0.146,0.0577
1194,0.0,0.0769
1195,0.0,0.0999
1196,0.0,0.1252
1197,0.0,0.15
1198,0.0,0.1711
1199,0.0,0.1854
1200,0.0,0.1904
1201,0.0,0.1854
1202,0.0,0.1711
1203,0.0,0.15
1204,0.0,0.1252
1205,0.0,0.0999
1206,0.0,0.0769
1207,0.131,0.0577
1208,0.3296,0.0429
1209,0.5277,0.0325
1210,0.6189,0.0257
1211,0.6378,0.022
1212,0.6336,0.0208
1213,0.6253,0.022
1214,0.6331,0.0257
1215,0.5515,0.0325
1216,0.3265,0.0429
1217,0.1427,0.0577
1218,0.0,0.0769
1219,0.0,0.0999
1220,0.0,0.1252
1221,0.0,0.15
1222,0.0,0.1711
1223,0.0,0.1854
1224,0.0,0.1904
1225,0.0,0.1854
1226,0.0,0.1711
1227,0.0,0.15
1228,0.0,0.1252
1229,0.0,0.0999
1230,0.0,0.0769
1231,0.1376,0.0577
1232,0.3536,0.0429
1233,0.5704,0.0325
1234,0.7131,0.0257
1235,0.6416,0.022
1236,0.7106,0.0208
1237,0.6373,0.022
1238,0.6385,0.0257
1239,0.5349,0.0325
1240,0.3767,0.0429
1241,0.1367,0.0577
1242,0.0,0.0769
1243,0.0,0.0999
1244,0.0,0.1252
1245,0.0,0.15
1246,0.0,0.1711
1247,0.0,0.1854
1248,0.0,0.1904
1249,0.0,0.1854
1250,0.0,0.1711
1251,0.0,0.15
1252,0.0,0.1252
1253,0.0,0.0999
1254,0.0,0.0769
1255,0.1403,0.0577
1256,0.3543,0.0429
1257,0.5114,0.0325
1258,0.6232,0.0257
1259,0.6845,0.022
1260,0.6488,0.0208
1261,0.6909,0.022
1262,0.7227,0.0257
1263,0.5327,0.0325
1264,0.3256,0.0429
1265,0.1541,0.0577
1266,0.0,0.0769
1267,0.0,0.0999
1268,0.0,0.1252
1269,0.0,0.15
1270,0.0,0.1711
1271,0.0,0.1854
1272,0.0,0.1904
1273,0.0,0.1854
1274,0.0,0.1711
1275,0.0,0.15
1276,0.0,0.1252
1277,0.0,0.0999
1278,0.0,0.0769
1279,0.1506,0.0577
1280,0.3808,0.0429
1281,0.5721,0.0325
1282,0.6258,0.0257
1283,0.6416,0.022
1284,0.6326,0.0208
1285,0.6271,0.022
1286,0.6981,0.0257
1287,0.4962,0.0325
1288,0.3524,0.0429
1289,0.1504,0.0577
1290,0.0,0.0769
1291,0.0,0.0999
1292,0.0,0.1252
1293,0.0,0.15
1294,0.0,0.1711
1295,0.0,0.1854
1296,0.0,0.1904
1297,0.0,0.1854
1298,0.0,0.1711
1299,0.0,0.15
1300,0.0,0.1252
1301,0.0,0.0999
1302,0.0,0.0769
1303,0.1475,0.0577
1304,0.347,0.0429
1305,0.5405,0.0325
1306,0.6792,0.0257
1307,0.674,0.022
1308,0.6231,0.0208
1309,0.6839,0.022
1310,0.6756,0.0257
1311,0.5139,0.0325
1312,0.3494,0.0429
1313,0.1438,0.0577
1314,0.0,0.0769
1315,0.0,0.0999
1316,0.0,0.1252
1317,0.0,0.15
1318,0.0,0.1711
1319,0.0,0.1854
1320,0.0,0.1904
1321,0.0,0.1854
1322,0.0,0.1711
1323,0.0,0.15
1324,0.0,0.1252
1325,0.0,0.0999
1326,0.0,0.0769
1327,0.1379,0.0577
1328,0.3743,0.0429
1329,0.5769,0.0325
1330,0.7029,0.0257
1331,0.677,0.022
1332,0.712,0.0208
1333,0.6879,0.022
1334,0.7188,0.0257
1335,0.5481,0.0325
1336,0.3437,0.0429
1337,0.1531,0.0577
1338,0.0,0.0769
1339,0.0,0.0999
1340,0.0,0.1252
1341,0.0,0.15
1342,0.0,0.1711
1343,0.0,0.1854
1344,0.0,0.1904
1345,0.0,0.1854
1346,0.0,0.1711
1347,0.0,0.15
1348,0.0,0.1252
1349,0.0,0.0999
1350,0.0,0.0769
1351,0.1519,0.0577
1352,0.3332,0.0429
1353,0.501,0.0325
1354,0.6615,0.0257
1355,0.7173,0.022
1356,0.7019,0.0208
1357,0.6782,0.022
1358,0.6799,0.0257
1359,0.5793,0.0325
1360,0.3538,0.0429
1361,0.1433,0.0577
1362,0.0,0.0769
1363,0.0,0.0999
1364,0.0,0.1252
1365,0.0,0.15
1366,0.0,0.1711
1367,0.0,0.1854
1368,0.0,0.1904
1369,0.0,0.1854
1370,0.0,0.1711
1371,0.0,0.15
1372,0.0,0.1252
1373,0.0,0.0999
1374,0.0,0.0769
1375,0.1543,0.0577
1376,0.3351,0.0429
1377,0.5058,0.0325
1378,0.7054,0.0257
1379,0.6728,0.022
1380,0.6435,0.0208
1381,0.6311,0.022
1382,0.6228,0.0257
1383,0.5129,0.0325
1384,0.3306,0.0429
1385,0.1662,0.0577
1386,0.0,0.0769
1387,0.0,0.0999
1388,0.0,0.1252
1389,0.0,0.15
1390,0.0,0.1711
1391,0.0,0.1854
1392,0.0,0.1904
1393,0.0,0.1854
1394,0.0,0.1711
1395,0.0,0.15
1396,0.0,0.1252
1397,0.0,0.0999
1398,0.0,0.0769
1399,0.1501,0.0577
1400,0.3763,0.0429
1401,0.5398,0.0325
1402,0.655,0.0257
1403,0.6287,0.022
1404,0.6195,0.0208
1405,0.7078,0.022
1406,0.7192,0.0257
1407,0.5516,0.0325
1408,0.343,0.0429
1409,0.1446,0.0577
1410,0.0,0.0769
1411,0.0,0.0999
1412,0.0,0.1252
1413,0.0,0.15
1414,0.0,0.1711
1415,0.0,0.1854
1416,0.0,0.1904
1417,0.0,0.1854
1418,0.0,0.1711
1419,0.0,0.15
1420,0.0,0.1252
1421,0.0,0.0999
1422,0.0,0.0769
1423,0.1561,0.0577
1424,0.3873,0.0429
1425,0.5087,0.0325
1426,0.6882,0.0257
1427,0.6334,0.022
1428,0.7076,0.0208
1429,0.6552,0.022
1430,0.7161,0.0257
1431,0.5616,0.0325
1432,0.3508,0.0429
1433,0.1645,0.0577
1434,0.0,0.0769
1435,0.0,0.0999
1436,0.0,0.1252
1437,0.0,0.15
1438,0.0,0.1711
1439,0.0,0.1854
1440,0.0,0.1904
1441,0.0,0.1854
1442,0.0,0.1711
1443,0.0,0.15
1444,0.0,0.1252
1445,0.0,0.0999
1446,0.0,0.0769
1447,0.1527,0.0577
1448,0.3472,0.0429
1449,0.5213,0.0325
1450,0.6903,0.0257
1451,0.6559,0.022
1452,0.6822,0.0208
1453,0.6742,0.022
1454,0.6786,0.0257
1455,0.5351,0.0325
1456,0.3649,0.0429
1457,0.1596,0.0577
1458,0.0,0.0769
1459,0.0,0.0999
1460,0.0,0.1252
1461,0.0,0.15
1462,0.0,0.1711
1463,0.0,0.1854
1464,0.0,0.1904
1465,0.0,0.1854
1466,0.0,0.1711
1467,0.0,0.15
1468,0.0,0.1252
1469,0.0,0.0999
1470,0.0,0.0769
1471,0.1559,0.0577
1472,0.3425,0.0429
1473,0.5217,0.0325
1474,0.6451,0.0257
1475,0.6493,0.022
1476,0.6253,0.0208
1477,0.662,0.022
1478,0.6741,0.0257
1479,0.5714,0.0325
1480,0.3869,0.0429
1481,0.1608,0.0577
1482,0.0,0.0769
1483,0.0,0.0999
1484,0.0,0.1252
1485,0.0,0.15
1486,0.0,0.1711
1487,0.0,0.1854
1488,0.0,0.1904
1489,0.0,0.1854
1490,0.0,0.1711
1491,0.0,0.15
1492,0.0,0.1252
1493,0.0,0.0999
1494,0.0,0.0769
1495,0.1654,0.0577
1496,0.3738,0.0429
1497,0.5585,0.0325
1498,0.6659,0.0257
1499,0.7079,0.022
1500,0.6778,0.0208
1501,0.6435,0.022
1502,0.6312,0.0257
1503,0.583,0.0325
1504,0.37,0.0429
1505,0.1717,0.0577
1506,0.0,0.0769
1507,0.0,0.0999
1508,0.0,0.1252
1509,0.0,0.15
1510,0.0,0.1711
1511,0.0,0.1854
1512,0.0,0.1904
1513,0.0,0.1854
1514,0.0,0.1711
1515,0.0,0.15
1516,0.0,0.1252
1517,0.0,0.0999
1518,0.0,0.0769
1519,0.1595,0.0577
1520,0.3922,0.0429
1521,0.5091,0.0325
1522,0.646,0.0257
1523,0.6249,0.022
1524,0.6201,0.0208
1525,0.7107,0.022
1526,0.6863,0.0257
1527,0.5109,0.0325
1528,0.3414,0.0429
1529,0.1584,0.0577
1530,0.0,0.0769
1531,0.0,0.0999
1532,0.0,0.1252
1533,0.0,0.15
1534,0.0,0.1711
1535,0.0,0.1854
1536,0.0,0.1904
1537,0.0,0.1854
1538,0.0,0.1711
1539,0.0,0.15
1540,0.0,0.1252
1541,0.0,0.0999
1542,0.0,0.0769
1543,0.1598,0.0577
1544,0.3615,0.0429
1545,0.5096,0.0325
1546,0.6448,0.0257
1547,0.7039,0.022
1548,0.6793,0.0208
1549,0.6543,0.022
1550,0.688,0.0257
1551,0.5192,0.0325
1552,0.3981,0.0429
1553,0.1664,0.0577
1554,0.0,0.0769
1555,0.0,0.0999
1556,0.0,0.1252
1557,0.0,0.15
1558,0.0,0.1711
1559,0.0,0.1854
1560,0.0,0.1904
1561,0.0,0.1854
1562,0.0,0.1711
1563,0.0,0.15
1564,0.0,0.1252
1565,0.0,0.0999
1566,0.0,0.0769
1567,0.1604,0.0577
1568,0.3563,0.0429
1569,0.5491,0.0325
1570,0.6816,0.0257
1571,0.6207,0.022
1572,0.6688,0.0208
1573,0.6358,0.022
1574,0.6811,0.0257
1575,0.5591,0.0325
1576,0.367,0.0429
1577,0.1792,0.0577
1578,0.0,0.0769
1579,0.0,0.0999
1580,0.0,0.1252
1581,0.0,0.15
1582,0.0,0.1711
1583,0.0,0.1854
1584,0.0,0.1904
1585,0.0,0.1854
1586,0.0,0.1711
1587,0.0,0.15
1588,0.0,0.1252
1589,0.0,0.0999
1590,0.0,0.0769
1591,0.1791,0.0577
1592,0.35,0.0429
1593,0.5115,0.0325
1594,0.6223,0.0257
1595,0.6219,0.022
1596,0.6624,0.0208
1597,0.6236,0.022
1598,0.6724,0.0257
1599,0.5436,0.0325
1600,0.3736,0.0429
1601,0.1716,0.0577
1602,0.0,0.0769
1603,0.0,0.0999
1604,0.0,0.1252
1605,0.0,0.15
1606,0.0,0.1711
1607,0.0,0.1854
1608,0.0,0.1904
1609,0.0,0.1854
1610,0.0,0.1711
1611,0.0,0.15
1612,0.0,0.1252
1613,0.0,0.0999
1614,0.0,0.0769
1615,0.1757,0.0577
1616,0.3894,0.0429
1617,0.5255,0.0325
1618,0.6603,0.0257
1619,0.6613,0.022
1620,0.7079,0.0208
1621,0.7187,0.022
1622,0.6427,0.0257
1623,0.5863,0.0325
1624,0.3674,0.0429
1625,0.1782,0.0577
1626,0.0,0.0769
1627,0.0,0.0999
1628,0.0,0.1252
1629,0.0,0.15
1630,0.0,0.1711
1631,0.0,0.1854
1632,0.0,0.1904
1633,0.0,0.1854
1634,0.0,0.1711
1635,0.0,0.15
1636,0.0,0.1252
1637,0.0,0.0999
1638,0.0,0.0769
1639,0.1876,0.0577
1640,0.3923,0.0429
1641,0.5722,0.0325
1642,0.7016,0.0257
1643,0.6562,0.022
1644,0.6358,0.0208
1645,0.6434,0.022
1646,0.6652,0.0257
1647,0.5415,0.0325
1648,0.3544,0.0429
1649,0.1796,0.0577
1650,0.0,0.0769
1651,0.0,0.0999
1652,0.0,0.1252
1653,0.0,0.15
1654,0.0,0.1711
1655,0.0,0.1854
1656,0.0,0.1904
1657,0.0,0.1854
1658,0.0,0.1711
1659,0.0,0.15
1660,0.0,0.1252
1661,0.0,0.0999
1662,0.0,0.0769
1663,0.1771,0.0577
1664,0.404,0.0429
1665,0.5532,0.0325
1666,0.633,0.0257
1667,0.6172,0.022
1668,0.7216,0.0208
1669,0.7072,0.022
1670,0.7234,0.0257
1671,0.5076,0.0325
1672,0.4049,0.0429
1673,0.1938,0.0577
1674,0.0,0.0769
1675,0.0,0.0999
1676,0.0,0.1252
1677,0.0,0.15
1678,0.0,0.1711
1679,0.0,0.1854
1680,0.0,0.1904
1681,0.0,0.1854
1682,0.0,0.1711
1683,0.0,0.15
1684,0.0,0.1252
1685,0.0,0.0999
1686,0.0,0.0769
1687,0.1841,0.0577
1688,0.3708,0.0429
1689,0.5635,0.0325
1690,0.6701,0.0257
1691,0.6347,0.022
1692,0.6709,0.0208
1693,0.6407,0.022
1694,0.6535,0.0257
1695,0.5332,0.0325
1696,0.3534,0.0429
1697,0.1755,0.0577
1698,0.0,0.0769
1699,0.0,0.0999
1700,0.0,0.1252
1701,0.0,0.15
1702,0.0,0.1711
1703,0.0,0.1854
1704,0.0,0.1904
1705,0.0,0.1854
1706,0.0,0.1711
1707,0.0,0.15
1708,0.0,0.1252
1709,0.0,0.0999
1710,0.0,0.0769
1711,0.1828,0.0577
1712,0.4024,0.0429
1713,0.594,0.0325
1714,0.6168,0.0257
1715,0.6616,0.022
1716,0.6319,0.0208
1717,0.6937,0.022
1718,0.6539,0.0257
1719,0.5313,0.0325
1720,0.4119,0.0429
1721,0.189,0.0577
1722,0.0,0.0769
1723,0.0,0.0999
1724,0.0,0.1252
1725,0.0,0.15
1726,0.0,0.1711
1727,0.0,0.1854
1728,0.0,0.1904
1729,0.0,0.1854
1730,0.0,0.1711
1731,0.0,0.15
1732,0.0,0.1252
1733,0.0,0.0999
1734,0.0,0.0769
1735,0.193,0.0577
1736,0.3838,0.0429
1737,0.5463,0.0325
1738,0.666,0.0257
1739,0.6513,0.022
1740,0.6624,0.0208
1741,0.656,0.022
1742,0.6446,0.0257
1743,0.5095,0.0325
1744,0.3536,0.0429
1745,0.1833,0.0577
1746,0.0,0.0769
1747,0.0,0.0999
1748,0.0,0.1252
1749,0.0,0.15
1750,0.0,0.1711
1751,0.0,0.1854
1752,0.0,0.1904
1753,0.0,0.1854
1754,0.0,0.1711
1755,0.0,0.15
1756,0.0,0.1252
1757,0.0,0.0999
1758,0.0,0.0769
1759,0.1957,0.0577
1760,0.3984,0.0429
1761,0.5202,0.0325
1762,0.7173,0.0257
1763,0.7072,0.022
1764,0.6956,0.0208
1765,0.6175,0.022
1766,0.6995,0.0257
1767,0.5841,0.0325
1768,0.4102,0.0429
1769,0.1871,0.0577
1770,0.0,0.0769
1771,0.0,0.0999
1772,0.0,0.1252
1773,0.0,0.15
1774,0.0,0.1711
1775,0.0,0.1854
1776,0.0,0.1904
1777,0.0,0.1854
1778,0.0,0.1711
1779,0.0,0.15
1780,0.0,0.1252
1781,0.0,0.0999
1782,0.0,0.0769
1783,0.1853,0.0577
1784,0.4083,0.0429
1785,0.511,0.0325
1786,0.6476,0.0257
1787,0.7148,0.022
1788,0.6493,0.0208
1789,0.628,0.022
1790,0.6537,0.0257
1791,0.5465,0.0325
1792,0.3917,0.0429
1793,0.1972,0.0577
1794,0.0,0.0769
1795,0.0,0.0999
1796,0.0,0.1252
1797,0.0,0.15
1798,0.0,0.1711
1799,0.0,0.1854
1800,0.0,0.1904
1801,0.0,0.1854
1802,0.0,0.1711
1803,0.0,0.15
1804,0.0,0.1252
1805,0.0,0.0999
1806,0.0,0.0769
1807,0.201,0.0577
1808,0.3713,0.0429
1809,0.5152,0.0325
1810,0.6313,0.0257
1811,0.6421,0.022
1812,0.6389,0.0208
1813,0.6842,0.022
1814,0.6599,0.0257
1815,0.5384,0.0325
1816,0.4071,0.0429
1817,0.2055,0.0577
1818,0.0,0.0769
1819,0.0,0.0999
1820,0.0,0.1252
1821,0.0,0.15
1822,0.0,0.1711
1823,0.0,0.1854
1824,0.0,0.1904
1825,0.0,0.1854
1826,0.0,0.1711
1827,0.0,0.15
1828,0.0,0.1252
1829,0.0,0.0999
1830,0.0,0.0769
1831,0.1857,0.0577
1832,0.3875,0.0429
1833,0.5697,0.0325
1834,0.6824,0.0257
1835,0.7052,0.022
1836,0.6714,0.0208
1837,0.6758,0.022
1838,0.6255,0.0257
1839,0.549,0.0325
1840,0.3823,0.0429
1841,0.2047,0.0577
1842,0.0,0.0769
1843,0.0,0.0999
1844,0.0,0.1252
1845,0.0,0.15
1846,0.0,0.1711
1847,0.0,0.1854
1848,0.0,0.1904
1849,0.0,0.1854
1850,0.0,0.1711
1851,0.0,0.15
1852,0.0,0.1252
1853,0.0,0.0999
1854,0.0,0.0769
1855,0.2019,0.0577
1856,0.3936,0.0429
1857,0.5688,0.0325
1858,0.6617,0.0257
1859,0.6525,0.022
1860,0.6471,0.0208
1861,0.6728,0.022
1862,0.6531,0.0257
1863,0.563,0.0325
1864,0.378,0.0429
1865,0.1964,0.0577
1866,0.0,0.0769
1867,0.0,0.0999
1868,0.0,0.1252
1869,0.0,0.15
1870,0.0,0.1711
1871,0.0,0.1854
1872,0.0,0.1904
1873,0.0,0.1854
1874,0.0,0.1711
1875,0.0,0.15
1876,0.0,0.1252
1877,0.0,0.0999
1878,0.0,0.0769
1879,0.2097,0.0577
1880,0.4105,0.0429
1881,0.5645,0.0325
1882,0.6571,0.0257
1883,0.6917,0.022
1884,0.7002,0.0208
1885,0.6412,0.022
1886,0.6836,0.0257
1887,0.5782,0.0325
1888,0.4134,0.0429
1889,0.2146,0.0577
1890,0.0,0.0769
1891,0.0,0.0999
1892,0.0,0.1252
1893,0.0,0.15
1894,0.0,0.1711
1895,0.0,0.1854
1896,0.0,0.1904
1897,0.0,0.1854
1898,0.0,0.1711
1899,0.0,0.15
1900,0.0,0.1252
1901,0.0,0.0999
1902,0.0,0.0769
1903,0.2007,0.0577
1904,0.4179,0.0429
1905,0.5306,0.0325
1906,0.6975,0.0257
1907,0.7194,0.022
1908,0.6202,0.0208
1909,0.6983,0.022
1910,0.6915,0.0257
1911,0.5722,0.0325
1912,0.4181,0.0429
1913,0.2021,0.0577
1914,0.0,0.0769
1915,0.0,0.0999
1916,0.0,0.1252
1917,0.0,0.15
1918,0.0,0.1711
1919,0.0,0.1854
1920,0.0,0.1904
1921,0.0,0.1854
1922,0.0,0.1711
1923,0.0,0.15
1924,0.0,0.1252
1925,0.0,0.0999
1926,0.0,0.0769
1927,0.2029,0.0577
1928,0.4263,0.0429
1929,0.5829,0.0325
1930,0.6993,0.0257
1931,0.687,0.022
1932,0.7233,0.0208
1933,0.6512,0.022
1934,0.6183,0.0257
1935,0.5654,0.0325
1936,0.4268,0.0429
1937,0.2158,0.0577
1938,0.0,0.0769
1939,0.0,0.0999
1940,0.0,0.1252
1941,0.0,0.15
1942,0.0,0.1711
1943,0.0,0.1854
1944,0.0,0.1904
1945,0.0,0.1854
1946,0.0,0.1711
1947,0.0,0.15
1948,0.0,0.1252
1949,0.0,0.0999
1950,0.0028,0.0769
1951,0.219,0.0577
1952,0.409,0.0429
1953,0.5254,0.0325
1954,0.6306,0.0257
1955,0.6176,0.022
1956,0.6569,0.0208
1957,0.7195,0.022
1958,0.7145,0.0257
1959,0.5789,0.0325
1960,0.4218,0.0429
1961,0.192,0.0577
1962,0.0025,0.0769
1963,0.0,0.0999
1964,0.0,0.1252
1965,0.0,0.15
1966,0.0,0.1711
1967,0.0,0.1854
1968,0.0,0.1904
1969,0.0,0.1854
1970,0.0,0.1711
1971,0.0,0.15
1972,0.0,0.1252
1973,0.0,0.0999
1974,0.0051,0.0769
1975,0.2031,0.0577
1976,0.4221,0.0429
1977,0.561,0.0325
1978,0.672,0.0257
1979,0.6773,0.022
1980,0.7183,0.0208
1981,0.6533,0.022
1982,0.6342,0.0257
1983,0.5225,0.0325
1984,0.4286,0.0429
1985,0.1935,0.0577
1986,0.0052,0.0769
1987,0.0,0.0999
1988,0.0,0.1252
1989,0.0,0.15
1990,0.0,0.1711
1991,0.0,0.1854
1992,0.0,0.1904
1993,0.0,0.1854
1994,0.0,0.1711
1995,0.0,0.15
1996,0.0,0.1252
1997,0.0,0.0999
1998,0.0085,0.0769
1999,0.1952,0.0577
2000,0.4064,0.0429
2001,0.6056,0.0325
2002,0.6662,0.0257
2003,0.6417,0.022
2004,0.7079,0.0208
2005,0.6746,0.022
2006,0.724,0.0257
2007,0.6051,0.0325
2008,0.4246,0.0429
2009,0.2178,0.0577
2010,0.0073,0.0769
2011,0.0,0.0999
2012,0.0,0.1252
2013,0.0,0.15
2014,0.0,0.1711
2015,0.0,0.1854
2016,0.0,0.1904
2017,0.0,0.1854
2018,0.0,0.1711
2019,0.0,0.15
2020,0.0,0.1252
2021,0.0,0.0999
2022,0.0114,0.0769
2023,0.2236,0.0577
2024,0.3852,0.0429
2025,0.6019,0.0325
2026,0.6908,0.0257
2027,0.7072,0.022
2028,0.6434,0.0208
2029,0.6382,0.022
2030,0.6711,0.0257
2031,0.5403,0.0325
2032,0.4031,0.0429
2033,0.2015,0.0577
2034,0.0108,0.0769
2035,0.0,0.0999
2036,0.0,0.1252
2037,0.0,0.15
2038,0.0,0.1711
2039,0.0,0.1854
2040,0.0,0.1904
2041,0.0,0.1854
2042,0.0,0.1711
2043,0.0,0.15
2044,0.0,0.1252
2045,0.0,0.0999
2046,0.0137,0.0769
2047,0.2155,0.0577
2048,0.3949,0.0429
2049,0.5453,0.0325
2050,0.6936,0.0257
2051,0.6692,0.022
2052,0.6677,0.0208
2053,0.6403,0.022
2054,0.6573,0.0257
2055,0.5576,0.0325
2056,0.4268,0.0429
2057,0.2112,0.0577
2058,0.0142,0.0769
2059,0.0,0.0999
2060,0.0,0.1252
2061,0.0,0.15
2062,0.0,0.1711
2063,0.0,0.1854
2064,0.0,0.1904
2065,0.0,0.1854
2066,0.0,0.1711
2067,0.0,0.15
2068,0.0,0.1252
2069,0.0,0.0999
2070,0.0151,0.0769
2071,0.2097,0.0577
2072,0.3867,0.0429
2073,0.5402,0.0325
2074,0.658,0.0257
2075,0.7094,0.022
2076,0.6221,0.0208
2077,0.6267,0.022
2078,0.669,0.0257
2079,0.5908,0.0325
2080,0.4124,0.0429
2081,0.2273,0.0577
2082,0.0155,0.0769
2083,0.0,0.0999
2084,0.0,0.1252
2085,0.0,0.15
2086,0.0,0.1711
2087,0.0,0.1854
2088,0.0,0.1904
2089,0.0,0.1854
2090,0.0,0.1711
2091,0.0,0.15
2092,0.0,0.1252
2093,0.0,0.0999
2094,0.0184,0.0769
2095,0.2111,0.0577
2096,0.43,0.0429
2097,0.582,0.0325
2098,0.7022,0.0257
2099,0.6327,0.022
2100,0.652,0.0208
2101,0.647,0.022
2102,0.666,0.0257
2103,0.5677,0.0325
2104,0.3914,0.0429
2105,0.2068,0.0577
2106,0.0177,0.0769
2107,0.0,0.0999
2108,0.0,0.1252
2109,0.0,0.15
2110,0.0,0.1711
2111,0.0,0.1854
2112,0.0,0.1904
2113,0.0,0.1854
2114,0.0,0.1711
2115,0.0,0.15
2116,0.0,0.1252
2117,0.0,0.0999
2118,0.0213,0.0769
2119,0.2082,0.0577
2120,0.399,0.0429
2121,0.5645,0.0325
2122,0.6689,0.0257
2123,0.6532,0.022
2124,0.6741,0.0208
2125,0.6284,0.022
2126,0.7232,0.0257
2127,0.5393,0.0325
2128,0.3795,0.0429
2129,0.2137,0.0577
2130,0.0199,0.0769
2131,0.0,0.0999
2132,0.0,0.1252
2133,0.0,0.15
2134,0.0,0.1711
2135,0.0,0.1854
2136,0.0,0.1904
2137,0.0,0.1854
2138,0.0,0.1711
2139,0.0,0.15
2140,0.0,0.1252
2141,0.0,0.0999
2142,0.0228,0.0769
2143,0.2229,0.0577
2144,0.3972,0.0429
2145,0.5962,0.0325
2146,0.7071,0.0257
2147,0.7046,0.022
2148,0.6326,0.0208
2149,0.6303,0.022
2150,0.6525,0.0257
2151,0.5545,0.0325
2152,0.3837,0.0429
2153,0.2269,0.0577
2154,0.0217,0.0769
2155,0.0,0.0999
2156,0.0,0.1252
2157,0.0,0.15
2158,0.0,0.1711
2159,0.0,0.1854
2160,0.0,0.1904
2161,0.0,0.1854
2162,0.0,0.1711
2163,0.0,0.15
2164,0.0,0.1252
2165,0.0,0.0999
2166,0.0255,0.0769
2167,0.2108,0.0577
2168,0.4339,0.0429
2169,0.5919,0.0325
2170,0.6479,0.0257
2171,0.6508,0.022
2172,0.6686,0.0208
2173,0.7133,0.022
2174,0.6285,0.0257
2175,0.5983,0.0325
2176,0.3792,0.0429
2177,0.2409,0.0577
2178,0.0245,0.0769
2179,0.0,0.0999
2180,0.0,0.1252
2181,0.0,0.15
2182,0.0,0.1711
2183,0.0,0.1854
2184,0.0,0.1904
2185,0.0,0.1854
2186,0.0,0.1711
2187,0.0,0.15
2188,0.0,0.1252
2189,0.0,0.0999
2190,0.0304,0.0769
2191,0.2256,0.0577
2192,0.4133,0.0429
2193,0.5695,0.0325
2194,0.6354,0.0257
2195,0.6173,0.022
2196,0.6264,0.0208
2197,0.6229,0.022
2198,0.7082,0.0257
2199,0.545,0.0325
2200,0.3857,0.0429
2201,0.2177,0.0577
2202,0.0308,0.0769
2203,0.0,0.0999
2204,0.0,0.1252
2205,0.0,0.15
2206,0.0,0.1711
2207,0.0,0.1854
2208,0.0,0.1904
2209,0.0,0.1854
2210,0.0,0.1711
2211,0.0,0.15
2212,0.0,0.1252
2213,0.0,0.0999
2214,0.0324,0.0769
2215,0.2454,0.0577
2216,0.4327,0.0429
2217,0.5678,0.0325
2218,0.6372,0.0257
2219,0.6768,0.022
2220,0.651,0.0208
2221,0.7102,0.022
2222,0.7159,0.0257
2223,0.6113,0.0325
2224,0.3803,0.0429
2225,0.2272,0.0577
2226,0.0317,0.0769
2227,0.0,0.0999
2228,0.0,0.1252
2229,0.0,0.15
2230,0.0,0.1711
2231,0.0,0.1854
2232,0.0,0.1904
2233,0.0,0.1854
2234,0.0,0.1711
2235,0.0,0.15
2236,0.0,0.1252
2237,0.0,0.0999
2238,0.0351,0.0769
2239,0.2212,0.0577
2240,0.4393,0.0429
2241,0.6074,0.0325
2242,0.7243,0.0257
2243,0.6623,0.022
2244,0.6857,0.0208
2245,0.7213,0.022
2246,0.673,0.0257
2247,0.5373,0.0325
2248,0.3943,0.0429
2249,0.2438,0.0577
2250,0.0323,0.0769
2251,0.0,0.0999
2252,0.0,0.1252
2253,0.0,0.15
2254,0.0,0.1711
2255,0.0,0.1854
2256,0.0,0.1904
2257,0.0,0.1854
2258,0.0,0.1711
2259,0.0,0.15
2260,0.0,0.1252
2261,0.0,0.0999
2262,0.0338,0.0769
2263,0.2451,0.0577
2264,0.4232,0.0429
2265,0.6064,0.0325
2266,0.707,0.0257
2267,0.6976,0.022
2268,0.6882,0.0208
2269,0.649,0.022
2270,0.7065,0.0257
2271,0.5449,0.0325
2272,0.3857,0.0429
2273,0.2223,0.0577
2274,0.0377,0.0769
2275,0.0,0.0999
2276,0.0,0.1252
2277,0.0,0.15
2278,0.0,0.1711
2279,0.0,0.1854
2280,0.0,0.1904
2281,0.0,0.1854
2282,0.0,0.1711
2283,0.0,0.15
2284,0.0,0.1252
2285,0.0,0.0999
2286,0.0355,0.0769
2287,0.2457,0.0577
2288,0.41,0.0429
2289,0.5281,0.0325
2290,0.6677,0.0257
2291,0.6357,0.022
2292,0.6991,0.0208
2293,0.7007,0.022
2294,0.6805,0.0257
2295,0.6055,0.0325
2296,0.4431,0.0429
2297,0.2269,0.0577
2298,0.0376,0.0769
2299,0.0,0.0999
2300,0.0,0.1252
2301,0.0,0.15
2302,0.0,0.1711
2303,0.0,0.1854
2304,0.0,0.1904
2305,0.0,0.1854
2306,0.0,0.1711
2307,0.0,0.15
2308,0.0,0.1252
2309,0.0,0.0999
2310,0.0407,0.0769
2311,0.2463,0.0577
2312,0.3939,0.0429
2313,0.5855,0.0325
2314,0.6483,0.0257
2315,0.7114,0.022
2316,0.6571,0.0208
2317,0.6714,0.022
2318,0.6552,0.0257
2319,0.5712,0.0325
2320,0.41,0.0429
2321,0.2524,0.0577
2322,0.0415,0.0769
2323,0.0,0.0999
2324,0.0,0.1252
2325,0.0,0.15
2326,0.0,0.1711
2327,0.0,0.1854
2328,0.0,0.1904
2329,0.0,0.1854
2330,0.0,0.1711
2331,0.0,0.15
2332,0.0,0.1252
2333,0.0,0.0999
2334,0.0441,0.0769
2335,0.2494,0.0577
2336,0.3914,0.0429
2337,0.5587,0.0325
2338,0.6892,0.0257
2339,0.6312,0.022
2340,0.635,0.0208
2341,0.6864,0.022
2342,0.6527,0.0257
2343,0.6172,0.0325
2344,0.4427,0.0429
2345,0.2494,0.0577
2346,0.0413,0.0769
2347,0.0,0.0999
2348,0.0,0.1252
2349,0.0,0.15
2350,0.0,0.1711
2351,0.0,0.1854
2352,0.0,0.1904
2353,0.0,0.1854
2354,0.0,0.1711
2355,0.0,0.15
2356,0.0,0.1252
2357,0.0,0.0999
2358,0.0435,0.0769
2359,0.2472,0.0577
2360,0.4503,0.0429
2361,0.5812,0.0325
2362,0.6558,0.0257
2363,0.7159,0.022
2364,0.72,0.0208
2365,0.6881,0.022
2366,0.6997,0.0257
2367,0.5507,0.0325
2368,0.4552,0.0429
2369,0.2489,0.0577
2370,0.0478,0.0769
2371,0.0,0.0999
2372,0.0,0.1252
2373,0.0,0.15
2374,0.0,0.1711
2375,0.0,0.1854
2376,0.0,0.1904
2377,0.0,0.1854
2378,0.0,0.1711
2379,0.0,0.15
2380,0.0,0.1252
2381,0.0,0.0999
2382,0.0443,0.0769
2383,0.2594,0.0577
2384,0.4313,0.0429
2385,0.5578,0.0325
2386,0.6496,0.0257
2387,0.657,0.022
2388,0.6975,0.0208
2389,0.704,0.022
2390,0.6175,0.0257
2391,0.6158,0.0325
2392,0.4333,0.0429
2393,0.2439,0.0577
2394,0.0461,0.0769
2395,0.0,0.0999
2396,0.0,0.1252
2397,0.0,0.15
2398,0.0,0.1711
2399,0.0,0.1854
2400,0.0,0.1904
2401,0.0,0.1854
2402,0.0,0.1711
2403,0.0,0.15
2404,0.0,0.1252
2405,0.0,0.0999
2406,0.0511,0.0769
2407,0.2371,0.0577
2408,0.4146,0.0429
2409,0.6097,0.0325
2410,0.6175,0.0257
2411,0.6845,0.022
2412,0.697,0.0208
2413,0.7039,0.022
2414,0.6408,0.0257
2415,0.6085,0.0325
2416,0.4551,0.0429
2417,0.2363,0.0577
2418,0.0479,0.0769
2419,0.0,0.0999
2420,0.0,0.1252
2421,0.0,0.15
2422,0.0,0.1711
2423,0.0,0.1854
2424,0.0,0.1904
2425,0.0,0.1854
2426,0.0,0.1711
2427,0.0,0.15
2428,0.0,0.1252
2429,0.0,0.0999
2430,0.0509,0.0769
2431,0.2596,0.0577
2432,0.4237,0.0429
2433,0.544,0.0325
2434,0.6412,0.0257
2435,0.6405,0.022
2436,0.7127,0.0208
2437,0.6192,0.022
2438,0.6793,0.0257
2439,0.5996,0.0325
2440,0.4526,0.0429
2441,0.2322,0.0577
2442,0.0495,0.0769
2443,0.0,0.0999
2444,0.0,0.1252
2445,0.0,0.15
2446,0.0,0.1711
2447,0.0,0.1854
2448,0.0,0.1904
2449,0.0,0.1854
2450,0.0,0.1711
2451,0.0,0.15
2452,0.0,0.1252
2453,0.0,0.0999
2454,0.0553,0.0769
2455,0.2673,0.0577
2456,0.4131,0.0429
2457,0.6002,0.0325
2458,0.6367,0.0257
2459,0.6719,0.022
2460,0.7233,0.0208
2461,0.6477,0.022
2462,0.7242,0.0257
2463,0.5586,0.0325
2464,0.4002,0.0429
2465,0.2519,0.0577
2466,0.053,0.0769
2467,0.0,0.0999
2468,0.0,0.1252
2469,0.0,0.15
2470,0.0,0.1711
2471,0.0,0.1854
2472,0.0,0.1904
2473,0.0,0.1854
2474,0.0,0.1711
2475,0.0,0.15
2476,0.0,0.1252
2477,0.0,0.0999
2478,0.06,0.0769
2479,0.2508,0.0577
2480,0.4005,0.0429
2481,0.5409,0.0325
2482,0.6526,0.0257
2483,0.716,0.022
2484,0.6589,0.0208
2485,0.6946,0.022
2486,0.6668,0.0257
2487,0.6024,0.0325
2488,0.3944,0.0429
2489,0.2339,0.0577
2490,0.0593,0.0769
2491,0.0,0.0999
2492,0.0,0.1252
2493,0.0,0.15
2494,0.0,0.1711
2495,0.0,0.1854
2496,0.0,0.1904
2497,0.0,0.1854
2498,0.0,0.1711
2499,0.0,0.15
2500,0.0,0.1252
2501,0.0,0.0999
2502,0.0563,0.0769
2503,0.2539,0.0577
2504,0.4271,0.0429
2505,0.5908,0.0325
2506,0.6675,0.0257
2507,0.6573,0.022
2508,0.6504,0.0208
2509,0.6754,0.022
2510,0.6864,0.0257
2511,0.5397,0.0325
2512,0.4094,0.0429
2513,0.2636,0.0577
2514,0.0579,0.0769
2515,0.0,0.0999
2516,0.0,0.1252
2517,0.0,0.15
2518,0.0,0.1711
2519,0.0,0.1854
2520,0.0,0.1904
2521,0.0,0.1854
2522,0.0,0.1711
2523,0.0,0.15
2524,0.0,0.1252
2525,0.0,0.0999
2526,0.0625,0.0769
2527,0.2569,0.0577
2528,0.4144,0.0429
2529,0.6002,0.0325
2530,0.6899,0.0257
2531,0.6375,0.022
2532,0.6705,0.0208
2533,0.686,0.022
2534,0.6726,0.0257
2535,0.5346,0.0325
2536,0.3994,0.0429
2537,0.2508,0.0577
2538,0.0577,0.0769
2539,0.0,0.0999
2540,0.0,0.1252
2541,0.0,0.15
2542,0.0,0.1711
2543,0.0,0.1854
2544,0.0,0.1904
2545,0.0,0.1854
2546,0.0,0.1711
2547,0.0,0.15
2548,0.0,0.1252
2549,0.0,0.0999
2550,0.0614,0.0769
2551,0.2468,0.0577
2552,0.4564,0.0429
2553,0.5692,0.0325
2554,0.6371,0.0257
2555,0.7143,0.022
2556,0.6925,0.0208
2557,0.6227,0.022
2558,0.6574,0.0257
2559,0.6248,0.0325
2560,0.4637,0.0429
2561,0.2479,0.0577
2562,0.0602,0.0769
2563,0.0,0.0999
2564,0.0,0.1252
2565,0.0,0.15
2566,0.0,0.1711
2567,0.0,0.1854
2568,0.0,0.1904
2569,0.0,0.1854
2570,0.0,0.1711
2571,0.0,0.15
2572,0.0,0.1252
2573,0.0,0.0999
2574,0.0705,0.0769
2575,0.2669,0.0577
2576,0.4482,0.0429
2577,0.6249,0.0325
2578,0.6752,0.0257
2579,0.7069,0.022
2580,0.6428,0.0208
2581,0.6618,0.022
2582,0.6416,0.0257
2583,0.6139,0.0325
2584,0.4495,0.0429
2585,0.2779,0.0577
2586,0.061,0.0769
2587,0.0,0.0999
2588,0.0,0.1252
2589,0.0,0.15
2590,0.0,0.1711
2591,0.0,0.1854
2592,0.0,0.1904
2593,0.0,0.1854
2594,0.0,0.1711
2595,0.0,0.15
2596,0.0,0.1252
2597,0.0,0.0999
2598,0.0642,0.0769
2599,0.2555,0.0577
2600,0.463,0.0429
2601,0.6188,0.0325
2602,0.6495,0.0257
2603,0.623,0.022
2604,0.7103,0.0208
2605,0.6245,0.022
2606,0.6166,0.0257
2607,0.6032,0.0325
2608,0.462,0.0429
2609,0.2706,0.0577
2610,0.0722,0.0769
2611,0.0,0.0999
2612,0.0,0.1252
2613,0.0,0.15
2614,0.0,0.1711
2615,0.0,0.1854
2616,0.0,0.1904
2617,0.0,0.1854
2618,0.0,0.1711
2619,0.0,0.15
2620,0.0,0.1252
2621,0.0,0.0999
2622,0.0705,0.0769
2623,0.2672,0.0577
2624,0.4482,0.0429
2625,0.5887,0.0325
2626,0.6201,0.0257
2627,0.6612,0.022
2628,0.68,0.0208
2629,0.7125,0.022
2630,0.6875,0.0257
2631,0.5399,0.0325
2632,0.4326,0.0429
2633,0.2427,0.0577
2634,0.0697,0.0769
2635,0.0,0.0999
2636,0.0,0.1252
2637,0.0,0.15
2638,0.0,0.1711
2639,0.0,0.1854
2640,0.0,0.1904
2641,0.0,0.1854
2642,0.0,0.1711
2643,0.0,0.15
2644,0.0,0.1252
2645,0.0,0.0999
2646,0.0676,0.0769
2647,0.2582,0.0577
2648,0.4033,0.0429
2649,0.5923,0.0325
2650,0.6476,0.0257
2651,0.6454,0.022
2652,0.6558,0.0208
2653,0.7106,0.022
2654,0.6552,0.0257
2655,0.5539,0.0325
2656,0.4671,0.0429
2657,0.2432,0.0577
2658,0.0686,0.0769
2659,0.0,0.0999
2660,0.0,0.1252
2661,0.0,0.15
2662,0.0,0.1711
2663,0.0,0.1854
2664,0.0,0.1904
2665,0.0,0.1854
2666,0.0,0.1711
2667,0.0,0.15
2668,0.0,0.1252
2669,0.0,0.0999
2670,0.0695,0.0769
2671,0.2658,0.0577
2672,0.4236,0.0429
2673,0.5656,0.0325
2674,0.67,0.0257
2675,0.6338,0.022
2676,0.714,0.0208
2677,0.6235,0.022
2678,0.6837,0.0257
2679,0.5702,0.0325
2680,0.4063,0.0429
2681,0.2548,0.0577
2682,0.0708,0.0769
2683,0.0,0.0999
2684,0.0,0.1252
2685,0.0,0.15
2686,0.0,0.1711
2687,0.0,0.1854
2688,0.0,0.1904
2689,0.0,0.1854
2690,0.0,0.1711
2691,0.0,0.15
2692,0.0,0.1252
2693,0.0,0.0999
2694,0.0717,0.0769
2695,0.2561,0.0577
2696,0.4313,0.0429
2697,0.5609,0.0325
2698,0.6907,0.0257
2699,0.6737,0.022
2700,0.6207,0.0208
2701,0.7171,0.022
2702,0.6319,0.0257
2703,0.5832,0.0325
2704,0.4044,0.0429
2705,0.2737,0.0577
2706,0.0761,0.0769
2707,0.0,0.0999
2708,0.0,0.1252
2709,0.0,0.15
2710,0.0,0.1711
2711,0.0,0.1854
2712,0.0,0.1904
2713,0.0,0.1854
2714,0.0,0.1711
2715,0.0,0.15
2716,0.0,0.1252
2717,0.0,0.0999
2718,0.0769,0.0769
2719,0.2698,0.0577
2720,0.4617,0.0429
2721,0.6146,0.0325
2722,0.7077,0.0257
2723,0.707,0.022
2724,0.6765,0.0208
2725,0.6738,0.022
2726,0.7232,0.0257
2727,0.5566,0.0325
2728,0.4581,0.0429
2729,0.2605,0.0577
2730,0.0808,0.0769
2731,0.0,0.0999
2732,0.0,0.1252
2733,0.0,0.15
2734,0.0,0.1711
2735,0.0,0.1854
2736,0.0,0.1904
2737,0.0,0.1854
2738,0.0,0.1711
2739,0.0,0.15
2740,0.0,0.1252
2741,0.0,0.0999
2742,0.0811,0.0769
2743,0.278,0.0577
2744,0.4113,0.0429
2745,0.5845,0.0325
2746,0.6446,0.0257
2747,0.7201,0.022
2748,0.6414,0.0208
2749,0.6961,0.022
2750,0.6305,0.0257
2751,0.585,0.0325
2752,0.4351,0.0429
2753,0.2839,0.0577
2754,0.0785,0.0769
2755,0.0,0.0999
2756,0.0,0.1252
2757,0.0,0.15
2758,0.0,0.1711
2759,0.0,0.1854
2760,0.0,0.1904
2761,0.0,0.1854
2762,0.0,0.1711
2763,0.0,0.15
2764,0.0,0.1252
2765,0.0,0.0999
2766,0.077,0.0769
2767,0.27,0.0577
2768,0.4465,0.0429
2769,0.5564,0.0325
2770,0.693,0.0257
2771,0.6504,0.022
2772,0.6608,0.0208
2773,0.7022,0.022
2774,0.7074,0.0257
2775,0.5933,0.0325
2776,0.4486,0.0429
2777,0.2665,0.0577
2778,0.0848,0.0769
2779,0.0,0.0999
2780,0.0,0.1252
2781,0.0,0.15
2782,0.0,0.1711
2783,0.0,0.1854
2784,0.0,0.1904
2785,0.0,0.1854
2786,0.0,0.1711
2787,0.0,0.15
2788,0.0,0.1252
2789,0.0,0.0999
2790,0.0808,0.0769
2791,0.2796,0.0577
2792,0.4303,0.0429
2793,0.5466,0.0325
2794,0.7033,0.0257
2795,0.6604,0.022
2796,0.692,0.0208
2797,0.6278,0.022
2798,0.6416,0.0257
2799,0.623,0.0325
2800,0.4592,0.0429
2801,0.2703,0.0577
2802,0.0865,0.0769
2803,0.0,0.0999
2804,0.0,0.1252
2805,0.0,0.15
2806,0.0,0.1711
2807,0.0,0.1854
2808,0.0,0.1904
2809,0.0,0.1854
2810,0.0,0.1711
2811,0.0,0.15
2812,0.0,0.1252
2813,0.0,0.0999
2814,0.0885,0.0769
2815,0.2852,0.0577
2816,0.4226,0.0429
2817,0.5601,0.0325
2818,0.6168,0.0257
2819,0.652,0.022
2820,0.7027,0.0208
2821,0.6902,0.022
2822,0.6926,0.0257
2823,0.6294,0.0325
2824,0.4674,0.0429
2825,0.2511,0.0577
2826,0.0833,0.0769
2827,0.0,0.0999
2828,0.0,0.1252
2829,0.0,0.15
2830,0.0,0.1711
2831,0.0,0.1854
2832,0.0,0.1904
2833,0.0,0.1854
2834,0.0,0.1711
2835,0.0,0.15
2836,0.0,0.1252
2837,0.0,0.0999
2838,0.0853,0.0769
2839,0.2676,0.0577
2840,0.4364,0.0429
2841,0.6071,0.0325
2842,0.6466,0.0257
2843,0.6761,0.022
2844,0.705,0.0208
2845,0.7092,0.022
2846,0.7044,0.0257
2847,0.5628,0.0325
2848,0.4361,0.0429
2849,0.2876,0.0577
2850,0.0851,0.0769
2851,0.0,0.0999
2852,0.0,0.1252
2853,0.0,0.15
2854,0.0,0.1711
2855,0.0,0.1854
2856,0.0,0.1904
2857,0.0,0.1854
2858,0.0,0.1711
2859,0.0,0.15
2860,0.0,0.1252
2861,0.0,0.0999
2862,0.0895,0.0769
2863,0.297,0.0577
2864,0.4486,0.0429
2865,0.5809,0.0325
2866,0.6374,0.0257
2867,0.6279,0.022
2868,0.682,0.0208
2869,0.6709,0.022
2870,0.7009,0.0257
2871,0.6164,0.0325
2872,0.449,0.0429
2873,0.2824,0.0577
2874,0.09,0.0769
2875,0.0,0.0999
2876,0.0,0.1252
2877,0.0,0.15
2878,0.0,0.1711
2879,0.0,0.1854
2880,0.0,0.1904
2881,0.0,0.1854
2882,0.0,0.1711
2883,0.0,0.15
2884,0.0,0.1252
2885,0.0,0.0999
2886,0.0979,0.0769
2887,0.281,0.0577
2888,0.4713,0.0429
2889,0.546,0.0325
2890,0.6323,0.0257
2891,0.6725,0.022
2892,0.6719,0.0208
2893,0.6374,0.022
2894,0.7075,0.0257
2895,0.6352,0.0325
2896,0.4643,0.0429
2897,0.2899,0.0577
2898,0.095,0.0769
2899,0.0,0.0999
2900,0.0,0.1252
2901,0.0,0.15
2902,0.0,0.1711
2903,0.0,0.1854
2904,0.0,0.1904
2905,0.0,0.1854
2906,0.0,0.1711
2907,0.0,0.15
2908,0.0,0.1252
2909,0.0,0.0999
2910,0.0937,0.0769
2911,0.2962,0.0577
2912,0.4193,0.0429
2913,0.6111,0.0325
2914,0.6887,0.0257
2915,0.7192,0.022
2916,0.7024,0.0208
2917,0.6174,0.022
2918,0.6385,0.0257
2919,0.6276,0.0325
2920,0.4264,0.0429
2921,0.285,0.0577
2922,0.0863,0.0769
2923,0.0,0.0999
2924,0.0,0.1252
2925,0.0,0.15
2926,0.0,0.1711
2927,0.0,0.1854
2928,0.0,0.1904
2929,0.0,0.1854
2930,0.0,0.1711
2931,0.0,0.15
2932,0.0,0.1252
2933,0.0,0.0999
2934,0.092,0.0769
2935,0.2591,0.0577
2936,0.4172,0.0429
2937,0.6249,0.0325
2938,0.7236,0.0257
2939,0.7155,0.022
2940,0.6732,0.0208
2941,0.6331,0.022
2942,0.684,0.0257
2943,0.6277,0.0325
2944,0.4636,0.0429
2945,0.258,0.0577
2946,0.0935,0.0769
2947,0.0,0.0999
2948,0.0,0.1252
2949,0.0,0.15
2950,0.0,0.1711
2951,0.0,0.1854
2952,0.0,0.1904
2953,0.0,0.1854
2954,0.0,0.1711
2955,0.0,0.15
2956,0.0,0.1252
2957,0.0,0.0999
2958,0.0898,0.0769
2959,0.2788,0.0577
2960,0.4161,0.0429
2961,0.5523,0.0325
2962,0.6404,0.0257
2963,0.7052,0.022
2964,0.6753,0.0208
2965,0.6854,0.022
2966,0.7068,0.0257
2967,0.5554,0.0325
2968,0.4772,0.0429
2969,0.2655,0.0577
2970,0.0986,0.0769
2971,0.0,0.0999
2972,0.0,0.1252
2973,0.0,0.15
2974,0.0,0.1711
2975,0.0,0.1854
2976,0.0,0.1904
2977,0.0,0.1854
2978,0.0,0.1711
2979,0.0,0.15
2980,0.0,0.1252
2981,0.0,0.0999
2982,0.0971,0.0769
2983,0.2884,0.0577
2984,0.4744,0.0429
2985,0.6146,0.0325
2986,0.6438,0.0257
2987,0.6382,0.022
2988,0.6862,0.0208
2989,0.6466,0.022
2990,0.6699,0.0257
2991,0.5865,0.0325
2992,0.4416,0.0429
2993,0.3034,0.0577
2994,0.0905,0.0769
2995,0.0,0.0999
2996,0.0,0.1252
2997,0.0,0.15
2998,0.0,0.1711
2999,0.0,0.1854
3000,0.0,0.1904
3001,0.0,0.1854
3002,0.0,0.1711
3003,0.0,0.15
3004,0.0,0.1252
3005,0.0,0.0999
3006,0.0988,0.0769
3007,0.276,0.0577
3008,0.4729,0.0429
3009,0.5592,0.0325
3010,0.6226,0.0257
3011,0.7079,0.022
3012,0.6715,0.0208
3013,0.6798,0.022
3014,0.6181,0.0257
3015,0.597,0.0325
3016,0.4185,0.0429
3017,0.2984,0.0577
3018,0.1003,0.0769
3019,0.0,0.0999
3020,0.0,0.1252
3021,0.0,0.15
3022,0.0,0.1711
3023,0.0,0.1854
3024,0.0,0.1904
3025,0.0,0.1854
3026,0.0,0.1711
3027,0.0,0.15
3028,0.0,0.1252
3029,0.0,0.0999
3030,0.1043,0.0769
3031,0.2879,0.0577
3032,0.4389,0.0429
3033,0.5765,0.0325
3034,0.6703,0.0257
3035,0.6413,0.022
3036,0.6419,0.0208
3037,0.645,0.022
3038,0.6722,0.0257
3039,0.5713,0.0325
3040,0.4354,0.0429
3041,0.2956,0.0577
3042,0.0975,0.0769
3043,0.0,0.0999
3044,0.0,0.1252
3045,0.0,0.15
3046,0.0,0.1711
3047,0.0,0.1854
3048,0.0,0.1904
3049,0.0,0.1854
3050,0.0,0.1711
3051,0.0,0.15
3052,0.0,0.1252
3053,0.0,0.0999
3054,0.1071,0.0769
3055,0.3095,0.0577
3056,0.465,0.0429
3057,0.5782,0.0325
3058,0.7237,0.0257
3059,0.672,0.022
3060,0.6605,0.0208
3061,0.7213,0.022
3062,0.7092,0.0257
3063,0.6057,0.0325
3064,0.4896,0.0429
3065,0.2666,0.0577
3066,0.0961,0.0769
3067,0.0,0.0999
3068,0.0,0.1252
3069,0.0,0.15
3070,0.0,0.1711
3071,0.0,0.1854
3072,0.0,0.1904
3073,0.0,0.1854
3074,0.0,0.1711
3075,0.0,0.15
3076,0.0,0.1252
3077,0.0,0.0999
3078,0.0993,0.0769
3079,0.2984,0.0577
3080,0.4265,0.0429
3081,0.6306,0.0325
3082,0.6268,0.0257
3083,0.6327,0.022
3084,0.6184,0.0208
3085,0.6457,0.022
3086,0.656,0.0257
3087,0.5642,0.0325
3088,0.4752,0.0429
3089,0.3091,0.0577
3090,0.1047,0.0769
3091,0.0,0.0999
3092,0.0,0.1252
3093,0.0,0.15
3094,0.0,0.1711
3095,0.0,0.1854
3096,0.0,0.1904
3097,0.0,0.1854
3098,0.0,0.1711
3099,0.0,0.15
3100,0.0,0.1252
3101,0.0,0.0999
3102,0.1023,0.0769
3103,0.2711,0.0577
3104,0.4879,0.0429
3105,0.6228,0.0325
3106,0.6197,0.0257
3107,0.7233,0.022
3108,0.7239,0.0208
3109,0.7055,0.022
3110,0.6699,0.0257
3111,0.6433,0.0325
3112,0.4201,0.0429
3113,0.2941,0.0577
3114,0.1009,0.0769
3115,0.0,0.0999
3116,0.0,0.1252
3117,0.0,0.15
3118,0.0,0.1711
3119,0.0,0.1854
3120,0.0,0.1904
3121,0.0,0.1854
3122,0.0,0.1711
3123,0.0,0.15
3124,0.0,0.1252
3125,0.0,0.0999
3126,0.1107,0.0769
3127,0.2744,0.0577
3128,0.4472,0.0429
3129,0.5619,0.0325
3130,0.623,0.0257
3131,0.6567,0.022
3132,0.6321,0.0208
3133,0.6892,0.022
3134,0.6229,0.0257
3135,0.6046,0.0325
3136,0.4647,0.0429
3137,0.3097,0.0577
3138,0.1095,0.0769
3139,0.0,0.0999
3140,0.0,0.1252
3141,0.0,0.15
3142,0.0,0.1711
3143,0.0,0.1854
3144,0.0,0.1904
3145,0.0,0.1854
3146,0.0,0.1711
3147,0.0,0.15
3148,0.0,0.1252
3149,0.0,0.0999
3150,0.1126,0.0769
3151,0.3106,0.0577
3152,0.4535,0.0429
3153,0.5908,0.0325
3154,0.6859,0.0257
3155,0.6868,0.022
3156,0.6384,0.0208
3157,0.7164,0.022
3158,0.699,0.0257
3159,0.6092,0.0325
3160,0.4891,0.0429
3161,0.2834,0.0577
3162,0.1097,0.0769
3163,0.0,0.0999
3164,0.0,0.1252
3165,0.0,0.15
3166,0.0,0.1711
3167,0.0,0.1854
3168,0.0,0.1904
3169,0.0,0.1854
3170,0.0,0.1711
3171,0.0,0.15
3172,0.0,0.1252
3173,0.0,0.0999
3174,0.1029,0.0769
3175,0.2755,0.0577
3176,0.4447,0.0429
3177,0.5814,0.0325
3178,0.6427,0.0257
3179,0.6743,0.022
3180,0.6604,0.0208
3181,0.6799,0.022
3182,0.7075,0.0257
3183,0.5804,0.0325
3184,0.4749,0.0429
3185,0.3043,0.0577
3186,0.1189,0.0769
3187,0.0,0.0999
3188,0.0,0.1252
3189,0.0,0.15
3190,0.0,0.1711
3191,0.0,0.1854
3192,0.0,0.1904
3193,0.0,0.1854
3194,0.0,0.1711
3195,0.0,0.15
3196,0.0,0.1252
3197,0.0,0.0999
3198,0.1138,0.0769
3199,0.2965,0.0577
3200,0.472,0.0429
3201,0.632,0.0325
3202,0.6885,0.0257
3203,0.6721,0.022
3204,0.6662,0.0208
3205,0.7117,0.022
3206,0.6584,0.0257
3207,0.6114,0.0325
3208,0.441,0.0429
3209,0.2866,0.0577
3210,0.1081,0.0769
3211,0.0,0.0999
3212,0.0,0.1252
3213,0.0,0.15
3214,0.0,0.1711
3215,0.0,0.1854
3216,0.0,0.1904
3217,0.0,0.1854
3218,0.0,0.1711
3219,0.0,0.15
3220,0.0,0.1252
3221,0.0,0.0999
3222,0.1079,0.0769
3223,0.2707,0.0577
3224,0.4432,0.0429
3225,0.6173,0.0325
3226,0.6447,0.0257
3227,0.6467,0.022
3228,0.6877,0.0208
3229,0.6271,0.022
3230,0.6693,0.0257
3231,0.5718,0.0325
3232,0.4332,0.0429
3233,0.3114,0.0577
3234,0.1047,0.0769
3235,0.0,0.0999
3236,0.0,0.1252
3237,0.0,0.15
3238,0.0,0.1711
3239,0.0,0.1854
3240,0.0,0.1904
3241,0.0,0.1854
3242,0.0,0.1711
3243,0.0,0.15
3244,0.0,0.1252
3245,0.0,0.0999
3246,0.1061,0.0769
3247,0.3182,0.0577
3248,0.464,0.0429
3249,0.6254,0.0325
3250,0.7109,0.0257
3251,0.6773,0.022
3252,0.647,0.0208
3253,0.6327,0.022
3254,0.6798,0.0257
3255,0.6403,0.0325
3256,0.4246,0.0429
3257,0.3086,0.0577
3258,0.1165,0.0769
3259,0.0,0.0999
3260,0.0,0.1252
3261,0.0,0.15
3262,0.0,0.1711
3263,0.0,0.1854
3264,0.0,0.1904
3265,0.0,0.1854
3266,0.0,0.1711
3267,0.0,0.15
3268,0.0,0.1252
3269,0.0,0.0999
3270,0.1182,0.0769
3271,0.3142,0.0577
3272,0.4667,0.0429
3273,0.6044,0.0325
3274,0.6371,0.0257
3275,0.6424,0.022
3276,0.6384,0.0208
3277,0.6262,0.022
3278,0.6918,0.0257
3279,0.5828,0.0325
3280,0.4559,0.0429
3281,0.2871,0.0577
3282,0.108,0.0769
3283,0.0,0.0999
3284,0.0,0.1252
3285,0.0,0.15
3286,0.0,0.1711
3287,0.0,0.1854
3288,0.0,0.1904
3289,0.0,0.1854
3290,0.0,0.1711
3291,0.0,0.15
3292,0.0,0.1252
3293,0.0,0.0999
3294,0.1259,0.0769
3295,0.3073,0.0577
3296,0.4361,0.0429
3297,0.5569,0.0325
3298,0.7051,0.0257
3299,0.6596,0.022
3300,0.6325,0.0208
3301,0.6832,0.022
3302,0.708,0.0257
3303,0.6083,0.0325
3304,0.4858,0.0429
3305,0.3102,0.0577
3306,0.1233,0.0769
3307,0.0,0.0999
3308,0.0,0.1252
3309,0.0,0.15
3310,0.0,0.1711
3311,0.0,0.1854
3312,0.0,0.1904
3313,0.0,0.1854
3314,0.0,0.1711
3315,0.0,0.15
3316,0.0,0.1252
3317,0.0,0.0999
3318,0.1177,0.0769
3319,0.305,0.0577
3320,0.4939,0.0429
3321,0.6098,0.0325
3322,0.6783,0.0257
3323,0.6214,0.022
3324,0.6894,0.0208
3325,0.6207,0.022
3326,0.6725,0.0257
3327,0.6081,0.0325
3328,0.4248,0.0429
3329,0.3066,0.0577
3330,0.1146,0.0769
3331,0.0,0.0999
3332,0.0,0.1252
3333,0.0,0.15
3334,0.0,0.1711
3335,0.0,0.1854
3336,0.0,0.1904
3337,0.0,0.1854
3338,0.0,0.1711
3339,0.0,0.15
3340,0.0,0.1252
3341,0.0,0.0999
3342,0.1093,0.0769
3343,0.3005,0.0577
3344,0.4381,0.0429
3345,0.643,0.0325
3346,0.6556,0.0257
3347,0.6584,0.022
3348,0.6702,0.0208
3349,0.7151,0.022
3350,0.6871,0.0257
3351,0.5887,0.0325
3352,0.46,0.0429
3353,0.307,0.0577
3354,0.1159,0.0769
3355,0.0,0.0999
3356,0.0,0.1252
3357,0.0,0.15
3358,0.0,0.1711
3359,0.0,0.1854
3360,0.0,0.1904
3361,0.0,0.1854
3362,0.0,0.1711
3363,0.0,0.15
3364,0.0,0.1252
3365,0.0,0.0999
3366,0.127,0.0769
3367,0.2938,0.0577
3368,0.4707,0.0429
3369,0.6096,0.0325
3370,0.6604,0.0257
3371,0.7175,0.022
3372,0.6251,0.0208
3373,0.6335,0.022
3374,0.618,0.0257
3375,0.6356,0.0325
3376,0.5002,0.0429
3377,0.3031,0.0577
3378,0.1139,0.0769
3379,0.0,0.0999
3380,0.0,0.1252
3381,0.0,0.15
3382,0.0,0.1711
3383,0.0,0.1854
3384,0.0,0.1904
3385,0.0,0.1854
3386,0.0,0.1711
3387,0.0,0.15
3388,0.0,0.1252
3389,0.0,0.0999
3390,0.1159,0.0769
3391,0.3056,0.0577
3392,0.4517,0.0429
3393,0.5971,0.0325
3394,0.693,0.0257
3395,0.6188,0.022
3396,0.6356,0.0208
3397,0.6647,0.022
3398,0.6396,0.0257
3399,0.6478,0.0325
3400,0.437,0.0429
3401,0.297,0.0577
3402,0.1153,0.0769
3403,0.0,0.0999
3404,0.0,0.1252
3405,0.0,0.15
3406,0.0,0.1711
3407,0.0,0.1854
3408,0.0,0.1904
3409,0.0,0.1854
3410,0.0,0.1711
3411,0.0,0.15
3412,0.0,0.1252
3413,0.0,0.0999
3414,0.1276,0.0769
3415,0.3126,0.0577
3416,0.4421,0.0429
3417,0.6081,0.0325
3418,0.7216,0.0257
3419,0.6437,0.022
3420,0.6969,0.0208
3421,0.6736,0.022
3422,0.6477,0.0257
3423,0.5598,0.0325
3424,0.4442,0.0429
3425,0.3191,0.0577
3426,0.12,0.0769
3427,0.0,0.0999
3428,0.0,0.1252
3429,0.0,0.15
3430,0.0,0.1711
3431,0.0,0.1854
3432,0.0,0.1904
3433,0.0,0.1854
3434,0.0,0.1711
3435,0.0,0.15
3436,0.0,0.1252
3437,0.0,0.0999
3438,0.1283,0.0769
3439,0.3219,0.0577
3440,0.4729,0.0429
3441,0.5982,0.0325
3442,0.6164,0.0257
3443,0.7234,0.022
3444,0.6817,0.0208
3445,0.6871,0.022
3446,0.6457,0.0257
3447,0.5852,0.0325
3448,0.4679,0.0429
3449,0.3019,0.0577
3450,0.1202,0.0769
3451,0.0,0.0999
3452,0.0,0.1252
3453,0.0,0.15
3454,0.0,0.1711
3455,0.0,0.1854
3456,0.0,0.1904
3457,0.0,0.1854
3458,0.0,0.1711
3459,0.0,0.15
3460,0.0,0.1252
3461,0.0,0.0999
3462,0.1154,0.0769
3463,0.3249,0.0577
3464,0.474,0.0429
3465,0.6467,0.0325
3466,0.6787,0.0257
3467,0.7138,0.022
3468,0.688,0.0208
3469,0.6613,0.022
3470,0.6514,0.0257
3471,0.6502,0.0325
3472,0.4536,0.0429
3473,0.2884,0.0577
3474,0.1197,0.0769
3475,0.0,0.0999
3476,0.0,0.1252
3477,0.0,0.15
3478,0.0,0.1711
3479,0.0,0.1854
3480,0.0,0.1904
3481,0.0,0.1854
3482,0.0,0.1711
3483,0.0,0.15
3484,0.0,0.1252
3485,0.0,0.0999
3486,0.1191,0.0769
3487,0.2844,0.0577
3488,0.4876,0.0429
3489,0.5873,0.0325
3490,0.7021,0.0257
3491,0.6823,0.022
3492,0.6707,0.0208
3493,0.7186,0.022
3494,0.6983,0.0257
3495,0.605,0.0325
3496,0.4814,0.0429
3497,0.2924,0.0577
3498,0.1211,0.0769
3499,0.0,0.0999
3500,0.0,0.1252
3501,0.0,0.15
3502,0.0,0.1711
3503,0.0,0.1854
3504,0.0,0.1904
3505,0.0,0.1854
3506,0.0,0.1711
3507,0.0,0.15
3508,0.0,0.1252
3509,0.0,0.0999
3510,0.1233,0.0769
3511,0.2828,0.0577
3512,0.4315,0.0429
3513,0.5894,0.0325
3514,0.6731,0.0257
3515,0.6845,0.022
3516,0.6175,0.0208
3517,0.7201,0.022
3518,0.6646,0.0257
3519,0.6474,0.0325
3520,0.4984,0.0429
3521,0.3256,0.0577
3522,0.1302,0.0769
3523,0.0,0.0999
3524,0.0,0.1252
3525,0.0,0.15
3526,0.0,0.1711
3527,0.0,0.1854
3528,0.0,0.1904
3529,0.0,0.1854
3530,0.0,0.1711
3531,0.0,0.15
3532,0.0,0.1252
3533,0.0,0.0999
3534,0.134,0.0769
3535,0.3006,0.0577
3536,0.48,0.0429
3537,0.564,0.0325
3538,0.6897,0.0257
3539,0.7055,0.022
3540,0.6368,0.0208
3541,0.6975,0.022
3542,0.6884,0.0257
3543,0.5547,0.0325
3544,0.5018,0.0429
3545,0.3101,0.0577
3546,0.1185,0.0769
3547,0.0,0.0999
3548,0.0,0.1252
3549,0.0,0.15
3550,0.0,0.1711
3551,0.0,0.1854
3552,0.0,0.1904
3553,0.0,0.1854
3554,0.0,0.1711
3555,0.0,0.15
3556,0.0,0.1252
3557,0.0,0.0999
3558,0.1333,0.0769
3559,0.3023,0.0577
3560,0.48,0.0429
3561,0.5906,0.0325
3562,0.6553,0.0257
3563,0.6535,0.022
3564,0.6481,0.0208
3565,0.7096,0.022
3566,0.6465,0.0257
3567,0.5615,0.0325
3568,0.4862,0.0429
3569,0.3154,0.0577
3570,0.1283,0.0769
3571,0.0,0.0999
3572,0.0,0.1252
3573,0.0,0.15
3574,0.0,0.1711
3575,0.0,0.1854
3576,0.0,0.1904
3577,0.0,0.1854
3578,0.0,0.1711
3579,0.0,0.15
3580,0.0,0.1252
3581,0.0,0.0999
3582,0.1211,0.0769
3583,0.313,0.0577
3584,0.4414,0.0429
3585,0.59,0.0325
3586,0.6837,0.0257
3587,0.6784,0.022
3588,0.6626,0.0208
3589,0.6886,0.022
3590,0.716,0.0257
3591,0.632,0.0325
3592,0.4847,0.0429
3593,0.2851,0.0577
3594,0.1236,0.0769
3595,0.0,0.0999
3596,0.0,0.1252
3597,0.0,0.15
3598,0.0,0.1711
3599,0.0,0.1854
3600,0.0,1.0
3601,0.0,1.0
3602,0.0,1.0
3603,0.0,1.0
3604,0.0,1.0
3605,0.0,1.0
3606,0.1252,0.8187
3607,0.3158,0.6142
3608,0.4414,0.4572
3609,0.5612,0.346
3610,0.692,0.2741
3611,0.6672,0.2344
3612,0.6959,0.2218
3613,0.6189,0.2344
3614,0.6635,0.2741
3615,0.6158,0.346
3616,0.4433,0.4572
3617,0.2895,0.6142
3618,0.1192,0.8187
3619,0.0,1.0
3620,0.0,1.0
3621,0.0,1.0
3622,0.0,1.0
3623,0.0,1.0
3624,0.0,1.0
3625,0.0,1.0
3626,0.0,1.0
3627,0.0,1.0
3628,0.0,1.0
3629,0.0,1.0
3630,0.1332,0.8187
3631,0.3284,0.6142
3632,0.4547,0.4572
3633,0.6221,0.346
3634,0.7065,0.2741
3635,0.7243,0.2344
3636,0.6919,0.2218
3637,0.6308,0.2344
3638,0.6855,0.2741
3639,0.6023,0.346
3640,0.4404,0.4572
3641,0.3254,0.6142
3642,0.1217,0.8187
3643,0.0,1.0
3644,0.0,1.0
3645,0.0,1.0
3646,0.0,1.0
3647,0.0,1.0
3648,0.0,1.0
3649,0.0,1.0
3650,0.0,1.0
3651,0.0,1.0
3652,0.0,1.0
3653,0.0,1.0
3654,0.1404,0.8187
3655,0.326,0.6142
3656,0.5061,0.4572
3657,0.5664,0.346
3658,0.6927,0.2741
3659,0.6862,0.2344
3660,0.6348,0.2218
3661,0.6472,0.2344
3662,0.7129,0.2741
3663,0.598,0.346
3664,0.4904,0.4572
3665,0.3125,0.6142
3666,0.1248,0.8187
3667,0.0,1.0
3668,0.0,1.0
3669,0.0,1.0
3670,0.0,1.0
3671,0.0,1.0
3672,0.0,1.0
3673,0.0,1.0
3674,0.0,1.0
3675,0.0,1.0
3676,0.0,1.0
3677,0.0,1.0
3678,0.1419,0.8187
3679,0.3073,0.6142
3680,0.4359,0.4572
3681,0.6231,0.346
3682,0.6715,0.2741
3683,0.7106,0.2344
3684,0.6419,0.2218
3685,0.6947,0.2344
3686,0.6704,0.2741
3687,0.6153,0.346
3688,0.48,0.4572
3689,0.3,0.6142
3690,0.1375,0.8187
3691,0.0,1.0
3692,0.0,1.0
3693,0.0,1.0
3694,0.0,1.0
3695,0.0,1.0
3696,0.0,1.0
3697,0.0,1.0
3698,0.0,1.0
3699,0.0,1.0
3700,0.0,1.0
3701,0.0,1.0
3702,0.1384,0.8187
3703,0.3062,0.6142
3704,0.4801,0.4572
3705,0.5623,0.346
3706,0.6317,0.2741
3707,0.6182,0.2344
3708,0.6404,0.2218
3709,0.6178,0.2344
3710,0.6957,0.2741
3711,0.623,0.346
3712,0.5073,0.4572
3713,0.2863,0.6142
3714,0.1426,0.8187
3715,0.0,1.0
3716,0.0,1.0
3717,0.0,1.0
3718,0.0,1.0
3719,0.0,1.0
3720,0.0,1.0
3721,0.0,1.0
3722,0.0,1.0
3723,0.0,1.0
3724,0.0,1.0
3725,0.0,1.0
3726,0.1417,0.8187
3727,0.2931,0.6142
3728,0.4822,0.4572
3729,0.5723,0.346
3730,0.6303,0.2741
3731,0.6722,0.2344
3732,0.6712,0.2218
3733,0.6334,0.2344
3734,0.6494,0.2741
3735,0.5755,0.346
3736,0.4465,0.4572
3737,0.2964,0.6142
3738,0.1235,0.8187
3739,0.0,1.0
3740,0.0,1.0
3741,0.0,1.0
3742,0.0,1.0
3743,0.0,1.0
3744,0.0,1.0
3745,0.0,1.0
3746,0.0,1.0
3747,0.0,1.0
3748,0.0,1.0
3749,0.0,1.0
3750,0.1367,0.8187
3751,0.3206,0.6142
3752,0.4878,0.4572
3753,0.6028,0.346
3754,0.6427,0.2741
3755,0.6433,0.2344
3756,0.6796,0.2218
3757,0.6602,0.2344
3758,0.6307,0.2741
3759,0.6347,0.346
3760,0.452,0.4572
3761,0.3329,0.6142
3762,0.1333,0.8187
3763,0.0,1.0
3764,0.0,1.0
3765,0.0,1.0
3766,0.0,1.0
3767,0.0,1.0
3768,0.0,1.0
3769,0.0,1.0
3770,0.0,1.0
3771,0.0,1.0
3772,0.0,1.0
3773,0.0,1.0
3774,0.1315,0.8187
3775,0.3091,0.6142
3776,0.4776,0.4572
3777,0.6326,0.346
3778,0.7138,0.2741
3779,0.6422,0.2344
3780,0.6364,0.2218
3781,0.6377,0.2344
3782,0.6607,0.2741
3783,0.6047,0.346
3784,0.4894,0.4572
3785,0.3077,0.6142
3786,0.1415,0.8187
3787,0.0,1.0
3788,0.0,1.0
3789,0.0,1.0
3790,0.0,1.0
3791,0.0,1.0
3792,0.0,1.0
3793,0.0,1.0
3794,0.0,1.0
3795,0.0,1.0
3796,0.0,1.0
3797,0.0,1.0
3798,0.134,0.8187
3799,0.3129,0.6142
3800,0.4616,0.4572
3801,0.6273,0.346
3802,0.7209,0.2741
3803,0.6265,0.2344
3804,0.6714,0.2218
3805,0.647,0.2344
3806,0.6331,0.2741
3807,0.6019,0.346
3808,0.4485,0.4572
3809,0.3278,0.6142
3810,0.1379,0.8187
3811,0.0,1.0
3812,0.0,1.0
3813,0.0,1.0
3814,0.0,1.0
3815,0.0,1.0
3816,0.0,1.0
3817,0.0,1.0
3818,0.0,1.0
3819,0.0,1.0
3820,0.0,1.0
3821,0.0,1.0
3822,0.1324,0.8187
3823,0.3094,0.6142
3824,0.5007,0.4572
3825,0.5977,0.346
3826,0.6745,0.2741
3827,0.6513,0.2344
3828,0.6227,0.2218
3829,0.6346,0.2344
3830,0.6987,0.2741
3831,0.6114,0.346
3832,0.4726,0.4572
3833,0.3227,0.6142
3834,0.1419,0.8187
3835,0.0,1.0
3836,0.0,1.0
3837,0.0,1.0
3838,0.0,1.0
3839,0.0,1.0
3840,0.0,1.0
3841,0.0,1.0
3842,0.0,1.0
3843,0.0,1.0
3844,0.0,1.0
3845,0.0,1.0
3846,0.1278,0.8187
3847,0.3007,0.6142
3848,0.4603,0.4572
3849,0.5602,0.346
3850,0.6329,0.2741
3851,0.7081,0.2344
3852,0.6927,0.2218
3853,0.6565,0.2344
3854,0.7026,0.2741
3855,0.6486,0.346
3856,0.4691,0.4572
3857,0.3151,0.6142
3858,0.128,0.8187
3859,0.0,1.0
3860,0.0,1.0
3861,0.0,1.0
3862,0.0,1.0
3863,0.0,1.0
3864,0.0,1.0
3865,0.0,1.0
3866,0.0,1.0
3867,0.0,1.0
3868,0.0,1.0
3869,0.0,1.0
3870,0.145,0.8187
3871,0.3063,0.6142
3872,0.4891,0.4572
3873,0.6211,0.346
3874,0.6391,0.2741
3875,0.6569,0.2344
3876,0.722,0.2218
3877,0.6666,0.2344
3878,0.681,0.2741
3879,0.5621,0.346
3880,0.4655,0.4572
3881,0.3121,0.6142
3882,0.1285,0.8187
3883,0.0,1.0
3884,0.0,1.0
3885,0.0,1.0
3886,0.0,1.0
3887,0.0,1.0
3888,0.0,1.0
3889,0.0,1.0
3890,0.0,1.0
3891,0.0,1.0
3892,0.0,1.0
3893,0.0,1.0
3894,0.1458,0.8187
3895,0.3374,0.6142
3896,0.4557,0.4572
3897,0.5833,0.346
3898,0.6543,0.2741
3899,0.6496,0.2344
3900,0.6407,0.2218
3901,0.675,0.2344
3902,0.6247,0.2741
3903,0.6356,0.346
3904,0.4412,0.4572
3905,0.2902,0.6142
3906,0.1372,0.8187
3907,0.0,1.0
3908,0.0,1.0
3909,0.0,1.0
3910,0.0,1.0
3911,0.0,1.0
3912,0.0,1.0
3913,0.0,1.0
3914,0.0,1.0
3915,0.0,1.0
3916,0.0,1.0
3917,0.0,1.0
3918,0.1453,0.8187
3919,0.2999,0.6142
3920,0.4763,0.4572
3921,0.6464,0.346
3922,0.6547,0.2741
3923,0.6727,0.2344
3924,0.6261,0.2218
3925,0.6327,0.2344
3926,0.6314,0.2741
3927,0.5856,0.346
3928,0.4735,0.4572
3929,0.3172,0.6142
3930,0.1371,0.8187
3931,0.0,1.0
3932,0.0,1.0
3933,0.0,1.0
3934,0.0,1.0
3935,0.0,1.0
3936,0.0,1.0
3937,0.0,1.0
3938,0.0,1.0
3939,0.0,1.0
3940,0.0,1.0
3941,0.0,1.0
3942,0.1299,0.8187
3943,0.3,0.6142
3944,0.5055,0.4572
3945,0.6069,0.346
3946,0.6359,0.2741
3947,0.6431,0.2344
3948,0.7159,0.2218
3949,0.6774,0.2344
3950,0.7234,0.2741
3951,0.6441,0.346
3952,0.4618,0.4572
3953,0.325,0.6142
3954,0.1451,0.8187
3955,0.0,1.0
3956,0.0,1.0
3957,0.0,1.0
3958,0.0,1.0
3959,0.0,1.0
3960,0.0,1.0
3961,0.0,1.0
3962,0.0,1.0
3963,0.0,1.0
3964,0.0,1.0
3965,0.0,1.0
3966,0.1448,0.8187
3967,0.3333,0.6142
3968,0.4867,0.4572
3969,0.6046,0.346
3970,0.6436,0.2741
3971,0.6876,0.2344
3972,0.7234,0.2218
3973,0.6832,0.2344
3974,0.6927,0.2741
3975,0.5659,0.346
3976,0.4484,0.4572
3977,0.3007,0.6142
3978,0.1402,0.8187
3979,0.0,1.0
3980,0.0,1.0
3981,0.0,1.0
3982,0.0,1.0
3983,0.0,1.0
3984,0.0,1.0
3985,0.0,1.0
3986,0.0,1.0
3987,0.0,1.0
3988,0.0,1.0
3989,0.0,1.0
3990,0.133,0.8187
3991,0.2965,0.6142
3992,0.4637,0.4572
3993,0.5728,0.346
3994,0.675,0.2741
3995,0.6925,0.2344
3996,0.6374,0.2218
3997,0.6693,0.2344
3998,0.6623,0.2741
3999,0.6546,0.346
4000,0.4829,0.4572
4001,0.3084,0.6142
4002,0.1447,0.8187
4003,0.0,1.0
4004,0.0,1.0
4005,0.0,1.0
4006,0.0,1.0
4007,0.0,1.0
4008,0.0,1.0
4009,0.0,1.0
4010,0.0,1.0
4011,0.0,1.0
4012,0.0,1.0
4013,0.0,1.0
4014,0.1339,0.8187
4015,0.3074,0.6142
4016,0.4359,0.4572
4017,0.6311,0.346
4018,0.6758,0.2741
4019,0.6599,0.2344
4020,0.6423,0.2218
4021,0.6425,0.2344
4022,0.698,0.2741
4023,0.5911,0.346
4024,0.4679,0.4572
4025,0.2921,0.6142
4026,0.1354,0.8187
4027,0.0,1.0
4028,0.0,1.0
4029,0.0,1.0
4030,0.0,1.0
4031,0.0,1.0
4032,0.0,1.0
4033,0.0,1.0
4034,0.0,1.0
4035,0.0,1.0
4036,0.0,1.0
4037,0.0,1.0
4038,0.1283,0.8187
4039,0.3114,0.6142
4040,0.4498,0.4572
4041,0.5991,0.346
4042,0.6641,0.2741
4043,0.7203,0.2344
4044,0.7244,0.2218
4045,0.6367,0.2344
4046,0.6745,0.2741
4047,0.6382,0.346
4048,0.4442,0.4572
4049,0.3119,0.6142
4050,0.1401,0.8187
4051,0.0,1.0
4052,0.0,1.0
4053,0.0,1.0
4054,0.0,1.0
4055,0.0,1.0
4056,0.0,1.0
4057,0.0,1.0
4058,0.0,1.0
4059,0.0,1.0
4060,0.0,1.0
4061,0.0,1.0
4062,0.1341,0.8187
4063,0.3194,0.6142
4064,0.4796,0.4572
4065,0.5999,0.346
4066,0.7106,0.2741
4067,0.6374,0.2344
4068,0.6864,0.2218
4069,0.6568,0.2344
4070,0.6604,0.2741
4071,0.6519,0.346
4072,0.5017,0.4572
4073,0.3091,0.6142
4074,0.1391,0.8187
4075,0.0,1.0
4076,0.0,1.0
4077,0.0,1.0
4078,0.0,1.0
4079,0.0,1.0
4080,0.0,1.0
4081,0.0,1.0
4082,0.0,1.0
4083,0.0,1.0
4084,0.0,1.0
4085,0.0,1.0
4086,0.1377,0.8187
4087,0.3119,0.6142
4088,0.4497,0.4572
4089,0.6062,0.346
4090,0.6641,0.2741
4091,0.7219,0.2344
4092,0.7236,0.2218
4093,0.6753,0.2344
4094,0.6861,0.2741
4095,0.584,0.346
4096,0.4417,0.4572
4097,0.3245,0.6142
4098,0.1422,0.8187
4099,0.0,1.0
4100,0.0,1.0
4101,0.0,1.0
4102,0.0,1.0
4103,0.0,1.0
4104,0.0,1.0
4105,0.0,1.0
4106,0.0,1.0
4107,0.0,1.0
4108,0.0,1.0
4109,0.0,1.0
4110,0.1423,0.8187
4111,0.2973,0.6142
4112,0.4911,0.4572
4113,0.5884,0.346
4114,0.6393,0.2741
4115,0.6217,0.2344
4116,0.7119,0.2218
4117,0.6537,0.2344
4118,0.6432,0.2741
4119,0.5791,0.346
4120,0.4744,0.4572
4121,0.3292,0.6142
4122,0.1427,0.8187
4123,0.0,1.0
4124,0.0,1.0
4125,0.0,1.0
4126,0.0,1.0
4127,0.0,1.0
4128,0.0,1.0
4129,0.0,1.0
4130,0.0,1.0
4131,0.0,1.0
4132,0.0,1.0
4133,0.0,1.0
4134,0.1415,0.8187
4135,0.3203,0.6142
4136,0.4388,0.4572
4137,0.6196,0.346
4138,0.7142,0.2741
4139,0.7086,0.2344
4140,0.7215,0.2218
4141,0.7219,0.2344
4142,0.6965,0.2741
4143,0.641,0.346
4144,0.4662,0.4572
4145,0.3056,0.6142
4146,0.1307,0.8187
4147,0.0,1.0
4148,0.0,1.0
4149,0.0,1.0
4150,0.0,1.0
4151,0.0,1.0
4152,0.0,1.0
4153,0.0,1.0
4154,0.0,1.0
4155,0.0,1.0
4156,0.0,1.0
4157,0.0,1.0
4158,0.1315,0.8187
4159,0.2925,0.6142
4160,0.4894,0.4572
4161,0.5873,0.346
4162,0.676,0.2741
4163,0.6455,0.2344
4164,0.6776,0.2218
4165,0.6932,0.2344
4166,0.7169,0.2741
4167,0.5884,0.346
4168,0.4797,0.4572
4169,0.3128,0.6142
4170,0.1321,0.8187
4171,0.0,1.0
4172,0.0,1.0
4173,0.0,1.0
4174,0.0,1.0
4175,0.0,1.0
4176,0.0,1.0
4177,0.0,1.0
4178,0.0,1.0
4179,0.0,1.0
4180,0.0,1.0
4181,0.0,1.0
4182,0.145,0.8187
4183,0.2966,0.6142
4184,0.4416,0.4572
4185,0.6175,0.346
4186,0.6706,0.2741
4187,0.6624,0.2344
4188,0.7048,0.2218
4189,0.7077,0.2344
4190,0.7135,0.2741
4191,0.6056,0.346
4192,0.5087,0.4572
4193,0.3007,0.6142
4194,0.1297,0.8187
4195,0.0,1.0
4196,0.0,1.0
4197,0.0,1.0
4198,0.0,1.0
4199,0.0,1.0
4200,0.0,1.0
4201,0.0,1.0
4202,0.0,1.0
4203,0.0,1.0
4204,0.0,1.0
4205,0.0,1.0
4206,0.1468,0.8187
4207,0.3157,0.6142
4208,0.5064,0.4572
4209,0.6496,0.346
4210,0.7178,0.2741
4211,0.6521,0.2344
4212,0.6646,0.2218
4213,0.6978,0.2344
4214,0.6514,0.2741
4215,0.5955,0.346
4216,0.5054,0.4572
4217,0.3379,0.6142
4218,0.1345,0.8187
4219,0.0,1.0
4220,0.0,1.0
4221,0.0,1.0
4222,0.0,1.0
4223,0.0,1.0
4224,0.0,1.0
4225,0.0,1.0
4226,0.0,1.0
4227,0.0,1.0
4228,0.0,1.0
4229,0.0,1.0
4230,0.1304,0.8187
4231,0.3277,0.6142
4232,0.4492,0.4572
4233,0.6251,0.346
4234,0.6306,0.2741
4235,0.716,0.2344
4236,0.6831,0.2218
4237,0.6387,0.2344
4238,0.6605,0.2741
4239,0.612,0.346
4240,0.5098,0.4572
4241,0.3294,0.6142
4242,0.1295,0.8187
4243,0.0,1.0
4244,0.0,1.0
4245,0.0,1.0
4246,0.0,1.0
4247,0.0,1.0
4248,0.0,1.0
4249,0.0,1.0
4250,0.0,1.0
4251,0.0,1.0
4252,0.0,1.0
4253,0.0,1.0
4254,0.1397,0.8187
4255,0.3266,0.6142
4256,0.4739,0.4572
4257,0.6227,0.346
4258,0.6712,0.2741
4259,0.6438,0.2344
4260,0.6747,0.2218
4261,0.7209,0.2344
4262,0.6578,0.2741
4263,0.6319,0.346
4264,0.5088,0.4572
4265,0.302,0.6142
4266,0.1264,0.8187
4267,0.0,1.0
4268,0.0,1.0
4269,0.0,1.0
4270,0.0,1.0
4271,0.0,1.0
4272,0.0,1.0
4273,0.0,1.0
4274,0.0,1.0
4275,0.0,1.0
4276,0.0,1.0
4277,0.0,1.0
4278,0.127,0.8187
4279,0.3317,0.6142
4280,0.455,0.4572
4281,0.6244,0.346
4282,0.671,0.2741
4283,0.6636,0.2344
4284,0.687,0.2218
4285,0.6708,0.2344
4286,0.6453,0.2741
4287,0.5709,0.346
4288,0.4489,0.4572
4289,0.3134,0.6142
4290,0.1464,0.8187
4291,0.0,1.0
4292,0.0,1.0
4293,0.0,1.0
4294,0.0,1.0
4295,0.0,1.0
4296,0.0,1.0
4297,0.0,1.0
4298,0.0,1.0
4299,0.0,1.0
4300,0.0,1.0
4301,0.0,1.0
4302,0.1312,0.8187
4303,0.2967,0.6142
4304,0.4975,0.4572
4305,0.5656,0.346
4306,0.6218,0.2741
4307,0.6643,0.2344
4308,0.6745,0.2218
4309,0.6297,0.2344
4310,0.7189,0.2741
4311,0.6134,0.346
4312,0.4783,0.4572
4313,0.3014,0.6142
4314,0.1327,0.8187
4315,0.0,1.0
4316,0.0,1.0
4317,0.0,1.0
4318,0.0,1.0
4319,0.0,1.0
4320,0.0,1.0
4321,0.0,1.0
4322,0.0,1.0
4323,0.0,1.0
4324,0.0,1.0
4325,0.0,1.0
4326,0.1323,0.8187
4327,0.3198,0.6142
4328,0.4771,0.4572
4329,0.6236,0.346
4330,0.7081,0.2741
4331,0.6285,0.2344
4332,0.7009,0.2218
4333,0.6976,0.2344
4334,0.6277,0.2741
4335,0.6431,0.346
4336,0.4734,0.4572
4337,0.3031,0.6142
4338,0.1442,0.8187
4339,0.0,1.0
4340,0.0,1.0
4341,0.0,1.0
4342,0.0,1.0
4343,0.0,1.0
4344,0.0,1.0
4345,0.0,1.0
4346,0.0,1.0
4347,0.0,1.0
4348,0.0,1.0
4349,0.0,1.0
4350,0.1284,0.8187
4351,0.3038,0.6142
4352,0.4815,0.4572
4353,0.6487,0.346
4354,0.7124,0.2741
4355,0.6492,0.2344
4356,0.6932,0.2218
4357,0.6839,0.2344
4358,0.7044,0.2741
4359,0.5917,0.346
4360,0.4683,0.4572
4361,0.2947,0.6142
4362,0.1328,0.8187
4363,0.0,1.0
4364,0.0,1.0
4365,0.0,1.0
4366,0.0,1.0
4367,0.0,1.0
4368,0.0,1.0
4369,0.0,1.0
4370,0.0,1.0
4371,0.0,1.0
4372,0.0,1.0
4373,0.0,1.0
4374,0.1377,0.8187
4375,0.3294,0.6142
4376,0.4731,0.4572
4377,0.6517,0.346
4378,0.6401,0.2741
4379,0.7181,0.2344
4380,0.6427,0.2218
4381,0.7094,0.2344
4382,0.6393,0.2741
4383,0.6138,0.346
4384,0.4491,0.4572
4385,0.2994,0.6142
4386,0.1344,0.8187
4387,0.0,1.0
4388,0.0,1.0
4389,0.0,1.0
4390,0.0,1.0
4391,0.0,1.0
4392,0.0,1.0
4393,0.0,1.0
4394,0.0,1.0
4395,0.0,1.0
4396,0.0,1.0
4397,0.0,1.0
4398,0.1446,0.8187
4399,0.3001,0.6142
4400,0.4407,0.4572
4401,0.5792,0.346
4402,0.6979,0.2741
4403,0.6368,0.2344
4404,0.6626,0.2218
4405,0.6721,0.2344
4406,0.7144,0.2741
4407,0.61,0.346
4408,0.5084,0.4572
4409,0.3333,0.6142
4410,0.1281,0.8187
4411,0.0,1.0
4412,0.0,1.0
4413,0.0,1.0
4414,0.0,1.0
4415,0.0,1.0
4416,0.0,1.0
4417,0.0,1.0
4418,0.0,1.0
4419,0.0,1.0
4420,0.0,1.0
4421,0.0,1.0
4422,0.1454,0.8187
4423,0.2916,0.6142
4424,0.4728,0.4572
4425,0.5738,0.346
4426,0.6914,0.2741
4427,0.6835,0.2344
4428,0.6865,0.2218
4429,0.691,0.2344
4430,0.6414,0.2741
4431,0.6372,0.346
4432,0.4625,0.4572
4433,0.3268,0.6142
4434,0.1397,0.8187
4435,0.0,1.0
4436,0.0,1.0
4437,0.0,1.0
4438,0.0,1.0
4439,0.0,1.0
4440,0.0,1.0
4441,0.0,1.0
4442,0.0,1.0
4443,0.0,1.0
4444,0.0,1.0
4445,0.0,1.0
4446,0.1279,0.8187
4447,0.2918,0.6142
4448,0.4743,0.4572
4449,0.6082,0.346
4450,0.6631,0.2741
4451,0.7193,0.2344
4452,0.6655,0.2218
4453,0.7195,0.2344
4454,0.6643,0.2741
4455,0.623,0.346
4456,0.4932,0.4572
4457,0.3186,0.6142
4458,0.1292,0.8187
4459,0.0,1.0
4460,0.0,1.0
4461,0.0,1.0
4462,0.0,1.0
4463,0.0,1.0
4464,0.0,1.0
4465,0.0,1.0
4466,0.0,1.0
4467,0.0,1.0
4468,0.0,1.0
4469,0.0,1.0
4470,0.1262,0.8187
4471,0.2946,0.6142
4472,0.4543,0.4572
4473,0.6167,0.346
4474,0.7102,0.2741
4475,0.6455,0.2344
4476,0.6716,0.2218
4477,0.6333,0.2344
4478,0.6654,0.2741
4479,0.6081,0.346
4480,0.5044,0.4572
4481,0.2916,0.6142
4482,0.1417,0.8187
4483,0.0,1.0
4484,0.0,1.0
4485,0.0,1.0
4486,0.0,1.0
4487,0.0,1.0
4488,0.0,1.0
4489,0.0,1.0
4490,0.0,1.0
4491,0.0,1.0
4492,0.0,1.0
4493,0.0,1.0
4494,0.1305,0.8187
4495,0.3168,0.6142
4496,0.4925,0.4572
4497,0.6391,0.346
4498,0.7075,0.2741
4499,0.7176,0.2344
4500,0.6767,0.2218
4501,0.7146,0.2344
4502,0.7149,0.2741
4503,0.65,0.346
4504,0.4652,0.4572
4505,0.3047,0.6142
4506,0.135,0.8187
4507,0.0,1.0
4508,0.0,1.0
4509,0.0,1.0
4510,0.0,1.0
4511,0.0,1.0
4512,0.0,1.0
4513,0.0,1.0
4514,0.0,1.0
4515,0.0,1.0
4516,0.0,1.0
4517,0.0,1.0
4518,0.1292,0.8187
4519,0.3019,0.6142
4520,0.4991,0.4572
4521,0.5884,0.346
4522,0.7071,0.2741
4523,0.6648,0.2344
4524,0.706,0.2218
4525,0.6935,0.2344
4526,0.7012,0.2741
4527,0.59,0.346
4528,0.4816,0.4572
4529,0.3194,0.6142
4530,0.1303,0.8187
4531,0.0,1.0
4532,0.0,1.0
4533,0.0,1.0
4534,0.0,1.0
4535,0.0,1.0
4536,0.0,1.0
4537,0.0,1.0
4538,0.0,1.0
4539,0.0,1.0
4540,0.0,1.0
4541,0.0,1.0
4542,0.1352,0.8187
4543,0.2848,0.6142
4544,0.4491,0.4572
4545,0.589,0.346
4546,0.6625,0.2741
4547,0.6699,0.2344
4548,0.633,0.2218
4549,0.7029,0.2344
4550,0.6186,0.2741
4551,0.5924,0.346
4552,0.4341,0.4572
4553,0.2857,0.6142
4554,0.1217,0.8187
4555,0.0,1.0
4556,0.0,1.0
4557,0.0,1.0
4558,0.0,1.0
4559,0.0,1.0
4560,0.0,1.0
4561,0.0,1.0
4562,0.0,1.0
4563,0.0,1.0
4564,0.0,1.0
4565,0.0,1.0
4566,0.1364,0.8187
4567,0.2857,0.6142
4568,0.4978,0.4572
4569,0.5657,0.346
4570,0.6356,0.2741
4571,0.6243,0.2344
4572,0.6678,0.2218
4573,0.6255,0.2344
4574,0.6464,0.2741
4575,0.585,0.346
4576,0.4975,0.4572
4577,0.2955,0.6142
4578,0.1317,0.8187
4579,0.0,1.0
4580,0.0,1.0
4581,0.0,1.0
4582,0.0,1.0
4583,0.0,1.0
4584,0.0,1.0
4585,0.0,1.0
4586,0.0,1.0
4587,0.0,1.0
4588,0.0,1.0
4589,0.0,1.0
4590,0.1376,0.8187
4591,0.2912,0.6142
4592,0.4876,0.4572
4593,0.6354,0.346
4594,0.7228,0.2741
4595,0.637,0.2344
4596,0.617,0.2218
4597,0.6464,0.2344
4598,0.682,0.2741
4599,0.5737,0.346
4600,0.5012,0.4572
4601,0.2874,0.6142
4602,0.1391,0.8187
4603,0.0,1.0
4604,0.0,1.0
4605,0.0,1.0
4606,0.0,1.0
4607,0.0,1.0
4608,0.0,1.0
4609,0.0,1.0
4610,0.0,1.0
4611,0.0,1.0
4612,0.0,1.0
4613,0.0,1.0
4614,0.1255,0.8187
4615,0.2917,0.6142
4616,0.4976,0.4572
4617,0.6124,0.346
4618,0.6313,0.2741
4619,0.621,0.2344
4620,0.6186,0.2218
4621,0.7094,0.2344
4622,0.6948,0.2741
4623,0.64,0.346
4624,0.4424,0.4572
4625,0.3266,0.6142
4626,0.1374,0.8187
4627,0.0,1.0
4628,0.0,1.0
4629,0.0,1.0
4630,0.0,1.0
4631,0.0,1.0
4632,0.0,1.0
4633,0.0,1.0
4634,0.0,1.0
4635,0.0,1.0
4636,0.0,1.0
4637,0.0,1.0
4638,0.1324,0.8187
4639,0.3224,0.6142
4640,0.454,0.4572
4641,0.6238,0.346
4642,0.6654,0.2741
4643,0.6561,0.2344
4644,0.6487,0.2218
4645,0.6618,0.2344
4646,0.6814,0.2741
4647,0.6294,0.346
4648,0.4953,0.4572
4649,0.3307,0.6142
4650,0.1377,0.8187
4651,0.0,1.0
4652,0.0,1.0
4653,0.0,1.0
4654,0.0,1.0
4655,0.0,1.0
4656,0.0,1.0
4657,0.0,1.0
4658,0.0,1.0
4659,0.0,1.0
4660,0.0,1.0
4661,0.0,1.0
4662,0.1279,0.8187
4663,0.2937,0.6142
4664,0.4632,0.4572
4665,0.5759,0.346
4666,0.6742,0.2741
4667,0.621,0.2344
4668,0.6324,0.2218
4669,0.7118,0.2344
4670,0.7045,0.2741
4671,0.6057,0.346
4672,0.5034,0.4572
4673,0.2986,0.6142
4674,0.1312,0.8187
4675,0.0,1.0
4676,0.0,1.0
4677,0.0,1.0
4678,0.0,1.0
4679,0.0,1.0
4680,0.0,1.0
4681,0.0,1.0
4682,0.0,1.0
4683,0.0,1.0
4684,0.0,1.0
4685,0.0,1.0
4686,0.1234,0.8187
4687,0.3249,0.6142
4688,0.4814,0.4572
4689,0.6241,0.346
4690,0.65,0.2741
4691,0.6337,0.2344
4692,0.6203,0.2218
4693,0.6919,0.2344
4694,0.7014,0.2741
4695,0.6259,0.346
4696,0.4398,0.4572
4697,0.3037,0.6142
4698,0.118,0.8187
4699,0.0,1.0
4700,0.0,1.0
4701,0.0,1.0
4702,0.0,1.0
4703,0.0,1.0
4704,0.0,1.0
4705,0.0,1.0
4706,0.0,1.0
4707,0.0,1.0
4708,0.0,1.0
4709,0.0,1.0
4710,0.1245,0.8187
4711,0.3107,0.6142
4712,0.4362,0.4572
4713,0.6406,0.346
4714,0.6783,0.2741
4715,0.6704,0.2344
4716,0.6647,0.2218
4717,0.663,0.2344
4718,0.6554,0.2741
4719,0.5994,0.346
4720,0.4731,0.4572
4721,0.2846,0.6142
4722,0.1357,0.8187
4723,0.0,1.0
4724,0.0,1.0
4725,0.0,1.0
4726,0.0,1.0
4727,0.0,1.0
4728,0.0,1.0
4729,0.0,1.0
4730,0.0,1.0
4731,0.0,1.0
4732,0.0,1.0
4733,0.0,1.0
4734,0.1268,0.8187
4735,0.3188,0.6142
4736,0.4797,0.4572
4737,0.5728,0.346
4738,0.6369,0.2741
4739,0.6717,0.2344
4740,0.6781,0.2218
4741,0.7043,0.2344
4742,0.6787,0.2741
4743,0.6291,0.346
4744,0.4808,0.4572
4745,0.3261,0.6142
4746,0.1322,0.8187
4747,0.0,1.0
4748,0.0,1.0
4749,0.0,1.0
4750,0.0,1.0
4751,0.0,1.0
4752,0.0,1.0
4753,0.0,1.0
4754,0.0,1.0
4755,0.0,1.0
4756,0.0,1.0
4757,0.0,1.0
4758,0.1269,0.8187
4759,0.3067,0.6142
4760,0.4743,0.4572
4761,0.5603,0.346
4762,0.6659,0.2741
4763,0.6949,0.2344
4764,0.6422,0.2218
4765,0.6927,0.2344
4766,0.6368,0.2741
4767,0.6347,0.346
4768,0.4404,0.4572
4769,0.287,0.6142
4770,0.1245,0.8187
4771,0.0,1.0
4772,0.0,1.0
4773,0.0,1.0
4774,0.0,1.0
4775,0.0,1.0
4776,0.0,1.0
4777,0.0,1.0
4778,0.0,1.0
4779,0.0,1.0
4780,0.0,1.0
4781,0.0,1.0
4782,0.13,0.8187
4783,0.2977,0.6142
4784,0.4606,0.4572
4785,0.6283,0.346
4786,0.7243,0.2741
4787,0.7152,0.2344
4788,0.7139,0.2218
4789,0.6963,0.2344
4790,0.6797,0.2741
4791,0.5573,0.346
4792,0.4817,0.4572
4793,0.3035,0.6142
4794,0.1174,0.8187
4795,0.0,1.0
4796,0.0,1.0
4797,0.0,1.0
4798,0.0,1.0
4799,0.0,1.0
4800,0.0,1.0
4801,0.0,1.0
4802,0.0,1.0
4803,0.0,1.0
4804,0.0,1.0
4805,0.0,1.0
4806,0.1305,0.8187
4807,0.3186,0.6142
4808,0.4333,0.4572
4809,0.5786,0.346
4810,0.6464,0.2741
4811,0.6312,0.2344
4812,0.6609,0.2218
4813,0.6337,0.2344
4814,0.7221,0.2741
4815,0.6446,0.346
4816,0.5003,0.4572
4817,0.3077,0.6142
4818,0.1185,0.8187
4819,0.0,1.0
4820,0.0,1.0
4821,0.0,1.0
4822,0.0,1.0
4823,0.0,1.0
4824,0.0,1.0
4825,0.0,1.0
4826,0.0,1.0
4827,0.0,1.0
4828,0.0,1.0
4829,0.0,1.0
4830,0.1151,0.8187
4831,0.3131,0.6142
4832,0.4859,0.4572
4833,0.6398,0.346
4834,0.6721,0.2741
4835,0.7069,0.2344
4836,0.6778,0.2218
4837,0.6778,0.2344
4838,0.707,0.2741
4839,0.6453,0.346
4840,0.4831,0.4572
4841,0.3105,0.6142
4842,0.129,0.8187
4843,0.0,1.0
4844,0.0,1.0
4845,0.0,1.0
4846,0.0,1.0
4847,0.0,1.0
4848,0.0,1.0
4849,0.0,1.0
4850,0.0,1.0
4851,0.0,1.0
4852,0.0,1.0
4853,0.0,1.0
4854,0.1217,0.8187
4855,0.295,0.6142
4856,0.4355,0.4572
4857,0.6266,0.346
4858,0.6651,0.2741
4859,0.6441,0.2344
4860,0.6291,0.2218
4861,0.6977,0.2344
4862,0.6944,0.2741
4863,0.626,0.346
4864,0.4571,0.4572
4865,0.2825,0.6142
4866,0.1142,0.8187
4867,0.0,1.0
4868,0.0,1.0
4869,0.0,1.0
4870,0.0,1.0
4871,0.0,1.0
4872,0.0,1.0
4873,0.0,1.0
4874,0.0,1.0
4875,0.0,1.0
4876,0.0,1.0
4877,0.0,1.0
4878,0.1224,0.8187
4879,0.295,0.6142
4880,0.5,0.4572
4881,0.6038,0.346
4882,0.66,0.2741
4883,0.6562,0.2344
4884,0.6978,0.2218
4885,0.6639,0.2344
4886,0.69,0.2741
4887,0.5902,0.346
4888,0.459,0.4572
4889,0.3042,0.6142
4890,0.1188,0.8187
4891,0.0,1.0
4892,0.0,1.0
4893,0.0,1.0
4894,0.0,1.0
4895,0.0,1.0
4896,0.0,1.0
4897,0.0,1.0
4898,0.0,1.0
4899,0.0,1.0
4900,0.0,1.0
4901,0.0,1.0
4902,0.1227,0.8187
4903,0.2865,0.6142
4904,0.439,0.4572
4905,0.6005,0.346
4906,0.6749,0.2741
4907,0.6994,0.2344
4908,0.6253,0.2218
4909,0.6327,0.2344
4910,0.627,0.2741
4911,0.6082,0.346
4912,0.4809,0.4572
4913,0.3147,0.6142
4914,0.1223,0.8187
4915,0.0,1.0
4916,0.0,1.0
4917,0.0,1.0
4918,0.0,1.0
4919,0.0,1.0
4920,0.0,1.0
4921,0.0,1.0
4922,0.0,1.0
4923,0.0,1.0
4924,0.0,1.0
4925,0.0,1.0
4926,0.1099,0.8187
4927,0.2826,0.6142
4928,0.4766,0.4572
4929,0.5862,0.346
4930,0.6779,0.2741
4931,0.7043,0.2344
4932,0.6608,0.2218
4933,0.6609,0.2344
4934,0.6765,0.2741
4935,0.6478,0.346
4936,0.4268,0.4572
4937,0.3143,0.6142
4938,0.1199,0.8187
4939,0.0,1.0
4940,0.0,1.0
4941,0.0,1.0
4942,0.0,1.0
4943,0.0,1.0
4944,0.0,1.0
4945,0.0,1.0
4946,0.0,1.0
4947,0.0,1.0
4948,0.0,1.0
4949,0.0,1.0
4950,0.1075,0.8187
4951,0.2911,0.6142
4952,0.4704,0.4572
4953,0.6388,0.346
4954,0.6745,0.2741
4955,0.6622,0.2344
4956,0.6459,0.2218
4957,0.654,0.2344
4958,0.6214,0.2741
4959,0.6131,0.346
4960,0.4662,0.4572
4961,0.283,0.6142
4962,0.1212,0.8187
4963,0.0,1.0
4964,0.0,1.0
4965,0.0,1.0
4966,0.0,1.0
4967,0.0,1.0
4968,0.0,1.0
4969,0.0,1.0
4970,0.0,1.0
4971,0.0,1.0
4972,0.0,1.0
4973,0.0,1.0
4974,0.1189,0.8187
4975,0.3134,0.6142
4976,0.4694,0.4572
4977,0.6081,0.346
4978,0.7164,0.2741
4979,0.6358,0.2344
4980,0.6703,0.2218
4981,0.7203,0.2344
4982,0.6734,0.2741
4983,0.6207,0.346
4984,0.4644,0.4572
4985,0.3015,0.6142
4986,0.1145,0.8187
4987,0.0,1.0
4988,0.0,1.0
4989,0.0,1.0
4990,0.0,1.0
4991,0.0,1.0
4992,0.0,1.0
4993,0.0,1.0
4994,0.0,1.0
4995,0.0,1.0
4996,0.0,1.0
4997,0.0,1.0
4998,0.1051,0.8187
4999,0.307,0.6142
5000,0.4769,0.4572
5001,0.6305,0.346
5002,0.6174,0.2741
5003,0.6786,0.2344
5004,0.6438,0.2218
5005,0.6682,0.2344
5006,0.6248,0.2741
5007,0.6219,0.346
5008,0.4827,0.4572
5009,0.2887,0.6142
5010,0.1089,0.8187
5011,0.0,1.0
5012,0.0,1.0
5013,0.0,1.0
5014,0.0,1.0
5015,0.0,1.0
5016,0.0,1.0
5017,0.0,1.0
5018,0.0,1.0
5019,0.0,1.0
5020,0.0,1.0
5021,0.0,1.0
5022,0.1058,0.8187
5023,0.3133,0.6142
5024,0.4586,0.4572
5025,0.5698,0.346
5026,0.6528,0.2741
5027,0.6426,0.2344
5028,0.6456,0.2218
5029,0.7247,0.2344
5030,0.6449,0.2741
5031,0.5902,0.346
5032,0.4463,0.4572
5033,0.3069,0.6142
5034,0.1075,0.8187
5035,0.0,1.0
5036,0.0,1.0
5037,0.0,1.0
5038,0.0,1.0
5039,0.0,1.0
5040,0.0,1.0
5041,0.0,1.0
5042,0.0,1.0
5043,0.0,1.0
5044,0.0,1.0
5045,0.0,1.0
5046,0.1185,0.8187
5047,0.3071,0.6142
5048,0.4672,0.4572
5049,0.5582,0.346
5050,0.6836,0.2741
5051,0.6335,0.2344
5052,0.6351,0.2218
5053,0.6873,0.2344
5054,0.6507,0.2741
5055,0.6173,0.346
5056,0.456,0.4572
5057,0.2983,0.6142
5058,0.1025,0.8187
5059,0.0,1.0
5060,0.0,1.0
5061,0.0,1.0
5062,0.0,1.0
5063,0.0,1.0
5064,0.0,1.0
5065,0.0,1.0
5066,0.0,1.0
5067,0.0,1.0
5068,0.0,1.0
5069,0.0,1.0
5070,0.1145,0.8187
5071,0.2687,0.6142
5072,0.432,0.4572
5073,0.584,0.346
5074,0.654,0.2741
5075,0.6747,0.2344
5076,0.6666,0.2218
5077,0.6944,0.2344
5078,0.6553,0.2741
5079,0.5943,0.346
5080,0.4383,0.4572
5081,0.2948,0.6142
5082,0.1173,0.8187
5083,0.0,1.0
5084,0.0,1.0
5085,0.0,1.0
5086,0.0,1.0
5087,0.0,1.0
5088,0.0,1.0
5089,0.0,1.0
5090,0.0,1.0
5091,0.0,1.0
5092,0.0,1.0
5093,0.0,1.0
5094,0.1049,0.8187
5095,0.3037,0.6142
5096,0.4811,0.4572
5097,0.6078,0.346
5098,0.7127,0.2741
5099,0.6593,0.2344
5100,0.6582,0.2218
5101,0.6411,0.2344
5102,0.6226,0.2741
5103,0.6235,0.346
5104,0.4388,0.4572
5105,0.2916,0.6142
5106,0.1115,0.8187
5107,0.0,1.0
5108,0.0,1.0
5109,0.0,1.0
5110,0.0,1.0
5111,0.0,1.0
5112,0.0,1.0
5113,0.0,1.0
5114,0.0,1.0
5115,0.0,1.0
5116,0.0,1.0
5117,0.0,1.0
5118,0.1003,0.8187
5119,0.2669,0.6142
5120,0.4325,0.4572
5121,0.589,0.346
5122,0.7089,0.2741
5123,0.6739,0.2344
5124,0.6232,0.2218
5125,0.6511,0.2344
5126,0.7243,0.2741
5127,0.6094,0.346
5128,0.4398,0.4572
5129,0.2846,0.6142
5130,0.1103,0.8187
5131,0.0,1.0
5132,0.0,1.0
5133,0.0,1.0
5134,0.0,1.0
5135,0.0,1.0
5136,0.0,1.0
5137,0.0,1.0
5138,0.0,1.0
5139,0.0,1.0
5140,0.0,1.0
5141,0.0,1.0
5142,0.1006,0.8187
5143,0.3061,0.6142
5144,0.4479,0.4572
5145,0.5568,0.346
5146,0.6995,0.2741
5147,0.6256,0.2344
5148,0.6961,0.2218
5149,0.6573,0.2344
5150,0.638,0.2741
5151,0.6261,0.346
5152,0.4524,0.4572
5153,0.2832,0.6142
5154,0.1072,0.8187
5155,0.0,1.0
5156,0.0,1.0
5157,0.0,1.0
5158,0.0,1.0
5159,0.0,1.0
5160,0.0,1.0
5161,0.0,1.0
5162,0.0,1.0
5163,0.0,1.0
5164,0.0,1.0
5165,0.0,1.0
5166,0.0978,0.8187
5167,0.2951,0.6142
5168,0.4672,0.4572
5169,0.605,0.346
5170,0.6625,0.2741
5171,0.6455,0.2344
5172,0.6203,0.2218
5173,0.6307,0.2344
5174,0.6516,0.2741
5175,0.6213,0.346
5176,0.4672,0.4572
5177,0.2942,0.6142
5178,0.1097,0.8187
5179,0.0,1.0
5180,0.0,1.0
5181,0.0,1.0
5182,0.0,1.0
5183,0.0,1.0
5184,0.0,1.0
5185,0.0,1.0
5186,0.0,1.0
5187,0.0,1.0
5188,0.0,1.0
5189,0.0,1.0
5190,0.105,0.8187
5191,0.2834,0.6142
5192,0.4881,0.4572
5193,0.6082,0.346
5194,0.6361,0.2741
5195,0.6788,0.2344
5196,0.6474,0.2218
5197,0.6883,0.2344
5198,0.6818,0.2741
5199,0.5528,0.346
5200,0.4419,0.4572
5201,0.2825,0.6142
5202,0.1068,0.8187
5203,0.0,1.0
5204,0.0,1.0
5205,0.0,1.0
5206,0.0,1.0
5207,0.0,1.0
5208,0.0,1.0
5209,0.0,1.0
5210,0.0,1.0
5211,0.0,1.0
5212,0.0,1.0
5213,0.0,1.0
5214,0.1066,0.8187
5215,0.2679,0.6142
5216,0.4812,0.4572
5217,0.6402,0.346
5218,0.7214,0.2741
5219,0.6265,0.2344
5220,0.6216,0.2218
5221,0.6218,0.2344
5222,0.6697,0.2741
5223,0.5679,0.346
5224,0.4687,0.4572
5225,0.2923,0.6142
5226,0.1032,0.8187
5227,0.0,1.0
5228,0.0,1.0
5229,0.0,1.0
5230,0.0,1.0
5231,0.0,1.0
5232,0.0,1.0
5233,0.0,1.0
5234,0.0,1.0
5235,0.0,1.0
5236,0.0,1.0
5237,0.0,1.0
5238,0.1006,0.8187
5239,0.282,0.6142
5240,0.4596,0.4572
5241,0.5466,0.346
5242,0.6477,0.2741
5243,0.6166,0.2344
5244,0.6924,0.2218
5245,0.6982,0.2344
5246,0.719,0.2741
5247,0.5783,0.346
5248,0.4429,0.4572
5249,0.2926,0.6142
5250,0.0987,0.8187
5251,0.0,1.0
5252,0.0,1.0
5253,0.0,1.0
5254,0.0,1.0
5255,0.0,1.0
5256,0.0,1.0
5257,0.0,1.0
5258,0.0,1.0
5259,0.0,1.0
5260,0.0,1.0
5261,0.0,1.0
5262,0.104,0.8187
5263,0.2809,0.6142
5264,0.476,0.4572
5265,0.587,0.346
5266,0.6282,0.2741
5267,0.7103,0.2344
5268,0.6233,0.2218
5269,0.7235,0.2344
5270,0.688,0.2741
5271,0.608,0.346
5272,0.4544,0.4572
5273,0.302,0.6142
5274,0.102,0.8187
5275,0.0,1.0
5276,0.0,1.0
5277,0.0,1.0
5278,0.0,1.0
5279,0.0,1.0
5280,0.0,1.0
5281,0.0,1.0
5282,0.0,1.0
5283,0.0,1.0
5284,0.0,1.0
5285,0.0,1.0
5286,0.09,0.8187
5287,0.2917,0.6142
5288,0.4569,0.4572
5289,0.5643,0.346
5290,0.6583,0.2741
5291,0.7232,0.2344
5292,0.654,0.2218
5293,0.63,0.2344
5294,0.7134,0.2741
5295,0.5465,0.346
5296,0.4414,0.4572
5297,0.2772,0.6142
5298,0.0899,0.8187
5299,0.0,1.0
5300,0.0,1.0
5301,0.0,1.0
5302,0.0,1.0
5303,0.0,1.0
5304,0.0,1.0
5305,0.0,1.0
5306,0.0,1.0
5307,0.0,1.0
5308,0.0,1.0
5309,0.0,1.0
5310,0.0984,0.8187
5311,0.2626,0.6142
5312,0.4213,0.4572
5313,0.6191,0.346
5314,0.6724,0.2741
5315,0.669,0.2344
5316,0.6573,0.2218
5317,0.6891,0.2344
5318,0.617,0.2741
5319,0.6203,0.346
5320,0.4572,0.4572
5321,0.2825,0.6142
5322,0.0919,0.8187
5323,0.0,1.0
5324,0.0,1.0
5325,0.0,1.0
5326,0.0,1.0
5327,0.0,1.0
5328,0.0,1.0
5329,0.0,1.0
5330,0.0,1.0
5331,0.0,1.0
5332,0.0,1.0
5333,0.0,1.0
5334,0.0875,0.8187
5335,0.2702,0.6142
5336,0.4797,0.4572
5337,0.581,0.346
5338,0.6867,0.2741
5339,0.6978,0.2344
5340,0.6557,0.2218
5341,0.6903,0.2344
5342,0.6365,0.2741
5343,0.6312,0.346
5344,0.471,0.4572
5345,0.2646,0.6142
5346,0.0946,0.8187
5347,0.0,1.0
5348,0.0,1.0
5349,0.0,1.0
5350,0.0,1.0
5351,0.0,1.0
5352,0.0,1.0
5353,0.0,1.0
5354,0.0,1.0
5355,0.0,1.0
5356,0.0,1.0
5357,0.0,1.0
5358,0.0865,0.8187
5359,0.2803,0.6142
5360,0.4449,0.4572
5361,0.6151,0.346
5362,0.7045,0.2741
5363,0.6844,0.2344
5364,0.6798,0.2218
5365,0.6395,0.2344
5366,0.6354,0.2741
5367,0.609,0.346
5368,0.4697,0.4572
5369,0.2743,0.6142
5370,0.0888,0.8187
5371,0.0,1.0
5372,0.0,1.0
5373,0.0,1.0
5374,0.0,1.0
5375,0.0,1.0
5376,0.0,1.0
5377,0.0,1.0
5378,0.0,1.0
5379,0.0,1.0
5380,0.0,1.0
5381,0.0,1.0
5382,0.0838,0.8187
5383,0.2873,0.6142
5384,0.4591,0.4572
5385,0.547,0.346
5386,0.7251,0.2741
5387,0.6887,0.2344
5388,0.6189,0.2218
5389,0.6916,0.2344
5390,0.6932,0.2741
5391,0.5599,0.346
5392,0.4223,0.4572
5393,0.2804,0.6142
5394,0.0916,0.8187
5395,0.0,1.0
5396,0.0,1.0
5397,0.0,1.0
5398,0.0,1.0
5399,0.0,1.0
5400,0.0,1.0
5401,0.0,1.0
5402,0.0,1.0
5403,0.0,1.0
5404,0.0,1.0
5405,0.0,1.0
5406,0.0898,0.8187
5407,0.2938,0.6142
5408,0.4239,0.4572
5409,0.6003,0.346
5410,0.6797,0.2741
5411,0.701,0.2344
5412,0.6461,0.2218
5413,0.7138,0.2344
5414,0.6705,0.2741
5415,0.5743,0.346
5416,0.4726,0.4572
5417,0.2916,0.6142
5418,0.092,0.8187
5419,0.0,1.0
5420,0.0,1.0
5421,0.0,1.0
5422,0.0,1.0
5423,0.0,1.0
5424,0.0,1.0
5425,0.0,1.0
5426,0.0,1.0
5427,0.0,1.0
5428,0.0,1.0
5429,0.0,1.0
5430,0.0899,0.8187
5431,0.2791,0.6142
5432,0.4681,0.4572
5433,0.6039,0.346
5434,0.6775,0.2741
5435,0.7177,0.2344
5436,0.617,0.2218
5437,0.7246,0.2344
5438,0.6359,0.2741
5439,0.624,0.346
5440,0.441,0.4572
5441,0.2595,0.6142
5442,0.083,0.8187
5443,0.0,1.0
5444,0.0,1.0
5445,0.0,1.0
5446,0.0,1.0
5447,0.0,1.0
5448,0.0,1.0
5449,0.0,1.0
5450,0.0,1.0
5451,0.0,1.0
5452,0.0,1.0
5453,0.0,1.0
5454,0.0896,0.8187
5455,0.2714,0.6142
5456,0.458,0.4572
5457,0.6283,0.346
5458,0.6656,0.2741
5459,0.6493,0.2344
5460,0.7184,0.2218
5461,0.6235,0.2344
5462,0.7168,0.2741
5463,0.5758,0.346
5464,0.4653,0.4572
5465,0.2582,0.6142
5466,0.0769,0.8187
5467,0.0,1.0
5468,0.0,1.0
5469,0.0,1.0
5470,0.0,1.0
5471,0.0,1.0
5472,0.0,1.0
5473,0.0,1.0
5474,0.0,1.0
5475,0.0,1.0
5476,0.0,1.0
5477,0.0,1.0
5478,0.0809,0.8187
5479,0.2755,0.6142
5480,0.4585,0.4572
5481,0.6109,0.346
5482,0.655,0.2741
5483,0.7241,0.2344
5484,0.6647,0.2218
5485,0.6934,0.2344
5486,0.6457,0.2741
5487,0.5718,0.346
5488,0.4238,0.4572
5489,0.2512,0.6142
5490,0.0775,0.8187
5491,0.0,1.0
5492,0.0,1.0
5493,0.0,1.0
5494,0.0,1.0
5495,0.0,1.0
5496,0.0,1.0
5497,0.0,1.0
5498,0.0,1.0
5499,0.0,1.0
5500,0.0,1.0
5501,0.0,1.0
5502,0.0752,0.8187
5503,0.2742,0.6142
5504,0.4697,0.4572
5505,0.6158,0.346
5506,0.6453,0.2741
5507,0.6695,0.2344
5508,0.6412,0.2218
5509,0.6214,0.2344
5510,0.6898,0.2741
5511,0.5748,0.346
5512,0.4598,0.4572
5513,0.2727,0.6142
5514,0.0783,0.8187
5515,0.0,1.0
5516,0.0,1.0
5517,0.0,1.0
5518,0.0,1.0
5519,0.0,1.0
5520,0.0,1.0
5521,0.0,1.0
5522,0.0,1.0
5523,0.0,1.0
5524,0.0,1.0
5525,0.0,1.0
5526,0.0723,0.8187
5527,0.2746,0.6142
5528,0.4244,0.4572
5529,0.5986,0.346
5530,0.6801,0.2741
5531,0.6172,0.2344
5532,0.7014,0.2218
5533,0.7149,0.2344
5534,0.6726,0.2741
5535,0.5412,0.346
5536,0.4255,0.4572
5537,0.2735,0.6142
5538,0.0731,0.8187
5539,0.0,1.0
5540,0.0,1.0
5541,0.0,1.0
5542,0.0,1.0
5543,0.0,1.0
5544,0.0,1.0
5545,0.0,1.0
5546,0.0,1.0
5547,0.0,1.0
5548,0.0,1.0
5549,0.0,1.0
5550,0.0777,0.8187
5551,0.2779,0.6142
5552,0.4472,0.4572
5553,0.5862,0.346
5554,0.7215,0.2741
5555,0.7226,0.2344
5556,0.6179,0.2218
5557,0.7235,0.2344
5558,0.6925,0.2741
5559,0.6258,0.346
5560,0.4226,0.4572
5561,0.2593,0.6142
5562,0.081,0.8187
5563,0.0,1.0
5564,0.0,1.0
5565,0.0,1.0
5566,0.0,1.0
5567,0.0,1.0
5568,0.0,1.0
5569,0.0,1.0
5570,0.0,1.0
5571,0.0,1.0
5572,0.0,1.0
5573,0.0,1.0
5574,0.0695,0.8187
5575,0.2754,0.6142
5576,0.4704,0.4572
5577,0.5739,0.346
5578,0.7023,0.2741
5579,0.6293,0.2344
5580,0.6261,0.2218
5581,0.6455,0.2344
5582,0.7117,0.2741
5583,0.5514,0.346
5584,0.4393,0.4572
5585,0.2783,0.6142
5586,0.0717,0.8187
5587,0.0,1.0
5588,0.0,1.0
5589,0.0,1.0
5590,0.0,1.0
5591,0.0,1.0
5592,0.0,1.0
5593,0.0,1.0
5594,0.0,1.0
5595,0.0,1.0
5596,0.0,1.0
5597,0.0,1.0
5598,0.0733,0.8187
5599,0.2795,0.6142
5600,0.4287,0.4572
5601,0.5889,0.346
5602,0.6533,0.2741
5603,0.665,0.2344
5604,0.6256,0.2218
5605,0.6731,0.2344
5606,0.6815,0.2741
5607,0.5684,0.346
5608,0.4344,0.4572
5609,0.2632,0.6142
5610,0.076,0.8187
5611,0.0,1.0
5612,0.0,1.0
5613,0.0,1.0
5614,0.0,1.0
5615,0.0,1.0
5616,0.0,1.0
5617,0.0,1.0
5618,0.0,1.0
5619,0.0,1.0
5620,0.0,1.0
5621,0.0,1.0
5622,0.0693,0.8187
5623,0.2536,0.6142
5624,0.4614,0.4572
5625,0.613,0.346
5626,0.711,0.2741
5627,0.6473,0.2344
5628,0.6567,0.2218
5629,0.6737,0.2344
5630,0.6695,0.2741
5631,0.54,0.346
5632,0.4034,0.4572
5633,0.2432,0.6142
5634,0.066,0.8187
5635,0.0,1.0
5636,0.0,1.0
5637,0.0,1.0
5638,0.0,1.0
5639,0.0,1.0
5640,0.0,1.0
5641,0.0,1.0
5642,0.0,1.0
5643,0.0,1.0
5644,0.0,1.0
5645,0.0,1.0
5646,0.0632,0.8187
5647,0.2624,0.6142
5648,0.4146,0.4572
5649,0.6086,0.346
5650,0.6562,0.2741
5651,0.6693,0.2344
5652,0.6392,0.2218
5653,0.6238,0.2344
5654,0.6519,0.2741
5655,0.5766,0.346
5656,0.429,0.4572
5657,0.2566,0.6142
5658,0.0656,0.8187
5659,0.0,1.0
5660,0.0,1.0
5661,0.0,1.0
5662,0.0,1.0
5663,0.0,1.0
5664,0.0,1.0
5665,0.0,1.0
5666,0.0,1.0
5667,0.0,1.0
5668,0.0,1.0
5669,0.0,1.0
5670,0.066,0.8187
5671,0.2675,0.6142
5672,0.4295,0.4572
5673,0.537,0.346
5674,0.7099,0.2741
5675,0.711,0.2344
5676,0.6868,0.2218
5677,0.656,0.2344
5678,0.7064,0.2741
5679,0.5719,0.346
5680,0.4378,0.4572
5681,0.2403,0.6142
5682,0.0623,0.8187
5683,0.0,1.0
5684,0.0,1.0
5685,0.0,1.0
5686,0.0,1.0
5687,0.0,1.0
5688,0.0,1.0
5689,0.0,1.0
5690,0.0,1.0
5691,0.0,1.0
5692,0.0,1.0
5693,0.0,1.0
5694,0.0671,0.8187
5695,0.2354,0.6142
5696,0.4405,0.4572
5697,0.5923,0.346
5698,0.7133,0.2741
5699,0.6777,0.2344
5700,0.6331,0.2218
5701,0.7105,0.2344
5702,0.7249,0.2741
5703,0.5352,0.346
5704,0.4122,0.4572
5705,0.2565,0.6142
5706,0.0649,0.8187
5707,0.0,1.0
5708,0.0,1.0
5709,0.0,1.0
5710,0.0,1.0
5711,0.0,1.0
5712,0.0,1.0
5713,0.0,1.0
5714,0.0,1.0
5715,0.0,1.0
5716,0.0,1.0
5717,0.0,1.0
5718,0.0563,0.8187
5719,0.2703,0.6142
5720,0.4305,0.4572
5721,0.5586,0.346
5722,0.6644,0.2741
5723,0.7207,0.2344
5724,0.697,0.2218
5725,0.6387,0.2344
5726,0.6316,0.2741
5727,0.5343,0.346
5728,0.4492,0.4572
5729,0.2591,0.6142
5730,0.0587,0.8187
5731,0.0,1.0
5732,0.0,1.0
5733,0.0,1.0
5734,0.0,1.0
5735,0.0,1.0
5736,0.0,1.0
5737,0.0,1.0
5738,0.0,1.0
5739,0.0,1.0
5740,0.0,1.0
5741,0.0,1.0
5742,0.0545,0.8187
5743,0.2695,0.6142
5744,0.42,0.4572
5745,0.5763,0.346
5746,0.6445,0.2741
5747,0.6888,0.2344
5748,0.7212,0.2218
5749,0.7148,0.2344
5750,0.6765,0.2741
5751,0.5958,0.346
5752,0.3956,0.4572
5753,0.261,0.6142
5754,0.0612,0.8187
5755,0.0,1.0
5756,0.0,1.0
5757,0.0,1.0
5758,0.0,1.0
5759,0.0,1.0
5760,0.0,1.0
5761,0.0,1.0
5762,0.0,1.0
5763,0.0,1.0
5764,0.0,1.0
5765,0.0,1.0
5766,0.0544,0.8187
5767,0.2678,0.6142
5768,0.4434,0.4572
5769,0.6022,0.346
5770,0.6607,0.2741
5771,0.6431,0.2344
5772,0.6461,0.2218
5773,0.7036,0.2344
5774,0.7233,0.2741
5775,0.587,0.346
5776,0.4562,0.4572
5777,0.25,0.6142
5778,0.0576,0.8187
5779,0.0,1.0
5780,0.0,1.0
5781,0.0,1.0
5782,0.0,1.0
5783,0.0,1.0
5784,0.0,1.0
5785,0.0,1.0
5786,0.0,1.0
5787,0.0,1.0
5788,0.0,1.0
5789,0.0,1.0
5790,0.0545,0.8187
5791,0.2567,0.6142
5792,0.3987,0.4572
5793,0.587,0.346
5794,0.7184,0.2741
5795,0.6372,0.2344
5796,0.6763,0.2218
5797,0.6952,0.2344
5798,0.6715,0.2741
5799,0.5457,0.346
5800,0.4408,0.4572
5801,0.2657,0.6142
5802,0.0507,0.8187
5803,0.0,1.0
5804,0.0,1.0
5805,0.0,1.0
5806,0.0,1.0
5807,0.0,1.0
5808,0.0,1.0
5809,0.0,1.0
5810,0.0,1.0
5811,0.0,1.0
5812,0.0,1.0
5813,0.0,1.0
5814,0.0552,0.8187
5815,0.2562,0.6142
5816,0.438,0.4572
5817,0.5687,0.346
5818,0.6245,0.2741
5819,0.7131,0.2344
5820,0.6908,0.2218
5821,0.6815,0.2344
5822,0.66,0.2741
5823,0.5896,0.346
5824,0.4081,0.4572
5825,0.2615,0.6142
5826,0.0521,0.8187
5827,0.0,1.0
5828,0.0,1.0
5829,0.0,1.0
5830,0.0,1.0
5831,0.0,1.0
5832,0.0,1.0
5833,0.0,1.0
5834,0.0,1.0
5835,0.0,1.0
5836,0.0,1.0
5837,0.0,1.0
5838,0.0456,0.8187
5839,0.2348,0.6142
5840,0.408,0.4572
5841,0.6056,0.346
5842,0.6585,0.2741
5843,0.6589,0.2344
5844,0.6694,0.2218
5845,0.6873,0.2344
5846,0.6521,0.2741
5847,0.6031,0.346
5848,0.3912,0.4572
5849,0.257,0.6142
5850,0.0455,0.8187
5851,0.0,1.0
5852,0.0,1.0
5853,0.0,1.0
5854,0.0,1.0
5855,0.0,1.0
5856,0.0,1.0
5857,0.0,1.0
5858,0.0,1.0
5859,0.0,1.0
5860,0.0,1.0
5861,0.0,1.0
5862,0.0453,0.8187
5863,0.2343,0.6142
5864,0.4127,0.4572
5865,0.5411,0.346
5866,0.6265,0.2741
5867,0.696,0.2344
5868,0.666,0.2218
5869,0.6468,0.2344
5870,0.6213,0.2741
5871,0.5586,0.346
5872,0.4036,0.4572
5873,0.2604,0.6142
5874,0.048,0.8187
5875,0.0,1.0
5876,0.0,1.0
5877,0.0,1.0
5878,0.0,1.0
5879,0.0,1.0
5880,0.0,1.0
5881,0.0,1.0
5882,0.0,1.0
5883,0.0,1.0
5884,0.0,1.0
5885,0.0,1.0
5886,0.0475,0.8187
5887,0.2379,0.6142
5888,0.431,0.4572
5889,0.5438,0.346
5890,0.7186,0.2741
5891,0.7091,0.2344
5892,0.6259,0.2218
5893,0.703,0.2344
5894,0.6648,0.2741
5895,0.5504,0.346
5896,0.3986,0.4572
5897,0.2299,0.6142
5898,0.0428,0.8187
5899,0.0,1.0
5900,0.0,1.0
5901,0.0,1.0
5902,0.0,1.0
5903,0.0,1.0
5904,0.0,1.0
5905,0.0,1.0
5906,0.0,1.0
5907,0.0,1.0
5908,0.0,1.0
5909,0.0,1.0
5910,0.0392,0.8187
5911,0.2358,0.6142
5912,0.4472,0.4572
5913,0.5721,0.346
5914,0.6902,0.2741
5915,0.6283,0.2344
5916,0.6866,0.2218
5917,0.6781,0.2344
5918,0.7057,0.2741
5919,0.6175,0.346
5920,0.4135,0.4572
5921,0.2349,0.6142
5922,0.0394,0.8187
5923,0.0,1.0
5924,0.0,1.0
5925,0.0,1.0
5926,0.0,1.0
5927,0.0,1.0
5928,0.0,1.0
5929,0.0,1.0
5930,0.0,1.0
5931,0.0,1.0
5932,0.0,1.0
5933,0.0,1.0
5934,0.0427,0.8187
5935,0.2527,0.6142
5936,0.4216,0.4572
5937,0.5403,0.346
5938,0.6902,0.2741
5939,0.6519,0.2344
5940,0.6661,0.2218
5941,0.6438,0.2344
5942,0.633,0.2741
5943,0.5988,0.346
5944,0.4111,0.4572
5945,0.2551,0.6142
5946,0.0399,0.8187
5947,0.0,1.0
5948,0.0,1.0
5949,0.0,1.0
5950,0.0,1.0
5951,0.0,1.0
5952,0.0,1.0
5953,0.0,1.0
5954,0.0,1.0
5955,0.0,1.0
5956,0.0,1.0
5957,0.0,1.0
5958,0.0405,0.8187
5959,0.2355,0.6142
5960,0.4289,0.4572
5961,0.5892,0.346
5962,0.6743,0.2741
5963,0.6371,0.2344
5964,0.7045,0.2218
5965,0.6498,0.2344
5966,0.719,0.2741
5967,0.6097,0.346
5968,0.384,0.4572
5969,0.2521,0.6142
5970,0.0351,0.8187
5971,0.0,1.0
5972,0.0,1.0
5973,0.0,1.0
5974,0.0,1.0
5975,0.0,1.0
5976,0.0,1.0
5977,0.0,1.0
5978,0.0,1.0
5979,0.0,1.0
5980,0.0,1.0
5981,0.0,1.0
5982,0.0348,0.8187
5983,0.2249,0.6142
5984,0.4281,0.4572
5985,0.5631,0.346
5986,0.6807,0.2741
5987,0.6285,0.2344
5988,0.6367,0.2218
5989,0.6861,0.2344
5990,0.6749,0.2741
5991,0.5774,0.346
5992,0.4073,0.4572
5993,0.2494,0.6142
5994,0.035,0.8187
5995,0.0,1.0
5996,0.0,1.0
5997,0.0,1.0
5998,0.0,1.0
5999,0.0,1.0
6000,0.0,1.0
6001,0.0,1.0
6002,0.0,1.0
6003,0.0,1.0
6004,0.0,1.0
6005,0.0,1.0
6006,0.0306,0.8187
6007,0.2351,0.6142
6008,0.4255,0.4572
6009,0.5368,0.346
6010,0.6996,0.2741
6011,0.6649,0.2344
6012,0.6609,0.2218
6013,0.6693,0.2344
6014,0.6707,0.2741
6015,0.6163,0.346
6016,0.4346,0.4572
6017,0.2141,0.6142
6018,0.032,0.8187
6019,0.0,1.0
6020,0.0,1.0
6021,0.0,1.0
6022,0.0,1.0
6023,0.0,1.0
6024,0.0,1.0
6025,0.0,1.0
6026,0.0,1.0
6027,0.0,1.0
6028,0.0,1.0
6029,0.0,1.0
6030,0.0309,0.8187
6031,0.2389,0.6142
6032,0.4142,0.4572
6033,0.5858,0.346
6034,0.6182,0.2741
6035,0.7099,0.2344
6036,0.6686,0.2218
6037,0.6934,0.2344
6038,0.6801,0.2741
6039,0.5826,0.346
6040,0.3892,0.4572
6041,0.2276,0.6142
6042,0.0288,0.8187
6043,0.0,1.0
6044,0.0,1.0
6045,0.0,1.0
6046,0.0,1.0
6047,0.0,1.0
6048,0.0,1.0
6049,0.0,1.0
6050,0.0,1.0
6051,0.0,1.0
6052,0.0,1.0
6053,0.0,1.0
6054,0.0266,0.8187
6055,0.226,0.6142
6056,0.3831,0.4572
6057,0.5726,0.346
6058,0.6991,0.2741
6059,0.6654,0.2344
6060,0.6952,0.2218
6061,0.6188,0.2344
6062,0.6652,0.2741
6063,0.5256,0.346
6064,0.4161,0.4572
6065,0.242,0.6142
6066,0.026,0.8187
6067,0.0,1.0
6068,0.0,1.0
6069,0.0,1.0
6070,0.0,1.0
6071,0.0,1.0
6072,0.0,1.0
6073,0.0,1.0
6074,0.0,1.0
6075,0.0,1.0
6076,0.0,1.0
6077,0.0,1.0
6078,0.0255,0.8187
6079,0.2369,0.6142
6080,0.3922,0.4572
6081,0.563,0.346
6082,0.6442,0.2741
6083,0.6957,0.2344
6084,0.6848,0.2218
6085,0.6466,0.2344
6086,0.6579,0.2741
6087,0.547,0.346
6088,0.3938,0.4572
6089,0.2377,0.6142
6090,0.0237,0.8187
6091,0.0,1.0
6092,0.0,1.0
6093,0.0,1.0
6094,0.0,1.0
6095,0.0,1.0
6096,0.0,1.0
6097,0.0,1.0
6098,0.0,1.0
6099,0.0,1.0
6100,0.0,1.0
6101,0.0,1.0
6102,0.0215,0.8187
6103,0.2241,0.6142
6104,0.3908,0.4572
6105,0.5716,0.346
6106,0.6696,0.2741
6107,0.6812,0.2344
6108,0.636,0.2218
6109,0.6675,0.2344
6110,0.7117,0.2741
6111,0.5864,0.346
6112,0.4305,0.4572
6113,0.2307,0.6142
6114,0.0244,0.8187
6115,0.0,1.0
6116,0.0,1.0
6117,0.0,1.0
6118,0.0,1.0
6119,0.0,1.0
6120,0.0,1.0
6121,0.0,1.0
6122,0.0,1.0
6123,0.0,1.0
6124,0.0,1.0
6125,0.0,1.0
6126,0.0203,0.8187
6127,0.2272,0.6142
6128,0.4127,0.4572
6129,0.5396,0.346
6130,0.7247,0.2741
6131,0.6839,0.2344
6132,0.6228,0.2218
6133,0.6938,0.2344
6134,0.7124,0.2741
6135,0.6105,0.346
6136,0.3824,0.4572
6137,0.2205,0.6142
6138,0.0212,0.8187
6139,0.0,1.0
6140,0.0,1.0
6141,0.0,1.0
6142,0.0,1.0
6143,0.0,1.0
6144,0.0,1.0
6145,0.0,1.0
6146,0.0,1.0
6147,0.0,1.0
6148,0.0,1.0
6149,0.0,1.0
6150,0.0183,0.8187
6151,0.2259,0.6142
6152,0.4318,0.4572
6153,0.603,0.346
6154,0.6583,0.2741
6155,0.6505,0.2344
6156,0.6221,0.2218
6157,0.7061,0.2344
6158,0.6786,0.2741
6159,0.524,0.346
6160,0.422,0.4572
6161,0.233,0.6142
6162,0.0169,0.8187
6163,0.0,1.0
6164,0.0,1.0
6165,0.0,1.0
6166,0.0,1.0
6167,0.0,1.0
6168,0.0,1.0
6169,0.0,1.0
6170,0.0,1.0
6171,0.0,1.0
6172,0.0,1.0
6173,0.0,1.0
6174,0.0159,0.8187
6175,0.201,0.6142
6176,0.4266,0.4572
6177,0.5769,0.346
6178,0.6677,0.2741
6179,0.6903,0.2344
6180,0.6794,0.2218
6181,0.6675,0.2344
6182,0.6802,0.2741
6183,0.5676,0.346
6184,0.4314,0.4572
6185,0.2147,0.6142
6186,0.0157,0.8187
6187,0.0,1.0
6188,0.0,1.0
6189,0.0,1.0
6190,0.0,1.0
6191,0.0,1.0
6192,0.0,1.0
6193,0.0,1.0
6194,0.0,1.0
6195,0.0,1.0
6196,0.0,1.0
6197,0.0,1.0
6198,0.0119,0.8187
6199,0.1987,0.6142
6200,0.3729,0.4572
6201,0.6064,0.346
6202,0.6249,0.2741
6203,0.6587,0.2344
6204,0.723,0.2218
6205,0.6949,0.2344
6206,0.667,0.2741
6207,0.5325,0.346
6208,0.3934,0.4572
6209,0.1982,0.6142
6210,0.0124,0.8187
6211,0.0,1.0
6212,0.0,1.0
6213,0.0,1.0
6214,0.0,1.0
6215,0.0,1.0
6216,0.0,1.0
6217,0.0,1.0
6218,0.0,1.0
6219,0.0,1.0
6220,0.0,1.0
6221,0.0,1.0
6222,0.0103,0.8187
6223,0.1982,0.6142
6224,0.3774,0.4572
6225,0.5894,0.346
6226,0.6629,0.2741
6227,0.716,0.2344
6228,0.6908,0.2218
6229,0.6905,0.2344
6230,0.6389,0.2741
6231,0.5704,0.346
6232,0.3739,0.4572
6233,0.2047,0.6142
6234,0.0096,0.8187
6235,0.0,1.0
6236,0.0,1.0
6237,0.0,1.0
6238,0.0,1.0
6239,0.0,1.0
6240,0.0,1.0
6241,0.0,1.0
6242,0.0,1.0
6243,0.0,1.0
6244,0.0,1.0
6245,0.0,1.0
6246,0.0068,0.8187
6247,0.2043,0.6142
6248,0.3733,0.4572
6249,0.5367,0.346
6250,0.6714,0.2741
6251,0.6236,0.2344
6252,0.6797,0.2218
6253,0.7134,0.2344
6254,0.7171,0.2741
6255,0.5771,0.346
6256,0.3955,0.4572
6257,0.2162,0.6142
6258,0.0075,0.8187
6259,0.0,1.0
6260,0.0,1.0
6261,0.0,1.0
6262,0.0,1.0
6263,0.0,1.0
6264,0.0,1.0
6265,0.0,1.0
6266,0.0,1.0
6267,0.0,1.0
6268,0.0,1.0
6269,0.0,1.0
6270,0.0046,0.8187
6271,0.2179,0.6142
6272,0.3774,0.4572
6273,0.572,0.346
6274,0.6928,0.2741
6275,0.7224,0.2344
6276,0.6665,0.2218
6277,0.6953,0.2344
6278,0.6256,0.2741
6279,0.5906,0.346
6280,0.3787,0.4572
6281,0.218,0.6142
6282,0.0043,0.8187
6283,0.0,1.0
6284,0.0,1.0
6285,0.0,1.0
6286,0.0,1.0
6287,0.0,1.0
6288,0.0,1.0
6289,0.0,1.0
6290,0.0,1.0
6291,0.0,1.0
6292,0.0,1.0
6293,0.0,1.0
6294,0.0016,0.8187
6295,0.2101,0.6142
6296,0.3792,0.4572
6297,0.5382,0.346
6298,0.6754,0.2741
6299,0.6202,0.2344
6300,0.6547,0.2218
6301,0.6254,0.2344
6302,0.7205,0.2741
6303,0.576,0.346
6304,0.3845,0.4572
6305,0.2195,0.6142
6306,0.0016,0.8187
6307,0.0,1.0
6308,0.0,1.0
6309,0.0,1.0
6310,0.0,1.0
6311,0.0,1.0
6312,0.0,1.0
6313,0.0,1.0
6314,0.0,1.0
6315,0.0,1.0
6316,0.0,1.0
6317,0.0,1.0
6318,0.0,0.8187
6319,0.1963,0.6142
6320,0.4043,0.4572
6321,0.5874,0.346
6322,0.6611,0.2741
6323,0.6657,0.2344
6324,0.6489,0.2218
6325,0.6825,0.2344
6326,0.6694,0.2741
6327,0.5825,0.346
6328,0.4232,0.4572
6329,0.1981,0.6142
6330,0.0,0.8187
6331,0.0,1.0
6332,0.0,1.0
6333,0.0,1.0
6334,0.0,1.0
6335,0.0,1.0
6336,0.0,1.0
6337,0.0,1.0
6338,0.0,1.0
6339,0.0,1.0
6340,0.0,1.0
6341,0.0,1.0
6342,0.0,0.8187
6343,0.2119,0.6142
6344,0.3653,0.4572
6345,0.5983,0.346
6346,0.6729,0.2741
6347,0.7102,0.2344
6348,0.7039,0.2218
6349,0.618,0.2344
6350,0.697,0.2741
6351,0.5417,0.346
6352,0.3708,0.4572
6353,0.2076,0.6142
6354,0.0,0.8187
6355,0.0,1.0
6356,0.0,1.0
6357,0.0,1.0
6358,0.0,1.0
6359,0.0,1.0
6360,0.0,1.0
6361,0.0,1.0
6362,0.0,1.0
6363,0.0,1.0
6364,0.0,1.0
6365,0.0,1.0
6366,0.0,0.8187
6367,0.21,0.6142
6368,0.407,0.4572
6369,0.5468,0.346
6370,0.7093,0.2741
6371,0.6858,0.2344
6372,0.6191,0.2218
6373,0.6677,0.2344
6374,0.7065,0.2741
6375,0.5979,0.346
6376,0.3845,0.4572
6377,0.1836,0.6142
6378,0.0,0.8187
6379,0.0,1.0
6380,0.0,1.0
6381,0.0,1.0
6382,0.0,1.0
6383,0.0,1.0
6384,0.0,1.0
6385,0.0,1.0
6386,0.0,1.0
6387,0.0,1.0
6388,0.0,1.0
6389,0.0,1.0
6390,0.0,0.8187
6391,0.2092,0.6142
6392,0.4194,0.4572
6393,0.5972,0.346
6394,0.6783,0.2741
6395,0.6713,0.2344
6396,0.6857,0.2218
6397,0.6945,0.2344
6398,0.6271,0.2741
6399,0.5929,0.346
6400,0.3695,0.4572
6401,0.2101,0.6142
6402,0.0,0.8187
6403,0.0,1.0
6404,0.0,1.0
6405,0.0,1.0
6406,0.0,1.0
6407,0.0,1.0
6408,0.0,1.0
6409,0.0,1.0
6410,0.0,1.0
6411,0.0,1.0
6412,0.0,1.0
6413,0.0,1.0
6414,0.0,0.8187
6415,0.1859,0.6142
6416,0.3872,0.4572
6417,0.5719,0.346
6418,0.6245,0.2741
6419,0.6718,0.2344
6420,0.6561,0.2218
6421,0.6338,0.2344
6422,0.6971,0.2741
6423,0.5731,0.346
6424,0.3876,0.4572
6425,0.1928,0.6142
6426,0.0,0.8187
6427,0.0,1.0
6428,0.0,1.0
6429,0.0,1.0
6430,0.0,1.0
6431,0.0,1.0
6432,0.0,1.0
6433,0.0,1.0
6434,0.0,1.0
6435,0.0,1.0
6436,0.0,1.0
6437,0.0,1.0
6438,0.0,0.8187
6439,0.1988,0.6142
6440,0.3671,0.4572
6441,0.5104,0.346
6442,0.6937,0.2741
6443,0.7031,0.2344
6444,0.6547,0.2218
6445,0.7233,0.2344
6446,0.6516,0.2741
6447,0.5964,0.346
6448,0.4171,0.4572
6449,0.1893,0.6142
6450,0.0,0.8187
6451,0.0,1.0
6452,0.0,1.0
6453,0.0,1.0
6454,0.0,1.0
6455,0.0,1.0
6456,0.0,1.0
6457,0.0,1.0
6458,0.0,1.0
6459,0.0,1.0
6460,0.0,1.0
6461,0.0,1.0
6462,0.0,0.8187
6463,0.1873,0.6142
6464,0.4041,0.4572
6465,0.5695,0.346
6466,0.6427,0.2741
6467,0.7065,0.2344
6468,0.6745,0.2218
6469,0.7249,0.2344
6470,0.6898,0.2741
6471,0.5544,0.346
6472,0.3855,0.4572
6473,0.1893,0.6142
6474,0.0,0.8187
6475,0.0,1.0
6476,0.0,1.0
6477,0.0,1.0
6478,0.0,1.0
6479,0.0,1.0
6480,0.0,1.0
6481,0.0,1.0
6482,0.0,1.0
6483,0.0,1.0
6484,0.0,1.0
6485,0.0,1.0
6486,0.0,0.8187
6487,0.199,0.6142
6488,0.4025,0.4572
6489,0.5377,0.346
6490,0.6556,0.2741
6491,0.6877,0.2344
6492,0.7236,0.2218
6493,0.626,0.2344
6494,0.7072,0.2741
6495,0.5918,0.346
6496,0.3794,0.4572
6497,0.2036,0.6142
6498,0.0,0.8187
6499,0.0,1.0
6500,0.0,1.0
6501,0.0,1.0
6502,0.0,1.0
6503,0.0,1.0
6504,0.0,0.1904
6505,0.0,0.1854
6506,0.0,0.1711
6507,0.0,0.15
6508,0.0,0.1252
6509,0.0,0.0999
6510,0.0,0.0769
6511,0.1749,0.0577
6512,0.352,0.0429
6513,0.5195,0.0325
6514,0.716,0.0257
6515,0.6306,0.022
6516,0.7158,0.0208
6517,0.6289,0.022
6518,0.6778,0.0257
6519,0.5867,0.0325
6520,0.3609,0.0429
6521,0.192,0.0577
6522,0.0,0.0769
6523,0.0,0.0999
6524,0.0,0.1252
6525,0.0,0.15
6526,0.0,0.1711
6527,0.0,0.1854
6528,0.0,0.1904
6529,0.0,0.1854
6530,0.0,0.1711
6531,0.0,0.15
6532,0.0,0.1252
6533,0.0,0.0999
6534,0.0,0.0769
6535,0.1745,0.0577
6536,0.37,0.0429
6537,0.5122,0.0325
6538,0.6663,0.0257
6539,0.6796,0.022
6540,0.6813,0.0208
6541,0.7005,0.022
6542,0.6403,0.0257
6543,0.5323,0.0325
6544,0.3798,0.0429
6545,0.1926,0.0577
6546,0.0,0.0769
6547,0.0,0.0999
6548,0.0,0.1252
6549,0.0,0.15
6550,0.0,0.1711
6551,0.0,0.1854
6552,0.0,0.1904
6553,0.0,0.1854
6554,0.0,0.1711
6555,0.0,0.15
6556,0.0,0.1252
6557,0.0,0.0999
6558,0.0,0.0769
6559,0.1733,0.0577
6560,0.3728,0.0429
6561,0.5118,0.0325
6562,0.6929,0.0257
6563,0.7049,0.022
6564,0.6272,0.0208
6565,0.6308,0.022
6566,0.6728,0.0257
6567,0.5705,0.0325
6568,0.378,0.0429
6569,0.1734,0.0577
6570,0.0,0.0769
6571,0.0,0.0999
6572,0.0,0.1252
6573,0.0,0.15
6574,0.0,0.1711
6575,0.0,0.1854
6576,0.0,0.1904
6577,0.0,0.1854
6578,0.0,0.1711
6579,0.0,0.15
6580,0.0,0.1252
6581,0.0,0.0999
6582,0.0,0.0769
6583,0.1769,0.0577
6584,0.3695,0.0429
6585,0.5289,0.0325
6586,0.6901,0.0257
6587,0.6394,0.022
6588,0.7167,0.0208
6589,0.6676,0.022
6590,0.6541,0.0257
6591,0.5377,0.0325
6592,0.377,0.0429
6593,0.1935,0.0577
6594,0.0,0.0769
6595,0.0,0.0999
6596,0.0,0.1252
6597,0.0,0.15
6598,0.0,0.1711
6599,0.0,0.1854
6600,0.0,0.1904
6601,0.0,0.1854
6602,0.0,0.1711
6603,0.0,0.15
6604,0.0,0.1252
6605,0.0,0.0999
6606,0.0,0.0769
6607,0.1683,0.0577
6608,0.3507,0.0429
6609,0.5414,0.0325
6610,0.6346,0.0257
6611,0.6539,0.022
6612,0.7104,0.0208
6613,0.6418,0.022
6614,0.6314,0.0257
6615,0.5508,0.0325
6616,0.3707,0.0429
6617,0.1859,0.0577
6618,0.0,0.0769
6619,0.0,0.0999
6620,0.0,0.1252
6621,0.0,0.15
6622,0.0,0.1711
6623,0.0,0.1854
6624,0.0,0.1904
6625,0.0,0.1854
6626,0.0,0.1711
6627,0.0,0.15
6628,0.0,0.1252
6629,0.0,0.0999
6630,0.0,0.0769
6631,0.1756,0.0577
6632,0.4007,0.0429
6633,0.5695,0.0325
6634,0.7062,0.0257
6635,0.6909,0.022
6636,0.6565,0.0208
6637,0.6705,0.022
6638,0.7077,0.0257
6639,0.5358,0.0325
6640,0.3881,0.0429
6641,0.1844,0.0577
6642,0.0,0.0769
6643,0.0,0.0999
6644,0.0,0.1252
6645,0.0,0.15
6646,0.0,0.1711
6647,0.0,0.1854
6648,0.0,0.1904
6649,0.0,0.1854
6650,0.0,0.1711
6651,0.0,0.15
6652,0.0,0.1252
6653,0.0,0.0999
6654,0.0,0.0769
6655,0.1633,0.0577
6656,0.3519,0.0429
6657,0.5301,0.0325
6658,0.7111,0.0257
6659,0.6273,0.022
6660,0.6635,0.0208
6661,0.6541,0.022
6662,0.7141,0.0257
6663,0.5272,0.0325
6664,0.3626,0.0429
6665,0.171,0.0577
6666,0.0,0.0769
6667,0.0,0.0999
6668,0.0,0.1252
6669,0.0,0.15
6670,0.0,0.1711
6671,0.0,0.1854
6672,0.0,0.1904
6673,0.0,0.1854
6674,0.0,0.1711
6675,0.0,0.15
6676,0.0,0.1252
6677,0.0,0.0999
6678,0.0,0.0769
6679,0.176,0.0577
6680,0.3617,0.0429
6681,0.5492,0.0325
6682,0.6374,0.0257
6683,0.677,0.022
6684,0.7202,0.0208
6685,0.6802,0.022
6686,0.6327,0.0257
6687,0.5189,0.0325
6688,0.3606,0.0429
6689,0.1704,0.0577
6690,0.0,0.0769
6691,0.0,0.0999
6692,0.0,0.1252
6693,0.0,0.15
6694,0.0,0.1711
6695,0.0,0.1854
6696,0.0,0.1904
6697,0.0,0.1854
6698,0.0,0.1711
6699,0.0,0.15
6700,0.0,0.1252
6701,0.0,0.0999
6702,0.0,0.0769
6703,0.1773,0.0577
6704,0.3695,0.0429
6705,0.5285,0.0325
6706,0.6703,0.0257
6707,0.6715,0.022
6708,0.6757,0.0208
6709,0.6859,0.022
6710,0.6529,0.0257
6711,0.5678,0.0325
6712,0.382,0.0429
6713,0.1566,0.0577
6714,0.0,0.0769
6715,0.0,0.0999
6716,0.0,0.1252
6717,0.0,0.15
6718,0.0,0.1711
6719,0.0,0.1854
6720,0.0,0.1904
6721,0.0,0.1854
6722,0.0,0.1711
6723,0.0,0.15
6724,0.0,0.1252
6725,0.0,0.0999
6726,0.0,0.0769
6727,0.1643,0.0577
6728,0.3865,0.0429
6729,0.5651,0.0325
6730,0.665,0.0257
6731,0.6274,0.022
6732,0.7049,0.0208
6733,0.6214,0.022
6734,0.6976,0.0257
6735,0.5792,0.0325
6736,0.3466,0.0429
6737,0.167,0.0577
6738,0.0,0.0769
6739,0.0,0.0999
6740,0.0,0.1252
6741,0.0,0.15
6742,0.0,0.1711
6743,0.0,0.1854
6744,0.0,0.1904
6745,0.0,0.1854
6746,0.0,0.1711
6747,0.0,0.15
6748,0.0,0.1252
6749,0.0,0.0999
6750,0.0,0.0769
6751,0.1699,0.0577
6752,0.3662,0.0429
6753,0.5206,0.0325
6754,0.6367,0.0257
6755,0.6825,0.022
6756,0.6193,0.0208
6757,0.6175,0.022
6758,0.6674,0.0257
6759,0.5337,0.0325
6760,0.3377,0.0429
6761,0.1544,0.0577
6762,0.0,0.0769
6763,0.0,0.0999
6764,0.0,0.1252
6765,0.0,0.15
6766,0.0,0.1711
6767,0.0,0.1854
6768,0.0,0.1904
6769,0.0,0.1854
6770,0.0,0.1711
6771,0.0,0.15
6772,0.0,0.1252
6773,0.0,0.0999
6774,0.0,0.0769
6775,0.1687,0.0577
6776,0.3775,0.0429
6777,0.5467,0.0325
6778,0.6628,0.0257
6779,0.6946,0.022
6780,0.6222,0.0208
6781,0.7035,0.022
6782,0.6444,0.0257
6783,0.5734,0.0325
6784,0.3854,0.0429
6785,0.1534,0.0577
6786,0.0,0.0769
6787,0.0,0.0999
6788,0.0,0.1252
6789,0.0,0.15
6790,0.0,0.1711
6791,0.0,0.1854
6792,0.0,0.1904
6793,0.0,0.1854
6794,0.0,0.1711
6795,0.0,0.15
6796,0.0,0.1252
6797,0.0,0.0999
6798,0.0,0.0769
6799,0.1681,0.0577
6800,0.3357,0.0429
6801,0.5133,0.0325
6802,0.6305,0.0257
6803,0.6813,0.022
6804,0.6276,0.0208
6805,0.6299,0.022
6806,0.6627,0.0257
6807,0.5578,0.0325
6808,0.338,0.0429
6809,0.1473,0.0577
6810,0.0,0.0769
6811,0.0,0.0999
6812,0.0,0.1252
6813,0.0,0.15
6814,0.0,0.1711
6815,0.0,0.1854
6816,0.0,0.1904
6817,0.0,0.1854
6818,0.0,0.1711
6819,0.0,0.15
6820,0.0,0.1252
6821,0.0,0.0999
6822,0.0,0.0769
6823,0.1519,0.0577
6824,0.3655,0.0429
6825,0.5724,0.0325
6826,0.7049,0.0257
6827,0.7054,0.022
6828,0.7132,0.0208
6829,0.6318,0.022
6830,0.6895,0.0257
6831,0.5761,0.0325
6832,0.3868,0.0429
6833,0.145,0.0577
6834,0.0,0.0769
6835,0.0,0.0999
6836,0.0,0.1252
6837,0.0,0.15
6838,0.0,0.1711
6839,0.0,0.1854
6840,0.0,0.1904
6841,0.0,0.1854
6842,0.0,0.1711
6843,0.0,0.15
6844,0.0,0.1252
6845,0.0,0.0999
6846,0.0,0.0769
6847,0.1676,0.0577
6848,0.3547,0.0429
6849,0.5443,0.0325
6850,0.6997,0.0257
6851,0.6433,0.022
6852,0.6936,0.0208
6853,0.7249,0.022
6854,0.6987,0.0257
6855,0.5005,0.0325
6856,0.3838,0.0429
6857,0.149,0.0577
6858,0.0,0.0769
6859,0.0,0.0999
6860,0.0,0.1252
6861,0.0,0.15
6862,0.0,0.1711
6863,0.0,0.1854
6864,0.0,0.1904
6865,0.0,0.1854
6866,0.0,0.1711
6867,0.0,0.15
6868,0.0,0.1252
6869,0.0,0.0999
6870,0.0,0.0769
6871,0.159,0.0577
6872,0.3486,0.0429
6873,0.5569,0.0325
6874,0.6432,0.0257
6875,0.6251,0.022
6876,0.6971,0.0208
6877,0.6226,0.022
6878,0.6288,0.0257
6879,0.5115,0.0325
6880,0.3769,0.0429
6881,0.1635,0.0577
6882,0.0,0.0769
6883,0.0,0.0999
6884,0.0,0.1252
6885,0.0,0.15
6886,0.0,0.1711
6887,0.0,0.1854
6888,0.0,0.1904
6889,0.0,0.1854
6890,0.0,0.1711
6891,0.0,0.15
6892,0.0,0.1252
6893,0.0,0.0999
6894,0.0,0.0769
6895,0.1574,0.0577
6896,0.3785,0.0429
6897,0.5006,0.0325
6898,0.6191,0.0257
6899,0.6856,0.022
6900,0.7068,0.0208
6901,0.7075,0.022
6902,0.6312,0.0257
6903,0.5114,0.0325
6904,0.3615,0.0429
6905,0.1517,0.0577
6906,0.0,0.0769
6907,0.0,0.0999
6908,0.0,0.1252
6909,0.0,0.15
6910,0.0,0.1711
6911,0.0,0.1854
6912,0.0,0.1904
6913,0.0,0.1854
6914,0.0,0.1711
6915,0.0,0.15
6916,0.0,0.1252
6917,0.0,0.0999
6918,0.0,0.0769
6919,0.1587,0.0577
6920,0.3632,0.0429
6921,0.4924,0.0325
6922,0.6738,0.0257
6923,0.7171,0.022
6924,0.7094,0.0208
6925,0.6814,0.022
6926,0.6448,0.0257
6927,0.5261,0.0325
6928,0.3724,0.0429
6929,0.1391,0.0577
6930,0.0,0.0769
6931,0.0,0.0999
6932,0.0,0.1252
6933,0.0,0.15
6934,0.0,0.1711
6935,0.0,0.1854
6936,0.0,0.1904
6937,0.0,0.1854
6938,0.0,0.1711
6939,0.0,0.15
6940,0.0,0.1252
6941,0.0,0.0999
6942,0.0,0.0769
6943,0.1453,0.0577
6944,0.3519,0.0429
6945,0.4976,0.0325
6946,0.684,0.0257
6947,0.7069,0.022
6948,0.7038,0.0208
6949,0.7185,0.022
6950,0.6215,0.0257
6951,0.5245,0.0325
6952,0.3585,0.0429
6953,0.1525,0.0577
6954,0.0,0.0769
6955,0.0,0.0999
6956,0.0,0.1252
6957,0.0,0.15
6958,0.0,0.1711
6959,0.0,0.1854
6960,0.0,0.1904
6961,0.0,0.1854
6962,0.0,0.1711
6963,0.0,0.15
6964,0.0,0.1252
6965,0.0,0.0999
6966,0.0,0.0769
6967,0.1506,0.0577
6968,0.3379,0.0429
6969,0.5016,0.0325
6970,0.6562,0.0257
6971,0.6526,0.022
6972,0.6456,0.0208
6973,0.7111,0.022
6974,0.6661,0.0257
6975,0.5365,0.0325
6976,0.3675,0.0429
6977,0.1519,0.0577
6978,0.0,0.0769
6979,0.0,0.0999
6980,0.0,0.1252
6981,0.0,0.15
6982,0.0,0.1711
6983,0.0,0.1854
6984,0.0,0.1904
6985,0.0,0.1854
6986,0.0,0.1711
6987,0.0,0.15
6988,0.0,0.1252
6989,0.0,0.0999
6990,0.0,0.0769
6991,0.1408,0.0577
6992,0.374,0.0429
6993,0.5349,0.0325
6994,0.6654,0.0257
6995,0.651,0.022
6996,0.7011,0.0208
6997,0.7221,0.022
6998,0.6545,0.0257
6999,0.5198,0.0325
7000,0.3629,0.0429
7001,0.1323,0.0577
7002,0.0,0.0769
7003,0.0,0.0999
7004,0.0,0.1252
7005,0.0,0.15
7006,0.0,0.1711
7007,0.0,0.1854
7008,0.0,0.1904
7009,0.0,0.1854
7010,0.0,0.1711
7011,0.0,0.15
7012,0.0,0.1252
7013,0.0,0.0999
7014,0.0,0.0769
7015,0.1491,0.0577
7016,0.3764,0.0429
7017,0.522,0.0325
7018,0.6769,0.0257
7019,0.663,0.022
7020,0.7232,0.0208
7021,0.6228,0.022
7022,0.6516,0.0257
7023,0.5646,0.0325
7024,0.3345,0.0429
7025,0.1422,0.0577
7026,0.0,0.0769
7027,0.0,0.0999
7028,0.0,0.1252
7029,0.0,0.15
7030,0.0,0.1711
7031,0.0,0.1854
7032,0.0,0.1904
7033,0.0,0.1854
7034,0.0,0.1711
7035,0.0,0.15
7036,0.0,0.1252
7037,0.0,0.0999
7038,0.0,0.0769
7039,0.1332,0.0577
7040,0.332,0.0429
7041,0.4919,0.0325
7042,0.6487,0.0257
7043,0.6927,0.022
7044,0.6947,0.0208
7045,0.6329,0.022
7046,0.6898,0.0257
7047,0.5033,0.0325
7048,0.3594,0.0429
7049,0.1411,0.0577
7050,0.0,0.0769
7051,0.0,0.0999
7052,0.0,0.1252
7053,0.0,0.15
7054,0.0,0.1711
7055,0.0,0.1854
7056,0.0,0.1904
7057,0.0,0.1854
7058,0.0,0.1711
7059,0.0,0.15
7060,0.0,0.1252
7061,0.0,0.0999
7062,0.0,0.0769
7063,0.1269,0.0577
7064,0.3509,0.0429
7065,0.5427,0.0325
7066,0.6956,0.0257
7067,0.6807,0.022
7068,0.7004,0.0208
7069,0.6315,0.022
7070,0.6632,0.0257
7071,0.5331,0.0325
7072,0.3274,0.0429
7073,0.141,0.0577
7074,0.0,0.0769
7075,0.0,0.0999
7076,0.0,0.1252
7077,0.0,0.15
7078,0.0,0.1711
7079,0.0,0.1854
7080,0.0,0.1904
7081,0.0,0.1854
7082,0.0,0.1711
7083,0.0,0.15
7084,0.0,0.1252
7085,0.0,0.0999
7086,0.0,0.0769
7087,0.1437,0.0577
7088,0.3527,0.0429
7089,0.5183,0.0325
7090,0.6596,0.0257
7091,0.6206,0.022
7092,0.6854,0.0208
7093,0.6336,0.022
7094,0.6588,0.0257
7095,0.5347,0.0325
7096,0.3369,0.0429
7097,0.1304,0.0577
7098,0.0,0.0769
7099,0.0,0.0999
7100,0.0,0.1252
7101,0.0,0.15
7102,0.0,0.1711
7103,0.0,0.1854
7104,0.0,0.1904
7105,0.0,0.1854
7106,0.0,0.1711
7107,0.0,0.15
7108,0.0,0.1252
7109,0.0,0.0999
7110,0.0,0.0769
7111,0.1393,0.0577
7112,0.3383,0.0429
7113,0.5072,0.0325
7114,0.6364,0.0257
7115,0.7054,0.022
7116,0.7227,0.0208
7117,0.7005,0.022
7118,0.6725,0.0257
7119,0.5387,0.0325
7120,0.3234,0.0429
7121,0.1413,0.0577
7122,0.0,0.0769
7123,0.0,0.0999
7124,0.0,0.1252
7125,0.0,0.15
7126,0.0,0.1711
7127,0.0,0.1854
7128,0.0,0.1904
7129,0.0,0.1854
7130,0.0,0.1711
7131,0.0,0.15
7132,0.0,0.1252
7133,0.0,0.0999
7134,0.0,0.0769
7135,0.121,0.0577
7136,0.3572,0.0429
7137,0.5173,0.0325
7138,0.6322,0.0257
7139,0.6229,0.022
7140,0.6551,0.0208
7141,0.7002,0.022
7142,0.6609,0.0257
7143,0.5322,0.0325
7144,0.3271,0.0429
7145,0.1361,0.0577
7146,0.0,0.0769
7147,0.0,0.0999
7148,0.0,0.1252
7149,0.0,0.15
7150,0.0,0.1711
7151,0.0,0.1854
7152,0.0,0.1904
7153,0.0,0.1854
7154,0.0,0.1711
7155,0.0,0.15
7156,0.0,0.1252
7157,0.0,0.0999
7158,0.0,0.0769
7159,0.1232,0.0577
7160,0.33,0.0429
7161,0.503,0.0325
7162,0.6449,0.0257
7163,0.6677,0.022
7164,0.6845,0.0208
7165,0.676,0.022
7166,0.6448,0.0257
7167,0.5465,0.0325
7168,0.3477,0.0429
7169,0.1217,0.0577
7170,0.0,0.0769
7171,0.0,0.0999
7172,0.0,0.1252
7173,0.0,0.15
7174,0.0,0.1711
7175,0.0,0.1854
7176,0.0,0.1904
7177,0.0,0.1854
7178,0.0,0.1711
7179,0.0,0.15
7180,0.0,0.1252
7181,0.0,0.0999
7182,0.0,0.0769
7183,0.1349,0.0577
7184,0.3207,0.0429
7185,0.5597,0.0325
7186,0.6902,0.0257
7187,0.6165,0.022
7188,0.6779,0.0208
7189,0.6954,0.022
7190,0.6506,0.0257
7191,0.5599,0.0325
7192,0.3621,0.0429
7193,0.1195,0.0577
7194,0.0,0.0769
7195,0.0,0.0999
7196,0.0,0.1252
7197,0.0,0.15
7198,0.0,0.1711
7199,0.0,0.1854
7200,0.0,0.1904
7201,0.0,0.1854
7202,0.0,0.1711
7203,0.0,0.15
7204,0.0,0.1252
7205,0.0,0.0999
7206,0.0,0.0769
7207,0.1181,0.0577
7208,0.346,0.0429
7209,0.5119,0.0325
7210,0.6572,0.0257
7211,0.6653,0.022
7212,0.7003,0.0208
7213,0.705,0.022
7214,0.6646,0.0257
7215,0.5521,0.0325
7216,0.3288,0.0429
7217,0.1313,0.0577
7218,0.0,0.0769
7219,0.0,0.0999
7220,0.0,0.1252
7221,0.0,0.15
7222,0.0,0.1711
7223,0.0,0.1854
7224,0.0,0.1904
7225,0.0,0.1854
7226,0.0,0.1711
7227,0.0,0.15
7228,0.0,0.1252
7229,0.0,0.0999
7230,0.0,0.0769
7231,0.1133,0.0577
7232,0.3221,0.0429
7233,0.5437,0.0325
7234,0.7188,0.0257
7235,0.6361,0.022
7236,0.7218,0.0208
7237,0.7103,0.022
7238,0.6329,0.0257
7239,0.5438,0.0325
7240,0.3079,0.0429
7241,0.1296,0.0577
7242,0.0,0.0769
7243,0.0,0.0999
7244,0.0,0.1252
7245,0.0,0.15
7246,0.0,0.1711
7247,0.0,0.1854
7248,0.0,0.1904
7249,0.0,0.1854
7250,0.0,0.1711
7251,0.0,0.15
7252,0.0,0.1252
7253,0.0,0.0999
7254,0.0,0.0769
7255,0.1094,0.0577
7256,0.3577,0.0429
7257,0.4922,0.0325
7258,0.7086,0.0257
7259,0.6729,0.022
7260,0.682,0.0208
7261,0.6944,0.022
7262,0.6335,0.0257
7263,0.4913,0.0325
7264,0.3582,0.0429
7265,0.1185,0.0577
7266,0.0,0.0769
7267,0.0,0.0999
7268,0.0,0.1252
7269,0.0,0.15
7270,0.0,0.1711
7271,0.0,0.1854
7272,0.0,0.1904
7273,0.0,0.1854
7274,0.0,0.1711
7275,0.0,0.15
7276,0.0,0.1252
7277,0.0,0.0999
7278,0.0,0.0769
7279,0.1185,0.0577
7280,0.3302,0.0429
7281,0.48,0.0325
7282,0.6338,0.0257
7283,0.6704,0.022
7284,0.7236,0.0208
7285,0.6708,0.022
7286,0.6686,0.0257
7287,0.5418,0.0325
7288,0.311,0.0429
7289,0.1259,0.0577
7290,0.0,0.0769
7291,0.0,0.0999
7292,0.0,0.1252
7293,0.0,0.15
7294,0.0,0.1711
7295,0.0,0.1854
7296,0.0,0.1904
7297,0.0,0.1854
7298,0.0,0.1711
7299,0.0,0.15
7300,0.0,0.1252
7301,0.0,0.0999
7302,0.0,0.0769
7303,0.1222,0.0577
7304,0.33,0.0429
7305,0.4781,0.0325
7306,0.6235,0.0257
7307,0.7123,0.022
7308,0.6844,0.0208
7309,0.6919,0.022
7310,0.6537,0.0257
7311,0.4891,0.0325
7312,0.3079,0.0429
7313,0.1068,0.0577
7314,0.0,0.0769
7315,0.0,0.0999
7316,0.0,0.1252
7317,0.0,0.15
7318,0.0,0.1711
7319,0.0,0.1854
7320,0.0,0.1904
7321,0.0,0.1854
7322,0.0,0.1711
7323,0.0,0.15
7324,0.0,0.1252
7325,0.0,0.0999
7326,0.0,0.0769
7327,0.1165,0.0577
7328,0.3035,0.0429
7329,0.5219,0.0325
7330,0.7028,0.0257
7331,0.6983,0.022
7332,0.6236,0.0208
7333,0.6228,0.022
7334,0.7091,0.0257
7335,0.5376,0.0325
7336,0.3066,0.0429
7337,0.1178,0.0577
7338,0.0,0.0769
7339,0.0,0.0999
7340,0.0,0.1252
7341,0.0,0.15
7342,0.0,0.1711
7343,0.0,0.1854
7344,0.0,0.1904
7345,0.0,0.1854
7346,0.0,0.1711
7347,0.0,0.15
7348,0.0,0.1252
7349,0.0,0.0999
7350,0.0,0.0769
7351,0.1164,0.0577
7352,0.3229,0.0429
7353,0.5015,0.0325
7354,0.6135,0.0257
7355,0.6597,0.022
7356,0.6792,0.0208
7357,0.7065,0.022
7358,0.6373,0.0257
7359,0.4996,0.0325
7360,0.3277,0.0429
7361,0.1186,0.0577
7362,0.0,0.0769
7363,0.0,0.0999
7364,0.0,0.1252
7365,0.0,0.15
7366,0.0,0.1711
7367,0.0,0.1854
7368,0.0,0.1904
7369,0.0,0.1854
7370,0.0,0.1711
7371,0.0,0.15
7372,0.0,0.1252
7373,0.0,0.0999
7374,0.0,0.0769
7375,0.1067,0.0577
7376,0.3346,0.0429
7377,0.4858,0.0325
7378,0.7184,0.0257
7379,0.6942,0.022
7380,0.6522,0.0208
7381,0.6849,0.022
7382,0.7124,0.0257
7383,0.5156,0.0325
7384,0.3058,0.0429
7385,0.1072,0.0577
7386,0.0,0.0769
7387,0.0,0.0999
7388,0.0,0.1252
7389,0.0,0.15
7390,0.0,0.1711
7391,0.0,0.1854
7392,0.0,0.1904
7393,0.0,0.1854
7394,0.0,0.1711
7395,0.0,0.15
7396,0.0,0.1252
7397,0.0,0.0999
7398,0.0,0.0769
7399,0.102,0.0577
7400,0.3216,0.0429
7401,0.5042,0.0325
7402,0.6542,0.0257
7403,0.647,0.022
7404,0.6274,0.0208
7405,0.6946,0.022
7406,0.6906,0.0257
7407,0.491,0.0325
7408,0.34,0.0429
7409,0.1064,0.0577
7410,0.0,0.0769
7411,0.0,0.0999
7412,0.0,0.1252
7413,0.0,0.15
7414,0.0,0.1711
7415,0.0,0.1854
7416,0.0,0.1904
7417,0.0,0.1854
7418,0.0,0.1711
7419,0.0,0.15
7420,0.0,0.1252
7421,0.0,0.0999
7422,0.0,0.0769
7423,0.1041,0.0577
7424,0.3297,0.0429
7425,0.5333,0.0325
7426,0.689,0.0257
7427,0.6995,0.022
7428,0.6646,0.0208
7429,0.6856,0.022
7430,0.7112,0.0257
7431,0.4998,0.0325
7432,0.3353,0.0429
7433,0.0967,0.0577
7434,0.0,0.0769
7435,0.0,0.0999
7436,0.0,0.1252
7437,0.0,0.15
7438,0.0,0.1711
7439,0.0,0.1854
7440,0.0,0.1904
7441,0.0,0.1854
7442,0.0,0.1711
7443,0.0,0.15
7444,0.0,0.1252
7445,0.0,0.0999
7446,0.0,0.0769
7447,0.0995,0.0577
7448,0.3262,0.0429
7449,0.5556,0.0325
7450,0.6155,0.0257
7451,0.6335,0.022
7452,0.6198,0.0208
7453,0.6963,0.022
7454,0.696,0.0257
7455,0.5242,0.0325
7456,0.3183,0.0429
7457,0.1072,0.0577
7458,0.0,0.0769
7459,0.0,0.0999
7460,0.0,0.1252
7461,0.0,0.15
7462,0.0,0.1711
7463,0.0,0.1854
7464,0.0,0.1904
7465,0.0,0.1854
7466,0.0,0.1711
7467,0.0,0.15
7468,0.0,0.1252
7469,0.0,0.0999
7470,0.0,0.0769
7471,0.1056,0.0577
7472,0.317,0.0429
7473,0.4793,0.0325
7474,0.6918,0.0257
7475,0.6744,0.022
7476,0.7221,0.0208
7477,0.6906,0.022
7478,0.662,0.0257
7479,0.4748,0.0325
7480,0.3235,0.0429
7481,0.103,0.0577
7482,0.0,0.0769
7483,0.0,0.0999
7484,0.0,0.1252
7485,0.0,0.15
7486,0.0,0.1711
7487,0.0,0.1854
7488,0.0,0.1904
7489,0.0,0.1854
7490,0.0,0.1711
7491,0.0,0.15
7492,0.0,0.1252
7493,0.0,0.0999
7494,0.0,0.0769
7495,0.1044,0.0577
7496,0.3245,0.0429
7497,0.5427,0.0325
7498,0.6149,0.0257
7499,0.6748,0.022
7500,0.642,0.0208
7501,0.6316,0.022
7502,0.6578,0.0257
7503,0.4724,0.0325
7504,0.3061,0.0429
7505,0.1019,0.0577
7506,0.0,0.0769
7507,0.0,0.0999
7508,0.0,0.1252
7509,0.0,0.15
7510,0.0,0.1711
7511,0.0,0.1854
7512,0.0,0.1904
7513,0.0,0.1854
7514,0.0,0.1711
7515,0.0,0.15
7516,0.0,0.1252
7517,0.0,0.0999
7518,0.0,0.0769
7519,0.1018,0.0577
7520,0.3023,0.0429
7521,0.4753,0.0325
7522,0.6302,0.0257
7523,0.6969,0.022
7524,0.6248,0.0208
7525,0.6603,0.022
7526,0.7142,0.0257
7527,0.4884,0.0325
7528,0.304,0.0429
7529,0.0991,0.0577
7530,0.0,0.0769
7531,0.0,0.0999
7532,0.0,0.1252
7533,0.0,0.15
7534,0.0,0.1711
7535,0.0,0.1854
7536,0.0,0.1904
7537,0.0,0.1854
7538,0.0,0.1711
7539,0.0,0.15
7540,0.0,0.1252
7541,0.0,0.0999
7542,0.0,0.0769
7543,0.0894,0.0577
7544,0.3311,0.0429
7545,0.5376,0.0325
7546,0.6541,0.0257
7547,0.6316,0.022
7548,0.7035,0.0208
7549,0.7171,0.022
7550,0.6836,0.0257
7551,0.533,0.0325
7552,0.3212,0.0429
7553,0.0991,0.0577
7554,0.0,0.0769
7555,0.0,0.0999
7556,0.0,0.1252
7557,0.0,0.15
7558,0.0,0.1711
7559,0.0,0.1854
7560,0.0,0.1904
7561,0.0,0.1854
7562,0.0,0.1711
7563,0.0,0.15
7564,0.0,0.1252
7565,0.0,0.0999
7566,0.0,0.0769
7567,0.0886,0.0577
7568,0.3025,0.0429
7569,0.5184,0.0325
7570,0.6188,0.0257
7571,0.7214,0.022
7572,0.6464,0.0208
7573,0.6485,0.022
7574,0.6698,0.0257
7575,0.5243,0.0325
7576,0.3377,0.0429
7577,0.0896,0.0577
7578,0.0,0.0769
7579,0.0,0.0999
7580,0.0,0.1252
7581,0.0,0.15
7582,0.0,0.1711
7583,0.0,0.1854
7584,0.0,0.1904
7585,0.0,0.1854
7586,0.0,0.1711
7587,0.0,0.15
7588,0.0,0.1252
7589,0.0,0.0999
7590,0.0,0.0769
7591,0.0908,0.0577
7592,0.316,0.0429
7593,0.4961,0.0325
7594,0.6083,0.0257
7595,0.725,0.022
7596,0.6455,0.0208
7597,0.6848,0.022
7598,0.7134,0.0257
7599,0.519,0.0325
7600,0.3124,0.0429
7601,0.0914,0.0577
7602,0.0,0.0769
7603,0.0,0.0999
7604,0.0,0.1252
7605,0.0,0.15
7606,0.0,0.1711
7607,0.0,0.1854
7608,0.0,0.1904
7609,0.0,0.1854
7610,0.0,0.1711
7611,0.0,0.15
7612,0.0,0.1252
7613,0.0,0.0999
7614,0.0,0.0769
7615,0.0898,0.0577
7616,0.334,0.0429
7617,0.4679,0.0325
7618,0.6197,0.0257
7619,0.7219,0.022
7620,0.6376,0.0208
7621,0.6935,0.022
7622,0.6368,0.0257
7623,0.5095,0.0325
7624,0.3036,0.0429
7625,0.0846,0.0577
7626,0.0,0.0769
7627,0.0,0.0999
7628,0.0,0.1252
7629,0.0,0.15
7630,0.0,0.1711
7631,0.0,0.1854
7632,0.0,0.1904
7633,0.0,0.1854
7634,0.0,0.1711
7635,0.0,0.15
7636,0.0,0.1252
7637,0.0,0.0999
7638,0.0,0.0769
7639,0.0876,0.0577
7640,0.2976,0.0429
7641,0.5286,0.0325
7642,0.6896,0.0257
7643,0.7187,0.022
7644,0.6865,0.0208
7645,0.7231,0.022
7646,0.6299,0.0257
7647,0.496,0.0325
7648,0.3141,0.0429
7649,0.0841,0.0577
7650,0.0,0.0769
7651,0.0,0.0999
7652,0.0,0.1252
7653,0.0,0.15
7654,0.0,0.1711
7655,0.0,0.1854
7656,0.0,0.1904
7657,0.0,0.1854
7658,0.0,0.1711
7659,0.0,0.15
7660,0.0,0.1252
7661,0.0,0.0999
7662,0.0,0.0769
7663,0.0911,0.0577
7664,0.3103,0.0429
7665,0.5451,0.0325
7666,0.7051,0.0257
7667,0.6327,0.022
7668,0.698,0.0208
7669,0.67,0.022
7670,0.6681,0.0257
7671,0.5079,0.0325
7672,0.3227,0.0429
7673,0.0948,0.0577
7674,0.0,0.0769
7675,0.0,0.0999
7676,0.0,0.1252
7677,0.0,0.15
7678,0.0,0.1711
7679,0.0,0.1854
7680,0.0,0.1904
7681,0.0,0.1854
7682,0.0,0.1711
7683,0.0,0.15
7684,0.0,0.1252
7685,0.0,0.0999
7686,0.0,0.0769
7687,0.0818,0.0577
7688,0.3326,0.0429
7689,0.5343,0.0325
7690,0.682,0.0257
7691,0.6337,0.022
7692,0.6232,0.0208
7693,0.681,0.022
7694,0.6733,0.0257
7695,0.499,0.0325
7696,0.2936,0.0429
7697,0.0874,0.0577
7698,0.0,0.0769
7699,0.0,0.0999
7700,0.0,0.1252
7701,0.0,0.15
7702,0.0,0.1711
7703,0.0,0.1854
7704,0.0,0.1904
7705,0.0,0.1854
7706,0.0,0.1711
7707,0.0,0.15
7708,0.0,0.1252
7709,0.0,0.0999
7710,0.0,0.0769
7711,0.0849,0.0577
7712,0.2907,0.0429
7713,0.486,0.0325
7714,0.6864,0.0257
7715,0.6902,0.022
7716,0.6462,0.0208
7717,0.7104,0.022
7718,0.6376,0.0257
7719,0.4764,0.0325
7720,0.3243,0.0429
7721,0.0805,0.0577
7722,0.0,0.0769
7723,0.0,0.0999
7724,0.0,0.1252
7725,0.0,0.15
7726,0.0,0.1711
7727,0.0,0.1854
7728,0.0,0.1904
7729,0.0,0.1854
7730,0.0,0.1711
7731,0.0,0.15
7732,0.0,0.1252
7733,0.0,0.0999
7734,0.0,0.0769
7735,0.0867,0.0577
7736,0.3253,0.0429
7737,0.5394,0.0325
7738,0.6121,0.0257
7739,0.6715,0.022
7740,0.6168,0.0208
7741,0.6423,0.022
7742,0.6702,0.0257
7743,0.4829,0.0325
7744,0.3122,0.0429
7745,0.0817,0.0577
7746,0.0,0.0769
7747,0.0,0.0999
7748,0.0,0.1252
7749,0.0,0.15
7750,0.0,0.1711
7751,0.0,0.1854
7752,0.0,0.1904
7753,0.0,0.1854
7754,0.0,0.1711
7755,0.0,0.15
7756,0.0,0.1252
7757,0.0,0.0999
7758,0.0,0.0769
7759,0.0811,0.0577
7760,0.3246,0.0429
7761,0.54,0.0325
7762,0.6494,0.0257
7763,0.6178,0.022
7764,0.6593,0.0208
7765,0.7152,0.022
7766,0.6318,0.0257
7767,0.4934,0.0325
7768,0.2816,0.0429
7769,0.0805,0.0577
7770,0.0,0.0769
7771,0.0,0.0999
7772,0.0,0.1252
7773,0.0,0.15
7774,0.0,0.1711
7775,0.0,0.1854
7776,0.0,0.1904
7777,0.0,0.1854
7778,0.0,0.1711
7779,0.0,0.15
7780,0.0,0.1252
7781,0.0,0.0999
7782,0.0,0.0769
7783,0.0837,0.0577
7784,0.2902,0.0429
7785,0.5133,0.0325
7786,0.6305,0.0257
7787,0.6199,0.022
7788,0.6414,0.0208
7789,0.6324,0.022
7790,0.6414,0.0257
7791,0.4948,0.0325
7792,0.3028,0.0429
7793,0.0775,0.0577
7794,0.0,0.0769
7795,0.0,0.0999
7796,0.0,0.1252
7797,0.0,0.15
7798,0.0,0.1711
7799,0.0,0.1854
7800,0.0,0.1904
7801,0.0,0.1854
7802,0.0,0.1711
7803,0.0,0.15
7804,0.0,0.1252
7805,0.0,0.0999
7806,0.0,0.0769
7807,0.076,0.0577
7808,0.3275,0.0429
7809,0.4715,0.0325
7810,0.6875,0.0257
7811,0.622,0.022
7812,0.7245,0.0208
7813,0.6772,0.022
7814,0.6347,0.0257
7815,0.5364,0.0325
7816,0.2922,0.0429
7817,0.0754,0.0577
7818,0.0,0.0769
7819,0.0,0.0999
7820,0.0,0.1252
7821,0.0,0.15
7822,0.0,0.1711
7823,0.0,0.1854
7824,0.0,0.1904
7825,0.0,0.1854
7826,0.0,0.1711
7827,0.0,0.15
7828,0.0,0.1252
7829,0.0,0.0999
7830,0.0,0.0769
7831,0.0826,0.0577
7832,0.3219,0.0429
7833,0.5418,0.0325
7834,0.6607,0.0257
7835,0.6466,0.022
7836,0.7246,0.0208
7837,0.6768,0.022
7838,0.635,0.0257
7839,0.5123,0.0325
7840,0.2962,0.0429
7841,0.0799,0.0577
7842,0.0,0.0769
7843,0.0,0.0999
7844,0.0,0.1252
7845,0.0,0.15
7846,0.0,0.1711
7847,0.0,0.1854
7848,0.0,0.1904
7849,0.0,0.1854
7850,0.0,0.1711
7851,0.0,0.15
7852,0.0,0.1252
7853,0.0,0.0999
7854,0.0,0.0769
7855,0.0793,0.0577
7856,0.3129,0.0429
7857,0.5297,0.0325
7858,0.6086,0.0257
7859,0.6717,0.022
7860,0.6568,0.0208
7861,0.6211,0.022
7862,0.6639,0.0257
7863,0.5248,0.0325
7864,0.3046,0.0429
7865,0.072,0.0577
7866,0.0,0.0769
7867,0.0,0.0999
7868,0.0,0.1252
7869,0.0,0.15
7870,0.0,0.1711
7871,0.0,0.1854
7872,0.0,0.1904
7873,0.0,0.1854
7874,0.0,0.1711
7875,0.0,0.15
7876,0.0,0.1252
7877,0.0,0.0999
7878,0.0,0.0769
7879,0.0804,0.0577
7880,0.2955,0.0429
7881,0.4953,0.0325
7882,0.6877,0.0257
7883,0.6446,0.022
7884,0.6372,0.0208
7885,0.6522,0.022
7886,0.638,0.0257
7887,0.5275,0.0325
7888,0.2776,0.0429
7889,0.0694,0.0577
7890,0.0,0.0769
7891,0.0,0.0999
7892,0.0,0.1252
7893,0.0,0.15
7894,0.0,0.1711
7895,0.0,0.1854
7896,0.0,0.1904
7897,0.0,0.1854
7898,0.0,0.1711
7899,0.0,0.15
7900,0.0,0.1252
7901,0.0,0.0999
7902,0.0,0.0769
7903,0.0758,0.0577
7904,0.3142,0.0429
7905,0.4641,0.0325
7906,0.7095,0.0257
7907,0.6603,0.022
7908,0.6883,0.0208
7909,0.7084,0.022
7910,0.667,0.0257
7911,0.5335,0.0325
7912,0.3177,0.0429
7913,0.0734,0.0577
7914,0.0,0.0769
7915,0.0,0.0999
7916,0.0,0.1252
7917,0.0,0.15
7918,0.0,0.1711
7919,0.0,0.1854
7920,0.0,0.1904
7921,0.0,0.1854
7922,0.0,0.1711
7923,0.0,0.15
7924,0.0,0.1252
7925,0.0,0.0999
7926,0.0,0.0769
7927,0.0729,0.0577
7928,0.2959,0.0429
7929,0.4691,0.0325
7930,0.6286,0.0257
7931,0.7134,0.022
7932,0.6921,0.0208
7933,0.6369,0.022
7934,0.644,0.0257
7935,0.4766,0.0325
7936,0.2861,0.0429
7937,0.0736,0.0577
7938,0.0,0.0769
7939,0.0,0.0999
7940,0.0,0.1252
7941,0.0,0.15
7942,0.0,0.1711
7943,0.0,0.1854
7944,0.0,0.1904
7945,0.0,0.1854
7946,0.0,0.1711
7947,0.0,0.15
7948,0.0,0.1252
7949,0.0,0.0999
7950,0.0,0.0769
7951,0.0741,0.0577
7952,0.2761,0.0429
7953,0.4921,0.0325
7954,0.6433,0.0257
7955,0.6692,0.022
7956,0.7219,0.0208
7957,0.6281,0.022
7958,0.6783,0.0257
7959,0.5136,0.0325
7960,0.2795,0.0429
7961,0.0702,0.0577
7962,0.0,0.0769
7963,0.0,0.0999
7964,0.0,0.1252
7965,0.0,0.15
7966,0.0,0.1711
7967,0.0,0.1854
7968,0.0,0.1904
7969,0.0,0.1854
7970,0.0,0.1711
7971,0.0,0.15
7972,0.0,0.1252
7973,0.0,0.0999
7974,0.0,0.0769
7975,0.0703,0.0577
7976,0.3006,0.0429
7977,0.4983,0.0325
7978,0.6944,0.0257
7979,0.7035,0.022
7980,0.6282,0.0208
7981,0.6194,0.022
7982,0.6735,0.0257
7983,0.4589,0.0325
7984,0.2817,0.0429
7985,0.0739,0.0577
7986,0.0,0.0769
7987,0.0,0.0999
7988,0.0,0.1252
7989,0.0,0.15
7990,0.0,0.1711
7991,0.0,0.1854
7992,0.0,0.1904
7993,0.0,0.1854
7994,0.0,0.1711
7995,0.0,0.15
7996,0.0,0.1252
7997,0.0,0.0999
7998,0.0,0.0769
7999,0.0726,0.0577
8000,0.297,0.0429
8001,0.5002,0.0325
8002,0.6103,0.0257
8003,0.6637,0.022
8004,0.6714,0.0208
8005,0.6872,0.022
8006,0.6657,0.0257
8007,0.4817,0.0325
8008,0.2825,0.0429
8009,0.0732,0.0577
8010,0.0,0.0769
8011,0.0,0.0999
8012,0.0,0.1252
8013,0.0,0.15
8014,0.0,0.1711
8015,0.0,0.1854
8016,0.0,0.1904
8017,0.0,0.1854
8018,0.0,0.1711
8019,0.0,0.15
8020,0.0,0.1252
8021,0.0,0.0999
8022,0.0,0.0769
8023,0.0708,0.0577
8024,0.2945,0.0429
8025,0.4615,0.0325
8026,0.6983,0.0257
8027,0.6556,0.022
8028,0.6288,0.0208
8029,0.6719,0.022
8030,0.6437,0.0257
8031,0.4988,0.0325
8032,0.2968,0.0429
8033,0.0677,0.0577
8034,0.0,0.0769
8035,0.0,0.0999
8036,0.0,0.1252
8037,0.0,0.15
8038,0.0,0.1711
8039,0.0,0.1854
8040,0.0,0.1904
8041,0.0,0.1854
8042,0.0,0.1711
8043,0.0,0.15
8044,0.0,0.1252
8045,0.0,0.0999
8046,0.0,0.0769
8047,0.063,0.0577
8048,0.3112,0.0429
8049,0.4907,0.0325
8050,0.627,0.0257
8051,0.688,0.022
8052,0.7004,0.0208
8053,0.6681,0.022
8054,0.6344,0.0257
8055,0.5178,0.0325
8056,0.2724,0.0429
8057,0.0687,0.0577
8058,0.0,0.0769
8059,0.0,0.0999
8060,0.0,0.1252
8061,0.0,0.15
8062,0.0,0.1711
8063,0.0,0.1854
8064,0.0,0.1904
8065,0.0,0.1854
8066,0.0,0.1711
8067,0.0,0.15
8068,0.0,0.1252
8069,0.0,0.0999
8070,0.0,0.0769
8071,0.0698,0.0577
8072,0.28,0.0429
8073,0.4755,0.0325
8074,0.6478,0.0257
8075,0.7074,0.022
8076,0.7173,0.0208
8077,0.666,0.022
8078,0.6805,0.0257
8079,0.5264,0.0325
8080,0.2811,0.0429
8081,0.063,0.0577
8082,0.0,0.0769
8083,0.0,0.0999
8084,0.0,0.1252
8085,0.0,0.15
8086,0.0,0.1711
8087,0.0,0.1854
8088,0.0,0.1904
8089,0.0,0.1854
8090,0.0,0.1711
8091,0.0,0.15
8092,0.0,0.1252
8093,0.0,0.0999
8094,0.0,0.0769
8095,0.0662,0.0577
8096,0.2727,0.0429
8097,0.4671,0.0325
8098,0.6278,0.0257
8099,0.6188,0.022
8100,0.7075,0.0208
8101,0.6419,0.022
8102,0.6866,0.0257
8103,0.5026,0.0325
8104,0.2842,0.0429
8105,0.0688,0.0577
8106,0.0,0.0769
8107,0.0,0.0999
8108,0.0,0.1252
8109,0.0,0.15
8110,0.0,0.1711
8111,0.0,0.1854
8112,0.0,0.1904
8113,0.0,0.1854
8114,0.0,0.1711
8115,0.0,0.15
8116,0.0,0.1252
8117,0.0,0.0999
8118,0.0,0.0769
8119,0.0635,0.0577
8120,0.309,0.0429
8121,0.4688,0.0325
8122,0.6297,0.0257
8123,0.7244,0.022
8124,0.6669,0.0208
8125,0.7017,0.022
8126,0.6437,0.0257
8127,0.5152,0.0325
8128,0.2883,0.0429
8129,0.0684,0.0577
8130,0.0,0.0769
8131,0.0,0.0999
8132,0.0,0.1252
8133,0.0,0.15
8134,0.0,0.1711
8135,0.0,0.1854
8136,0.0,0.1904
8137,0.0,0.1854
8138,0.0,0.1711
8139,0.0,0.15
8140,0.0,0.1252
8141,0.0,0.0999
8142,0.0,0.0769
8143,0.0685,0.0577
8144,0.3012,0.0429
8145,0.513,0.0325
8146,0.702,0.0257
8147,0.6569,0.022
8148,0.6476,0.0208
8149,0.6499,0.022
8150,0.6446,0.0257
8151,0.5102,0.0325
8152,0.2994,0.0429
8153,0.0667,0.0577
8154,0.0,0.0769
8155,0.0,0.0999
8156,0.0,0.1252
8157,0.0,0.15
8158,0.0,0.1711
8159,0.0,0.1854
8160,0.0,0.1904
8161,0.0,0.1854
8162,0.0,0.1711
8163,0.0,0.15
8164,0.0,0.1252
8165,0.0,0.0999
8166,0.0,0.0769
8167,0.0661,0.0577
8168,0.2693,0.0429
8169,0.5355,0.0325
8170,0.6591,0.0257
8171,0.6602,0.022
8172,0.7147,0.0208
8173,0.6335,0.022
8174,0.6064,0.0257
8175,0.5315,0.0325
8176,0.279,0.0429
8177,0.0634,0.0577
8178,0.0,0.0769
8179,0.0,0.0999
8180,0.0,0.1252
8181,0.0,0.15
8182,0.0,0.1711
8183,0.0,0.1854
8184,0.0,0.1904
8185,0.0,0.1854
8186,0.0,0.1711
8187,0.0,0.15
8188,0.0,0.1252
8189,0.0,0.0999
8190,0.0,0.0769
8191,0.0592,0.0577
8192,0.3043,0.0429
8193,0.5293,0.0325
8194,0.6516,0.0257
8195,0.6592,0.022
8196,0.6905,0.0208
8197,0.6352,0.022
8198,0.6839,0.0257
8199,0.4656,0.0325
8200,0.3042,0.0429
8201,0.068,0.0577
8202,0.0,0.0769
8203,0.0,0.0999
8204,0.0,0.1252
8205,0.0,0.15
8206,0.0,0.1711
8207,0.0,0.1854
8208,0.0,0.1904
8209,0.0,0.1854
8210,0.0,0.1711
8211,0.0,0.15
8212,0.0,0.1252
8213,0.0,0.0999
8214,0.0,0.0769
8215,0.06,0.0577
8216,0.2927,0.0429
8217,0.5042,0.0325
8218,0.6598,0.0257
8219,0.6471,0.022
8220,0.6758,0.0208
8221,0.6293,0.022
8222,0.6642,0.0257
8223,0.5164,0.0325
8224,0.3124,0.0429
8225,0.0646,0.0577
8226,0.0,0.0769
8227,0.0,0.0999
8228,0.0,0.1252
8229,0.0,0.15
8230,0.0,0.1711
8231,0.0,0.1854
8232,0.0,0.1904
8233,0.0,0.1854
8234,0.0,0.1711
8235,0.0,0.15
8236,0.0,0.1252
8237,0.0,0.0999
8238,0.0,0.0769
8239,0.0629,0.0577
8240,0.2805,0.0429
8241,0.5039,0.0325
8242,0.6513,0.0257
8243,0.6625,0.022
8244,0.7168,0.0208
8245,0.7165,0.022
8246,0.6277,0.0257
8247,0.49,0.0325
8248,0.2989,0.0429
8249,0.0606,0.0577
8250,0.0,0.0769
8251,0.0,0.0999
8252,0.0,0.1252
8253,0.0,0.15
8254,0.0,0.1711
8255,0.0,0.1854
8256,0.0,0.1904
8257,0.0,0.1854
8258,0.0,0.1711
8259,0.0,0.15
8260,0.0,0.1252
8261,0.0,0.0999
8262,0.0,0.0769
8263,0.0587,0.0577
8264,0.3062,0.0429
8265,0.5217,0.0325
8266,0.633,0.0257
8267,0.6598,0.022
8268,0.6222,0.0208
8269,0.6646,0.022
8270,0.6329,0.0257
8271,0.4966,0.0325
8272,0.3085,0.0429
8273,0.066,0.0577
8274,0.0,0.0769
8275,0.0,0.0999
8276,0.0,0.1252
8277,0.0,0.15
8278,0.0,0.1711
8279,0.0,0.1854
8280,0.0,0.1904
8281,0.0,0.1854
8282,0.0,0.1711
8283,0.0,0.15
8284,0.0,0.1252
8285,0.0,0.0999
8286,0.0,0.0769
8287,0.0625,0.0577
8288,0.2775,0.0429
8289,0.4698,0.0325
8290,0.6808,0.0257
8291,0.65,0.022
8292,0.6784,0.0208
8293,0.7057,0.022
8294,0.6787,0.0257
8295,0.5298,0.0325
8296,0.2857,0.0429
8297,0.06,0.0577
8298,0.0,0.0769
8299,0.0,0.0999
8300,0.0,0.1252
8301,0.0,0.15
8302,0.0,0.1711
8303,0.0,0.1854
8304,0.0,0.1904
8305,0.0,0.1854
8306,0.0,0.1711
8307,0.0,0.15
8308,0.0,0.1252
8309,0.0,0.0999
8310,0.0,0.0769
8311,0.0584,0.0577
8312,0.2901,0.0429
8313,0.5245,0.0325
8314,0.653,0.0257
8315,0.6478,0.022
8316,0.7131,0.0208
8317,0.6818,0.022
8318,0.6412,0.0257
8319,0.5002,0.0325
8320,0.2971,0.0429
8321,0.0598,0.0577
8322,0.0,0.0769
8323,0.0,0.0999
8324,0.0,0.1252
8325,0.0,0.15
8326,0.0,0.1711
8327,0.0,0.1854
8328,0.0,0.1904
8329,0.0,0.1854
8330,0.0,0.1711
8331,0.0,0.15
8332,0.0,0.1252
8333,0.0,0.0999
8334,0.0,0.0769
8335,0.0561,0.0577
8336,0.3064,0.0429
8337,0.4913,0.0325
8338,0.6517,0.0257
8339,0.6917,0.022
8340,0.656,0.0208
8341,0.715,0.022
8342,0.694,0.0257
8343,0.52,0.0325
8344,0.3123,0.0429
8345,0.0639,0.0577
8346,0.0,0.0769
8347,0.0,0.0999
8348,0.0,0.1252
8349,0.0,0.15
8350,0.0,0.1711
8351,0.0,0.1854
8352,0.0,0.1904
8353,0.0,0.1854
8354,0.0,0.1711
8355,0.0,0.15
8356,0.0,0.1252
8357,0.0,0.0999
8358,0.0,0.0769
8359,0.0589,0.0577
8360,0.3,0.0429
8361,0.4711,0.0325
8362,0.698,0.0257
8363,0.699,0.022
8364,0.6344,0.0208
8365,0.6548,0.022
8366,0.6397,0.0257
8367,0.4708,0.0325
8368,0.2834,0.0429
8369,0.0647,0.0577
8370,0.0,0.0769
8371,0.0,0.0999
8372,0.0,0.1252
8373,0.0,0.15
8374,0.0,0.1711
8375,0.0,0.1854
8376,0.0,0.1904
8377,0.0,0.1854
8378,0.0,0.1711
8379,0.0,0.15
8380,0.0,0.1252
8381,0.0,0.0999
8382,0.0,0.0769
8383,0.0642,0.0577
8384,0.2695,0.0429
8385,0.4543,0.0325
8386,0.6533,0.0257
8387,0.7222,0.022
8388,0.6901,0.0208
8389,0.7089,0.022
8390,0.6572,0.0257
8391,0.4669,0.0325
8392,0.3061,0.0429
8393,0.0556,0.0577
8394,0.0,0.0769
8395,0.0,0.0999
8396,0.0,0.1252
8397,0.0,0.15
8398,0.0,0.1711
8399,0.0,0.1854
8400,0.0,0.1904
8401,0.0,0.1854
8402,0.0,0.1711
8403,0.0,0.15
8404,0.0,0.1252
8405,0.0,0.0999
8406,0.0,0.0769
8407,0.0547,0.0577
8408,0.2808,0.0429
8409,0.465,0.0325
8410,0.707,0.0257
8411,0.6458,0.022
8412,0.6253,0.0208
8413,0.6998,0.022
8414,0.6018,0.0257
8415,0.489,0.0325
8416,0.2917,0.0429
8417,0.0553,0.0577
8418,0.0,0.0769
8419,0.0,0.0999
8420,0.0,0.1252
8421,0.0,0.15
8422,0.0,0.1711
8423,0.0,0.1854
8424,0.0,0.1904
8425,0.0,0.1854
8426,0.0,0.1711
8427,0.0,0.15
8428,0.0,0.1252
8429,0.0,0.0999
8430,0.0,0.0769
8431,0.0576,0.0577
8432,0.2929,0.0429
8433,0.4658,0.0325
8434,0.6915,0.0257
8435,0.6888,0.022
8436,0.6357,0.0208
8437,0.7037,0.022
8438,0.6746,0.0257
8439,0.4745,0.0325
8440,0.3101,0.0429
8441,0.0584,0.0577
8442,0.0,0.0769
8443,0.0,0.0999
8444,0.0,0.1252
8445,0.0,0.15
8446,0.0,0.1711
8447,0.0,0.1854
8448,0.0,0.1904
8449,0.0,0.1854
8450,0.0,0.1711
8451,0.0,0.15
8452,0.0,0.1252
8453,0.0,0.0999
8454,0.0,0.0769
8455,0.0623,0.0577
8456,0.2775,0.0429
8457,0.4794,0.0325
8458,0.6886,0.0257
8459,0.6651,0.022
8460,0.7162,0.0208
8461,0.6523,0.022
8462,0.6413,0.0257
8463,0.4652,0.0325
8464,0.3071,0.0429
8465,0.059,0.0577
8466,0.0,0.0769
8467,0.0,0.0999
8468,0.0,0.1252
8469,0.0,0.15
8470,0.0,0.1711
8471,0.0,0.1854
8472,0.0,0.1904
8473,0.0,0.1854
8474,0.0,0.1711
8475,0.0,0.15
8476,0.0,0.1252
8477,0.0,0.0999
8478,0.0,0.0769
8479,0.0556,0.0577
8480,0.2887,0.0429
8481,0.5006,0.0325
8482,0.6891,0.0257
8483,0.6182,0.022
8484,0.6898,0.0208
8485,0.6593,0.022
8486,0.6392,0.0257
8487,0.5014,0.0325
8488,0.292,0.0429
8489,0.0553,0.0577
8490,0.0,0.0769
8491,0.0,0.0999
8492,0.0,0.1252
8493,0.0,0.15
8494,0.0,0.1711
8495,0.0,0.1854
8496,0.0,0.1904
8497,0.0,0.1854
8498,0.0,0.1711
8499,0.0,0.15
8500,0.0,0.1252
8501,0.0,0.0999
8502,0.0,0.0769
8503,0.059,0.0577
8504,0.2724,0.0429
8505,0.4897,0.0325
8506,0.6944,0.0257
8507,0.6581,0.022
8508,0.67,0.0208
8509,0.7186,0.022
8510,0.6335,0.0257
8511,0.5102,0.0325
8512,0.2963,0.0429
8513,0.0606,0.0577
8514,0.0,0.0769
8515,0.0,0.0999
8516,0.0,0.1252
8517,0.0,0.15
8518,0.0,0.1711
8519,0.0,0.1854
8520,0.0,0.1904
8521,0.0,0.1854
8522,0.0,0.1711
8523,0.0,0.15
8524,0.0,0.1252
8525,0.0,0.0999
8526,0.0,0.0769
8527,0.0588,0.0577
8528,0.3104,0.0429
8529,0.5047,0.0325
8530,0.6887,0.0257
8531,0.6927,0.022
8532,0.6878,0.0208
8533,0.6763,0.022
8534,0.6835,0.0257
8535,0.5145,0.0325
8536,0.2662,0.0429
8537,0.0555,0.0577
8538,0.0,0.0769
8539,0.0,0.0999
8540,0.0,0.1252
8541,0.0,0.15
8542,0.0,0.1711
8543,0.0,0.1854
8544,0.0,0.1904
8545,0.0,0.1854
8546,0.0,0.1711
8547,0.0,0.15
8548,0.0,0.1252
8549,0.0,0.0999
8550,0.0,0.0769
8551,0.0622,0.0577
8552,0.3101,0.0429
8553,0.5269,0.0325
8554,0.6948,0.0257
8555,0.6999,0.022
8556,0.6307,0.0208
8557,0.694,0.022
8558,0.6513,0.0257
8559,0.5123,0.0325
8560,0.2669,0.0429
8561,0.0631,0.0577
8562,0.0,0.0769
8563,0.0,0.0999
8564,0.0,0.1252
8565,0.0,0.15
8566,0.0,0.1711
8567,0.0,0.1854
8568,0.0,0.1904
8569,0.0,0.1854
8570,0.0,0.1711
8571,0.0,0.15
8572,0.0,0.1252
8573,0.0,0.0999
8574,0.0,0.0769
8575,0.0567,0.0577
8576,0.3005,0.0429
8577,0.4573,0.0325
8578,0.6666,0.0257
8579,0.692,0.022
8580,0.6419,0.0208
8581,0.6326,0.022
8582,0.6069,0.0257
8583,0.4908,0.0325
8584,0.2927,0.0429
8585,0.062,0.0577
8586,0.0,0.0769
8587,0.0,0.0999
8588,0.0,0.1252
8589,0.0,0.15
8590,0.0,0.1711
8591,0.0,0.1854
8592,0.0,0.1904
8593,0.0,0.1854
8594,0.0,0.1711
8595,0.0,0.15
8596,0.0,0.1252
8597,0.0,0.0999
8598,0.0,0.0769
8599,0.0572,0.0577
8600,0.2918,0.0429
8601,0.5149,0.0325
8602,0.6079,0.0257
8603,0.723,0.022
8604,0.7178,0.0208
8605,0.6669,0.022
8606,0.6501,0.0257
8607,0.4573,0.0325
8608,0.2862,0.0429
8609,0.0633,0.0577
8610,0.0,0.0769
8611,0.0,0.0999
8612,0.0,0.1252
8613,0.0,0.15
8614,0.0,0.1711
8615,0.0,0.1854
8616,0.0,0.1904
8617,0.0,0.1854
8618,0.0,0.1711
8619,0.0,0.15
8620,0.0,0.1252
8621,0.0,0.0999
8622,0.0,0.0769
8623,0.056,0.0577
8624,0.2762,0.0429
8625,0.4562,0.0325
8626,0.652,0.0257
8627,0.7082,0.022
8628,0.6431,0.0208
8629,0.7145,0.022
8630,0.6717,0.0257
8631,0.4655,0.0325
8632,0.2709,0.0429
8633,0.0623,0.0577
8634,0.0,0.0769
8635,0.0,0.0999
8636,0.0,0.1252
8637,0.0,0.15
8638,0.0,0.1711
8639,0.0,0.1854
8640,0.0,0.1904
8641,0.0,0.1854
8642,0.0,0.1711
8643,0.0,0.15
8644,0.0,0.1252
8645,0.0,0.0999
8646,0.0,0.0769
8647,0.0585,0.0577
8648,0.2998,0.0429
8649,0.4894,0.0325
8650,0.7053,0.0257
8651,0.6448,0.022
8652,0.6248,0.0208
8653,0.6902,0.022
8654,0.654,0.0257
8655,0.4556,0.0325
8656,0.3082,0.0429
8657,0.0564,0.0577
8658,0.0,0.0769
8659,0.0,0.0999
8660,0.0,0.1252
8661,0.0,0.15
8662,0.0,0.1711
8663,0.0,0.1854
8664,0.0,0.1904
8665,0.0,0.1854
8666,0.0,0.1711
8667,0.0,0.15
8668,0.0,0.1252
8669,0.0,0.0999
8670,0.0,0.0769
8671,0.058,0.0577
8672,0.3,0.0429
8673,0.4604,0.0325
8674,0.673,0.0257
8675,0.6164,0.022
8676,0.6446,0.0208
8677,0.6492,0.022
8678,0.6187,0.0257
8679,0.5071,0.0325
8680,0.3136,0.0429
8681,0.057,0.0577
8682,0.0,0.0769
8683,0.0,0.0999
8684,0.0,0.1252
8685,0.0,0.15
8686,0.0,0.1711
8687,0.0,0.1854
8688,0.0,0.1904
8689,0.0,0.1854
8690,0.0,0.1711
8691,0.0,0.15
8692,0.0,0.1252
8693,0.0,0.0999
8694,0.0,0.0769
8695,0.0589,0.0577
8696,0.2892,0.0429
8697,0.462,0.0325
8698,0.6769,0.0257
8699,0.6678,0.022
8700,0.6826,0.0208
8701,0.6433,0.022
8702,0.6943,0.0257
8703,0.5123,0.0325
8704,0.2757,0.0429
8705,0.0568,0.0577
8706,0.0,0.0769
8707,0.0,0.0999
8708,0.0,0.1252
8709,0.0,0.15
8710,0.0,0.1711
8711,0.0,0.1854
8712,0.0,0.1904
8713,0.0,0.1854
8714,0.0,0.1711
8715,0.0,0.15
8716,0.0,0.1252
8717,0.0,0.0999
8718,0.0,0.0769
8719,0.0618,0.0577
8720,0.2815,0.0429
8721,0.4687,0.0325
8722,0.6754,0.0257
8723,0.7214,0.022
8724,0.6452,0.0208
8725,0.6826,0.022
8726,0.6366,0.0257
8727,0.4783,0.0325
8728,0.3078,0.0429
8729,0.0579,0.0577
8730,0.0,0.0769
8731,0.0,0.0999
8732,0.0,0.1252
8733,0.0,0.15
8734,0.0,0.1711
8735,0.0,0.1854
8736,0.0,0.1904
8737,0.0,0.1854
8738,0.0,0.1711
8739,0.0,0.15
8740,0.0,0.1252
8741,0.0,0.0999
8742,0.0,0.0769
8743,0.0583,0.0577
8744,0.3084,0.0429
8745,0.4906,0.0325
8746,0.6929,0.0257
8747,0.6797,0.022
8748,0.6365,0.0208
8749,0.6635,0.022
8750,0.6881,0.0257
8751,0.4675,0.0325
8752,0.299,0.0429
8753,0.0646,0.0577
8754,0.0,0.0769
8755,0.0,0.0999
8756,0.0,0.1252
8757,0.0,0.15
8758,0.0,0.1711
8759,0.0,0.1854
