hour,solar_cf,wind_cf
0,0.0,0.179
1,0.0,0.1743
2,0.0,0.1609
3,0.0,0.1411
4,0.0,0.1177
5,0.0,0.094
6,0.0,0.0723
7,0.0555,0.0542
8,0.2659,0.0404
9,0.4677,0.0306
10,0.5997,0.0242
11,0.6023,0.0207
12,0.679,0.0196
13,0.6528,0.0207
14,0.6631,0.0242
15,0.4448,0.0306
16,0.2956,0.0404
17,0.0634,0.0542
18,0.0,0.0723
19,0.0,0.094
20,0.0,0.1177
21,0.0,0.1411
22,0.0,0.1609
23,0.0,0.1743
24,0.0,0.179
25,0.0,0.1743
26,0.0,0.1609
27,0.0,0.1411
28,0.0,0.1177
29,0.0,0.094
30,0.0,0.0723
31,0.0646,0.0542
32,0.2887,0.0404
33,0.4425,0.0306
34,0.658,0.0242
35,0.651,0.0207
36,0.618,0.0196
37,0.6799,0.0207
38,0.6718,0.0242
39,0.4736,0.0306
40,0.2734,0.0404
41,0.058,0.0542
42,0.0,0.0723
43,0.0,0.094
44,0.0,0.1177
45,0.0,0.1411
46,0.0,0.1609
47,0.0,0.1743
48,0.0,0.179
49,0.0,0.1743
50,0.0,0.1609
51,0.0,0.1411
52,0.0,0.1177
53,0.0,0.094
54,0.0,0.0723
55,0.0648,0.0542
56,0.2627,0.0404
57,0.4418,0.0306
58,0.6697,0.0242
59,0.6898,0.0207
60,0.6284,0.0196
61,0.6006,0.0207
62,0.6573,0.0242
63,0.4447,0.0306
64,0.2855,0.0404
65,0.0575,0.0542
66,0.0,0.0723
67,0.0,0.094
68,0.0,0.1177
69,0.0,0.1411
70,0.0,0.1609
71,0.0,0.1743
72,0.0,0.179
73,0.0,0.1743
74,0.0,0.1609
75,0.0,0.1411
76,0.0,0.1177
77,0.0,0.094
78,0.0,0.0723
79,0.0632,0.0542
80,0.2988,0.0404
81,0.4481,0.0306
82,0.6025,0.0242
83,0.602,0.0207
84,0.6929,0.0196
85,0.6228,0.0207
86,0.674,0.0242
87,0.451,0.0306
88,0.2841,0.0404
89,0.0654,0.0542
90,0.0,0.0723
91,0.0,0.094
92,0.0,0.1177
93,0.0,0.1411
94,0.0,0.1609
95,0.0,0.1743
96,0.0,0.179
97,0.0,0.1743
98,0.0,0.1609
99,0.0,0.1411
100,0.0,0.1177
101,0.0,0.094
102,0.0,0.0723
103,0.0579,0.0542
104,0.2728,0.0404
105,0.4497,0.0306
106,0.6611,0.0242
107,0.5959,0.0207
108,0.6697,0.0196
109,0.6331,0.0207
110,0.6524,0.0242
111,0.4416,0.0306
112,0.2857,0.0404
113,0.06,0.0542
114,0.0,0.0723
115,0.0,0.094
116,0.0,0.1177
117,0.0,0.1411
118,0.0,0.1609
119,0.0,0.1743
120,0.0,0.179
121,0.0,0.1743
122,0.0,0.1609
123,0.0,0.1411
124,0.0,0.1177
125,0.0,0.094
126,0.0,0.0723
127,0.0607,0.0542
128,0.2676,0.0404
129,0.4995,0.0306
130,0.5932,0.0242
131,0.6481,0.0207
132,0.633,0.0196
133,0.599,0.0207
134,0.5874,0.0242
135,0.4614,0.0306
136,0.2978,0.0404
137,0.0678,0.0542
138,0.0,0.0723
139,0.0,0.094
140,0.0,0.1177
141,0.0,0.1411
142,0.0,0.1609
143,0.0,0.1743
144,0.0,0.179
145,0.0,0.1743
146,0.0,0.1609
147,0.0,0.1411
148,0.0,0.1177
149,0.0,0.094
150,0.0,0.0723
151,0.0674,0.0542
152,0.3024,0.0404
153,0.4924,0.0306
154,0.6736,0.0242
155,0.6522,0.0207
156,0.6855,0.0196
157,0.6316,0.0207
158,0.6075,0.0242
159,0.4874,0.0306
160,0.2648,0.0404
161,0.0616,0.0542
162,0.0,0.0723
163,0.0,0.094
164,0.0,0.1177
165,0.0,0.1411
166,0.0,0.1609
167,0.0,0.1743
168,0.0,0.179
169,0.0,0.1743
170,0.0,0.1609
171,0.0,0.1411
172,0.0,0.1177
173,0.0,0.094
174,0.0,0.0723
175,0.0615,0.0542
176,0.2946,0.0404
177,0.4908,0.0306
178,0.6332,0.0242
179,0.6042,0.0207
180,0.6313,0.0196
181,0.6833,0.0207
182,0.5978,0.0242
183,0.4518,0.0306
184,0.2979,0.0404
185,0.0594,0.0542
186,0.0,0.0723
187,0.0,0.094
188,0.0,0.1177
189,0.0,0.1411
190,0.0,0.1609
191,0.0,0.1743
192,0.0,0.179
193,0.0,0.1743
194,0.0,0.1609
195,0.0,0.1411
196,0.0,0.1177
197,0.0,0.094
198,0.0,0.0723
199,0.0627,0.0542
200,0.2627,0.0404
201,0.5121,0.0306
202,0.607,0.0242
203,0.62,0.0207
204,0.6251,0.0196
205,0.6897,0.0207
206,0.5883,0.0242
207,0.4583,0.0306
208,0.2697,0.0404
209,0.0613,0.0542
210,0.0,0.0723
211,0.0,0.094
212,0.0,0.1177
213,0.0,0.1411
214,0.0,0.1609
215,0.0,0.1743
216,0.0,0.179
217,0.0,0.1743
218,0.0,0.1609
219,0.0,0.1411
220,0.0,0.1177
221,0.0,0.094
222,0.0,0.0723
223,0.0649,0.0542
224,0.2751,0.0404
225,0.4738,0.0306
226,0.5953,0.0242
227,0.6119,0.0207
228,0.6089,0.0196
229,0.6469,0.0207
230,0.6707,0.0242
231,0.4815,0.0306
232,0.2817,0.0404
233,0.0672,0.0542
234,0.0,0.0723
235,0.0,0.094
236,0.0,0.1177
237,0.0,0.1411
238,0.0,0.1609
239,0.0,0.1743
240,0.0,0.179
241,0.0,0.1743
242,0.0,0.1609
243,0.0,0.1411
244,0.0,0.1177
245,0.0,0.094
246,0.0,0.0723
247,0.0676,0.0542
248,0.3054,0.0404
249,0.4518,0.0306
250,0.6404,0.0242
251,0.6123,0.0207
252,0.6832,0.0196
253,0.6232,0.0207
254,0.6101,0.0242
255,0.458,0.0306
256,0.2958,0.0404
257,0.0654,0.0542
258,0.0,0.0723
259,0.0,0.094
260,0.0,0.1177
261,0.0,0.1411
262,0.0,0.1609
263,0.0,0.1743
264,0.0,0.179
265,0.0,0.1743
266,0.0,0.1609
267,0.0,0.1411
268,0.0,0.1177
269,0.0,0.094
270,0.0,0.0723
271,0.0651,0.0542
272,0.269,0.0404
273,0.4967,0.0306
274,0.6495,0.0242
275,0.596,0.0207
276,0.6514,0.0196
277,0.6738,0.0207
278,0.5847,0.0242
279,0.4469,0.0306
280,0.303,0.0404
281,0.0654,0.0542
282,0.0,0.0723
283,0.0,0.094
284,0.0,0.1177
285,0.0,0.1411
286,0.0,0.1609
287,0.0,0.1743
288,0.0,0.179
289,0.0,0.1743
290,0.0,0.1609
291,0.0,0.1411
292,0.0,0.1177
293,0.0,0.094
294,0.0,0.0723
295,0.0708,0.0542
296,0.2972,0.0404
297,0.4471,0.0306
298,0.5831,0.0242
299,0.6551,0.0207
300,0.6656,0.0196
301,0.6769,0.0207
302,0.5877,0.0242
303,0.4831,0.0306
304,0.2708,0.0404
305,0.0747,0.0542
306,0.0,0.0723
307,0.0,0.094
308,0.0,0.1177
309,0.0,0.1411
310,0.0,0.1609
311,0.0,0.1743
312,0.0,0.179
313,0.0,0.1743
314,0.0,0.1609
315,0.0,0.1411
316,0.0,0.1177
317,0.0,0.094
318,0.0,0.0723
319,0.0722,0.0542
320,0.2972,0.0404
321,0.4984,0.0306
322,0.6661,0.0242
323,0.6183,0.0207
324,0.6925,0.0196
325,0.6101,0.0207
326,0.5882,0.0242
327,0.4456,0.0306
328,0.2702,0.0404
329,0.0756,0.0542
330,0.0,0.0723
331,0.0,0.094
332,0.0,0.1177
333,0.0,0.1411
334,0.0,0.1609
335,0.0,0.1743
336,0.0,0.179
337,0.0,0.1743
338,0.0,0.1609
339,0.0,0.1411
340,0.0,0.1177
341,0.0,0.094
342,0.0,0.0723
343,0.0734,0.0542
344,0.2818,0.0404
345,0.5051,0.0306
346,0.6733,0.0242
347,0.6332,0.0207
348,0.6769,0.0196
349,0.6586,0.0207
350,0.6768,0.0242
351,0.4879,0.0306
352,0.2923,0.0404
353,0.0673,0.0542
354,0.0,0.0723
355,0.0,0.094
356,0.0,0.1177
357,0.0,0.1411
358,0.0,0.1609
359,0.0,0.1743
360,0.0,0.179
361,0.0,0.1743
362,0.0,0.1609
363,0.0,0.1411
364,0.0,0.1177
365,0.0,0.094
366,0.0,0.0723
367,0.0756,0.0542
368,0.307,0.0404
369,0.4738,0.0306
370,0.6603,0.0242
371,0.6329,0.0207
372,0.634,0.0196
373,0.6323,0.0207
374,0.648,0.0242
375,0.4767,0.0306
376,0.2891,0.0404
377,0.0702,0.0542
378,0.0,0.0723
379,0.0,0.094
380,0.0,0.1177
381,0.0,0.1411
382,0.0,0.1609
383,0.0,0.1743
384,0.0,0.179
385,0.0,0.1743
386,0.0,0.1609
387,0.0,0.1411
388,0.0,0.1177
389,0.0,0.094
390,0.0,0.0723
391,0.0756,0.0542
392,0.2729,0.0404
393,0.5119,0.0306
394,0.6788,0.0242
395,0.5991,0.0207
396,0.6855,0.0196
397,0.6412,0.0207
398,0.6785,0.0242
399,0.5075,0.0306
400,0.2664,0.0404
401,0.0758,0.0542
402,0.0,0.0723
403,0.0,0.094
404,0.0,0.1177
405,0.0,0.1411
406,0.0,0.1609
407,0.0,0.1743
408,0.0,0.179
409,0.0,0.1743
410,0.0,0.1609
411,0.0,0.1411
412,0.0,0.1177
413,0.0,0.094
414,0.0,0.0723
415,0.0768,0.0542
416,0.2995,0.0404
417,0.4604,0.0306
418,0.5838,0.0242
419,0.6459,0.0207
420,0.6597,0.0196
421,0.6023,0.0207
422,0.6172,0.0242
423,0.4906,0.0306
424,0.2795,0.0404
425,0.0718,0.0542
426,0.0,0.0723
427,0.0,0.094
428,0.0,0.1177
429,0.0,0.1411
430,0.0,0.1609
431,0.0,0.1743
432,0.0,0.179
433,0.0,0.1743
434,0.0,0.1609
435,0.0,0.1411
436,0.0,0.1177
437,0.0,0.094
438,0.0,0.0723
439,0.0824,0.0542
440,0.3012,0.0404
441,0.4955,0.0306
442,0.6057,0.0242
443,0.6038,0.0207
444,0.6105,0.0196
445,0.6314,0.0207
446,0.6087,0.0242
447,0.4937,0.0306
448,0.2724,0.0404
449,0.079,0.0542
450,0.0,0.0723
451,0.0,0.094
452,0.0,0.1177
453,0.0,0.1411
454,0.0,0.1609
455,0.0,0.1743
456,0.0,0.179
457,0.0,0.1743
458,0.0,0.1609
459,0.0,0.1411
460,0.0,0.1177
461,0.0,0.094
462,0.0,0.0723
463,0.0773,0.0542
464,0.3118,0.0404
465,0.4436,0.0306
466,0.6766,0.0242
467,0.6719,0.0207
468,0.6833,0.0196
469,0.6898,0.0207
470,0.6217,0.0242
471,0.4807,0.0306
472,0.3121,0.0404
473,0.0805,0.0542
474,0.0,0.0723
475,0.0,0.094
476,0.0,0.1177
477,0.0,0.1411
478,0.0,0.1609
479,0.0,0.1743
480,0.0,0.179
481,0.0,0.1743
482,0.0,0.1609
483,0.0,0.1411
484,0.0,0.1177
485,0.0,0.094
486,0.0,0.0723
487,0.0791,0.0542
488,0.2813,0.0404
489,0.4648,0.0306
490,0.6225,0.0242
491,0.5973,0.0207
492,0.6739,0.0196
493,0.6059,0.0207
494,0.6498,0.0242
495,0.4612,0.0306
496,0.2781,0.0404
497,0.0761,0.0542
498,0.0,0.0723
499,0.0,0.094
500,0.0,0.1177
501,0.0,0.1411
502,0.0,0.1609
503,0.0,0.1743
504,0.0,0.179
505,0.0,0.1743
506,0.0,0.1609
507,0.0,0.1411
508,0.0,0.1177
509,0.0,0.094
510,0.0,0.0723
511,0.0764,0.0542
512,0.2968,0.0404
513,0.4685,0.0306
514,0.6024,0.0242
515,0.6845,0.0207
516,0.6894,0.0196
517,0.5909,0.0207
518,0.5873,0.0242
519,0.465,0.0306
520,0.2862,0.0404
521,0.0775,0.0542
522,0.0,0.0723
523,0.0,0.094
524,0.0,0.1177
525,0.0,0.1411
526,0.0,0.1609
527,0.0,0.1743
528,0.0,0.179
529,0.0,0.1743
530,0.0,0.1609
531,0.0,0.1411
532,0.0,0.1177
533,0.0,0.094
534,0.0,0.0723
535,0.0757,0.0542
536,0.2842,0.0404
537,0.454,0.0306
538,0.5836,0.0242
539,0.5978,0.0207
540,0.6538,0.0196
541,0.6457,0.0207
542,0.5826,0.0242
543,0.4556,0.0306
544,0.2758,0.0404
545,0.086,0.0542
546,0.0,0.0723
547,0.0,0.094
548,0.0,0.1177
549,0.0,0.1411
550,0.0,0.1609
551,0.0,0.1743
552,0.0,0.179
553,0.0,0.1743
554,0.0,0.1609
555,0.0,0.1411
556,0.0,0.1177
557,0.0,0.094
558,0.0,0.0723
559,0.0793,0.0542
560,0.3093,0.0404
561,0.4889,0.0306
562,0.5898,0.0242
563,0.6074,0.0207
564,0.6048,0.0196
565,0.6373,0.0207
566,0.6687,0.0242
567,0.4815,0.0306
568,0.3018,0.0404
569,0.0851,0.0542
570,0.0,0.0723
571,0.0,0.094
572,0.0,0.1177
573,0.0,0.1411
574,0.0,0.1609
575,0.0,0.1743
576,0.0,0.179
577,0.0,0.1743
578,0.0,0.1609
579,0.0,0.1411
580,0.0,0.1177
581,0.0,0.094
582,0.0,0.0723
583,0.0791,0.0542
584,0.3059,0.0404
585,0.5138,0.0306
586,0.5897,0.0242
587,0.6001,0.0207
588,0.6011,0.0196
589,0.6888,0.0207
590,0.6567,0.0242
591,0.5036,0.0306
592,0.3203,0.0404
593,0.0871,0.0542
594,0.0,0.0723
595,0.0,0.094
596,0.0,0.1177
597,0.0,0.1411
598,0.0,0.1609
599,0.0,0.1743
600,0.0,0.179
601,0.0,0.1743
602,0.0,0.1609
603,0.0,0.1411
604,0.0,0.1177
605,0.0,0.094
606,0.0,0.0723
607,0.0843,0.0542
608,0.2869,0.0404
609,0.4722,0.0306
610,0.6535,0.0242
611,0.6518,0.0207
612,0.637,0.0196
613,0.6486,0.0207
614,0.6453,0.0242
615,0.5026,0.0306
616,0.2812,0.0404
617,0.0855,0.0542
618,0.0,0.0723
619,0.0,0.094
620,0.0,0.1177
621,0.0,0.1411
622,0.0,0.1609
623,0.0,0.1743
624,0.0,0.179
625,0.0,0.1743
626,0.0,0.1609
627,0.0,0.1411
628,0.0,0.1177
629,0.0,0.094
630,0.0,0.0723
631,0.0893,0.0542
632,0.3059,0.0404
633,0.4723,0.0306
634,0.631,0.0242
635,0.6535,0.0207
636,0.6588,0.0196
637,0.6789,0.0207
638,0.6078,0.0242
639,0.4817,0.0306
640,0.288,0.0404
641,0.0931,0.0542
642,0.0,0.0723
643,0.0,0.094
644,0.0,0.1177
645,0.0,0.1411
646,0.0,0.1609
647,0.0,0.1743
648,0.0,0.179
649,0.0,0.1743
650,0.0,0.1609
651,0.0,0.1411
652,0.0,0.1177
653,0.0,0.094
654,0.0,0.0723
655,0.0913,0.0542
656,0.3199,0.0404
657,0.4757,0.0306
658,0.6752,0.0242
659,0.6767,0.0207
660,0.6453,0.0196
661,0.6889,0.0207
662,0.6658,0.0242
663,0.5199,0.0306
664,0.2779,0.0404
665,0.0887,0.0542
666,0.0,0.0723
667,0.0,0.094
668,0.0,0.1177
669,0.0,0.1411
670,0.0,0.1609
671,0.0,0.1743
672,0.0,0.179
673,0.0,0.1743
674,0.0,0.1609
675,0.0,0.1411
676,0.0,0.1177
677,0.0,0.094
678,0.0,0.0723
679,0.0926,0.0542
680,0.3063,0.0404
681,0.4997,0.0306
682,0.5941,0.0242
683,0.6758,0.0207
684,0.6404,0.0196
685,0.6671,0.0207
686,0.6196,0.0242
687,0.492,0.0306
688,0.2967,0.0404
689,0.0948,0.0542
690,0.0,0.0723
691,0.0,0.094
692,0.0,0.1177
693,0.0,0.1411
694,0.0,0.1609
695,0.0,0.1743
696,0.0,0.179
697,0.0,0.1743
698,0.0,0.1609
699,0.0,0.1411
700,0.0,0.1177
701,0.0,0.094
702,0.0,0.0723
703,0.0976,0.0542
704,0.3006,0.0404
705,0.4882,0.0306
706,0.5879,0.0242
707,0.6004,0.0207
708,0.61,0.0196
709,0.6275,0.0207
710,0.6547,0.0242
711,0.5228,0.0306
712,0.3036,0.0404
713,0.088,0.0542
714,0.0,0.0723
715,0.0,0.094
716,0.0,0.1177
717,0.0,0.1411
718,0.0,0.1609
719,0.0,0.1743
720,0.0,0.179
721,0.0,0.1743
722,0.0,0.1609
723,0.0,0.1411
724,0.0,0.1177
725,0.0,0.094
726,0.0,0.0723
727,0.0888,0.0542
728,0.3039,0.0404
729,0.4753,0.0306
730,0.6106,0.0242
731,0.688,0.0207
732,0.6757,0.0196
733,0.6156,0.0207
734,0.6001,0.0242
735,0.5168,0.0306
736,0.3116,0.0404
737,0.1016,0.0542
738,0.0,0.0723
739,0.0,0.094
740,0.0,0.1177
741,0.0,0.1411
742,0.0,0.1609
743,0.0,0.1743
744,0.0,0.179
745,0.0,0.1743
746,0.0,0.1609
747,0.0,0.1411
748,0.0,0.1177
749,0.0,0.094
750,0.0,0.0723
751,0.089,0.0542
752,0.3122,0.0404
753,0.4815,0.0306
754,0.6483,0.0242
755,0.6857,0.0207
756,0.6019,0.0196
757,0.6635,0.0207
758,0.5997,0.0242
759,0.4823,0.0306
760,0.3252,0.0404
761,0.0979,0.0542
762,0.0,0.0723
763,0.0,0.094
764,0.0,0.1177
765,0.0,0.1411
766,0.0,0.1609
767,0.0,0.1743
768,0.0,0.179
769,0.0,0.1743
770,0.0,0.1609
771,0.0,0.1411
772,0.0,0.1177
773,0.0,0.094
774,0.0,0.0723
775,0.0961,0.0542
776,0.3114,0.0404
777,0.5235,0.0306
778,0.6646,0.0242
779,0.6359,0.0207
780,0.6506,0.0196
781,0.6491,0.0207
782,0.6059,0.0242
783,0.4816,0.0306
784,0.2927,0.0404
785,0.1023,0.0542
786,0.0,0.0723
787,0.0,0.094
788,0.0,0.1177
789,0.0,0.1411
790,0.0,0.1609
791,0.0,0.1743
792,0.0,0.179
793,0.0,0.1743
794,0.0,0.1609
795,0.0,0.1411
796,0.0,0.1177
797,0.0,0.094
798,0.0,0.0723
799,0.0922,0.0542
800,0.3304,0.0404
801,0.4539,0.0306
802,0.6813,0.0242
803,0.5961,0.0207
804,0.6214,0.0196
805,0.6412,0.0207
806,0.6703,0.0242
807,0.5018,0.0306
808,0.2965,0.0404
809,0.097,0.0542
810,0.0,0.0723
811,0.0,0.094
812,0.0,0.1177
813,0.0,0.1411
814,0.0,0.1609
815,0.0,0.1743
816,0.0,0.179
817,0.0,0.1743
818,0.0,0.1609
819,0.0,0.1411
820,0.0,0.1177
821,0.0,0.094
822,0.0,0.0723
823,0.1005,0.0542
824,0.3258,0.0404
825,0.5194,0.0306
826,0.6754,0.0242
827,0.6787,0.0207
828,0.6584,0.0196
829,0.6098,0.0207
830,0.6836,0.0242
831,0.5155,0.0306
832,0.3117,0.0404
833,0.1067,0.0542
834,0.0,0.0723
835,0.0,0.094
836,0.0,0.1177
837,0.0,0.1411
838,0.0,0.1609
839,0.0,0.1743
840,0.0,0.179
841,0.0,0.1743
842,0.0,0.1609
843,0.0,0.1411
844,0.0,0.1177
845,0.0,0.094
846,0.0,0.0723
847,0.1003,0.0542
848,0.3318,0.0404
849,0.4875,0.0306
850,0.6428,0.0242
851,0.6493,0.0207
852,0.6564,0.0196
853,0.5984,0.0207
854,0.5959,0.0242
855,0.5159,0.0306
856,0.3123,0.0404
857,0.1003,0.0542
858,0.0,0.0723
859,0.0,0.094
860,0.0,0.1177
861,0.0,0.1411
862,0.0,0.1609
863,0.0,0.1743
864,0.0,0.179
865,0.0,0.1743
866,0.0,0.1609
867,0.0,0.1411
868,0.0,0.1177
869,0.0,0.094
870,0.0,0.0723
871,0.1066,0.0542
872,0.3221,0.0404
873,0.5105,0.0306
874,0.649,0.0242
875,0.6046,0.0207
876,0.6052,0.0196
877,0.6194,0.0207
878,0.6016,0.0242
879,0.4782,0.0306
880,0.2992,0.0404
881,0.1039,0.0542
882,0.0,0.0723
883,0.0,0.094
884,0.0,0.1177
885,0.0,0.1411
886,0.0,0.1609
887,0.0,0.1743
888,0.0,0.179
889,0.0,0.1743
890,0.0,0.1609
891,0.0,0.1411
892,0.0,0.1177
893,0.0,0.094
894,0.0,0.0723
895,0.1024,0.0542
896,0.3136,0.0404
897,0.5083,0.0306
898,0.5867,0.0242
899,0.6445,0.0207
900,0.6235,0.0196
901,0.6888,0.0207
902,0.678,0.0242
903,0.482,0.0306
904,0.3247,0.0404
905,0.0998,0.0542
906,0.0,0.0723
907,0.0,0.094
908,0.0,0.1177
909,0.0,0.1411
910,0.0,0.1609
911,0.0,0.1743
912,0.0,0.179
913,0.0,0.1743
914,0.0,0.1609
915,0.0,0.1411
916,0.0,0.1177
917,0.0,0.094
918,0.0,0.0723
919,0.1074,0.0542
920,0.2965,0.0404
921,0.525,0.0306
922,0.6796,0.0242
923,0.6665,0.0207
924,0.604,0.0196
925,0.6914,0.0207
926,0.6263,0.0242
927,0.4588,0.0306
928,0.2924,0.0404
929,0.1003,0.0542
930,0.0,0.0723
931,0.0,0.094
932,0.0,0.1177
933,0.0,0.1411
934,0.0,0.1609
935,0.0,0.1743
936,0.0,0.179
937,0.0,0.1743
938,0.0,0.1609
939,0.0,0.1411
940,0.0,0.1177
941,0.0,0.094
942,0.0,0.0723
943,0.1165,0.0542
944,0.3045,0.0404
945,0.5212,0.0306
946,0.6545,0.0242
947,0.6386,0.0207
948,0.6627,0.0196
949,0.6512,0.0207
950,0.5881,0.0242
951,0.4576,0.0306
952,0.2953,0.0404
953,0.111,0.0542
954,0.0,0.0723
955,0.0,0.094
956,0.0,0.1177
957,0.0,0.1411
958,0.0,0.1609
959,0.0,0.1743
960,0.0,0.179
961,0.0,0.1743
962,0.0,0.1609
963,0.0,0.1411
964,0.0,0.1177
965,0.0,0.094
966,0.0,0.0723
967,0.1191,0.0542
968,0.3075,0.0404
969,0.466,0.0306
970,0.6884,0.0242
971,0.6828,0.0207
972,0.6331,0.0196
973,0.6184,0.0207
974,0.6064,0.0242
975,0.4885,0.0306
976,0.3231,0.0404
977,0.1201,0.0542
978,0.0,0.0723
979,0.0,0.094
980,0.0,0.1177
981,0.0,0.1411
982,0.0,0.1609
983,0.0,0.1743
984,0.0,0.179
985,0.0,0.1743
986,0.0,0.1609
987,0.0,0.1411
988,0.0,0.1177
989,0.0,0.094
990,0.0,0.0723
991,0.1092,0.0542
992,0.3346,0.0404
993,0.5234,0.0306
994,0.6247,0.0242
995,0.6235,0.0207
996,0.6073,0.0196
997,0.622,0.0207
998,0.6505,0.0242
999,0.5032,0.0306
1000,0.3303,0.0404
1001,0.1122,0.0542
1002,0.0,0.0723
1003,0.0,0.094
1004,0.0,0.1177
1005,0.0,0.1411
1006,0.0,0.1609
1007,0.0,0.1743
1008,0.0,0.179
1009,0.0,0.1743
1010,0.0,0.1609
1011,0.0,0.1411
1012,0.0,0.1177
1013,0.0,0.094
1014,0.0,0.0723
1015,0.1222,0.0542
1016,0.306,0.0404
1017,0.5084,0.0306
1018,0.6285,0.0242
1019,0.6668,0.0207
1020,0.6786,0.0196
1021,0.6717,0.0207
1022,0.666,0.0242
1023,0.5016,0.0306
1024,0.3272,0.0404
1025,0.1218,0.0542
1026,0.0,0.0723
1027,0.0,0.094
1028,0.0,0.1177
1029,0.0,0.1411
1030,0.0,0.1609
1031,0.0,0.1743
1032,0.0,0.179
1033,0.0,0.1743
1034,0.0,0.1609
1035,0.0,0.1411
1036,0.0,0.1177
1037,0.0,0.094
1038,0.0,0.0723
1039,0.1174,0.0542
1040,0.3421,0.0404
1041,0.5155,0.0306
1042,0.664,0.0242
1043,0.6124,0.0207
1044,0.6212,0.0196
1045,0.6678,0.0207
1046,0.6194,0.0242
1047,0.4827,0.0306
1048,0.3481,0.0404
1049,0.1189,0.0542
1050,0.0,0.0723
1051,0.0,0.094
1052,0.0,0.1177
1053,0.0,0.1411
1054,0.0,0.1609
1055,0.0,0.1743
1056,0.0,0.179
1057,0.0,0.1743
1058,0.0,0.1609
1059,0.0,0.1411
1060,0.0,0.1177
1061,0.0,0.094
1062,0.0,0.0723
1063,0.1264,0.0542
1064,0.316,0.0404
1065,0.5031,0.0306
1066,0.6616,0.0242
1067,0.6123,0.0207
1068,0.593,0.0196
1069,0.6095,0.0207
1070,0.6327,0.0242
1071,0.465,0.0306
1072,0.3193,0.0404
1073,0.1178,0.0542
1074,0.0,0.0723
1075,0.0,0.094
1076,0.0,0.1177
1077,0.0,0.1411
1078,0.0,0.1609
1079,0.0,0.1743
1080,0.0,0.179
1081,0.0,0.1743
1082,0.0,0.1609
1083,0.0,0.1411
1084,0.0,0.1177
1085,0.0,0.094
1086,0.0,0.0723
1087,0.1244,0.0542
1088,0.3383,0.0404
1089,0.534,0.0306
1090,0.6528,0.0242
1091,0.5979,0.0207
1092,0.6279,0.0196
1093,0.6218,0.0207
1094,0.6358,0.0242
1095,0.4928,0.0306
1096,0.3284,0.0404
1097,0.1221,0.0542
1098,0.0,0.0723
1099,0.0,0.094
1100,0.0,0.1177
1101,0.0,0.1411
1102,0.0,0.1609
1103,0.0,0.1743
1104,0.0,0.179
1105,0.0,0.1743
1106,0.0,0.1609
1107,0.0,0.1411
1108,0.0,0.1177
1109,0.0,0.094
1110,0.0,0.0723
1111,0.132,0.0542
1112,0.3346,0.0404
1113,0.478,0.0306
1114,0.6041,0.0242
1115,0.6313,0.0207
1116,0.6514,0.0196
1117,0.642,0.0207
1118,0.6046,0.0242
1119,0.4665,0.0306
1120,0.346,0.0404
1121,0.1195,0.0542
1122,0.0,0.0723
1123,0.0,0.094
1124,0.0,0.1177
1125,0.0,0.1411
1126,0.0,0.1609
1127,0.0,0.1743
1128,0.0,0.179
1129,0.0,0.1743
1130,0.0,0.1609
1131,0.0,0.1411
1132,0.0,0.1177
1133,0.0,0.094
1134,0.0,0.0723
1135,0.1345,0.0542
1136,0.3285,0.0404
1137,0.4687,0.0306
1138,0.646,0.0242
1139,0.5906,0.0207
1140,0.6183,0.0196
1141,0.658,0.0207
1142,0.6007,0.0242
1143,0.4944,0.0306
1144,0.3366,0.0404
1145,0.1204,0.0542
1146,0.0,0.0723
1147,0.0,0.094
1148,0.0,0.1177
1149,0.0,0.1411
1150,0.0,0.1609
1151,0.0,0.1743
1152,0.0,0.179
1153,0.0,0.1743
1154,0.0,0.1609
1155,0.0,0.1411
1156,0.0,0.1177
1157,0.0,0.094
1158,0.0,0.0723
1159,0.1324,0.0542
1160,0.3152,0.0404
1161,0.5285,0.0306
1162,0.6562,0.0242
1163,0.6662,0.0207
1164,0.6649,0.0196
1165,0.6712,0.0207
1166,0.6412,0.0242
1167,0.4964,0.0306
1168,0.3209,0.0404
1169,0.134,0.0542
1170,0.0,0.0723
1171,0.0,0.094
1172,0.0,0.1177
1173,0.0,0.1411
1174,0.0,0.1609
1175,0.0,0.1743
1176,0.0,0.179
1177,0.0,0.1743
1178,0.0,0.1609
1179,0.0,0.1411
1180,0.0,0.1177
1181,0.0,0.094
1182,0.0,0.0723
1183,0.1234,0.0542
1184,0.3249,0.0404
1185,0.516,0.0306
1186,0.6345,0.0242
1187,0.658,0.0207
1188,0.596,0.0196
1189,0.609,0.0207
1190,0.6361,0.0242
1191,0.5113,0.0306
1192,0.3321,0.0404
1193,0.1282,0.0542
1194,0.0,0.0723
1195,0.0,0.094
1196,0.0,0.1177
1197,0.0,0.1411
1198,0.0,0.1609
1199,0.0,0.1743
1200,0.0,0.179
1201,0.0,0.1743
1202,0.0,0.1609
1203,0.0,0.1411
1204,0.0,0.1177
1205,0.0,0.094
1206,0.0,0.0723
1207,0.1344,0.0542
1208,0.3416,0.0404
1209,0.5007,0.0306
1210,0.637,0.0242
1211,0.6931,0.0207
1212,0.5964,0.0196
1213,0.69,0.0207
1214,0.6878,0.0242
1215,0.5481,0.0306
1216,0.3217,0.0404
1217,0.1284,0.0542
1218,0.0,0.0723
1219,0.0,0.094
1220,0.0,0.1177
1221,0.0,0.1411
1222,0.0,0.1609
1223,0.0,0.1743
1224,0.0,0.179
1225,0.0,0.1743
1226,0.0,0.1609
1227,0.0,0.1411
1228,0.0,0.1177
1229,0.0,0.094
1230,0.0,0.0723
1231,0.1261,0.0542
1232,0.3077,0.0404
1233,0.5065,0.0306
1234,0.5963,0.0242
1235,0.6169,0.0207
1236,0.6117,0.0196
1237,0.6835,0.0207
1238,0.6819,0.0242
1239,0.4773,0.0306
1240,0.3559,0.0404
1241,0.1243,0.0542
1242,0.0,0.0723
1243,0.0,0.094
1244,0.0,0.1177
1245,0.0,0.1411
1246,0.0,0.1609
1247,0.0,0.1743
1248,0.0,0.179
1249,0.0,0.1743
1250,0.0,0.1609
1251,0.0,0.1411
1252,0.0,0.1177
1253,0.0,0.094
1254,0.0,0.0723
1255,0.1265,0.0542
1256,0.3502,0.0404
1257,0.4743,0.0306
1258,0.6792,0.0242
1259,0.6367,0.0207
1260,0.6194,0.0196
1261,0.6316,0.0207
1262,0.6089,0.0242
1263,0.5388,0.0306
1264,0.3594,0.0404
1265,0.1429,0.0542
1266,0.0,0.0723
1267,0.0,0.094
1268,0.0,0.1177
1269,0.0,0.1411
1270,0.0,0.1609
1271,0.0,0.1743
1272,0.0,0.179
1273,0.0,0.1743
1274,0.0,0.1609
1275,0.0,0.1411
1276,0.0,0.1177
1277,0.0,0.094
1278,0.0,0.0723
1279,0.1282,0.0542
1280,0.3454,0.0404
1281,0.5133,0.0306
1282,0.6348,0.0242
1283,0.6915,0.0207
1284,0.6633,0.0196
1285,0.6734,0.0207
1286,0.66,0.0242
1287,0.5056,0.0306
1288,0.317,0.0404
1289,0.1416,0.0542
1290,0.0,0.0723
1291,0.0,0.094
1292,0.0,0.1177
1293,0.0,0.1411
1294,0.0,0.1609
1295,0.0,0.1743
1296,0.0,0.179
1297,0.0,0.1743
1298,0.0,0.1609
1299,0.0,0.1411
1300,0.0,0.1177
1301,0.0,0.094
1302,0.0,0.0723
1303,0.1456,0.0542
1304,0.3127,0.0404
1305,0.47,0.0306
1306,0.6657,0.0242
1307,0.6899,0.0207
1308,0.6504,0.0196
1309,0.6052,0.0207
1310,0.6361,0.0242
1311,0.5025,0.0306
1312,0.3298,0.0404
1313,0.1409,0.0542
1314,0.0,0.0723
1315,0.0,0.094
1316,0.0,0.1177
1317,0.0,0.1411
1318,0.0,0.1609
1319,0.0,0.1743
1320,0.0,0.179
1321,0.0,0.1743
1322,0.0,0.1609
1323,0.0,0.1411
1324,0.0,0.1177
1325,0.0,0.094
1326,0.0,0.0723
1327,0.1435,0.0542
1328,0.36,0.0404
1329,0.5002,0.0306
1330,0.6084,0.0242
1331,0.6539,0.0207
1332,0.6798,0.0196
1333,0.6039,0.0207
1334,0.6156,0.0242
1335,0.5187,0.0306
1336,0.3181,0.0404
1337,0.1488,0.0542
1338,0.0,0.0723
1339,0.0,0.094
1340,0.0,0.1177
1341,0.0,0.1411
1342,0.0,0.1609
1343,0.0,0.1743
1344,0.0,0.179
1345,0.0,0.1743
1346,0.0,0.1609
1347,0.0,0.1411
1348,0.0,0.1177
1349,0.0,0.094
1350,0.0,0.0723
1351,0.1501,0.0542
1352,0.3443,0.0404
1353,0.529,0.0306
1354,0.6837,0.0242
1355,0.6573,0.0207
1356,0.6165,0.0196
1357,0.6233,0.0207
1358,0.6721,0.0242
1359,0.5056,0.0306
1360,0.3233,0.0404
1361,0.1552,0.0542
1362,0.0,0.0723
1363,0.0,0.094
1364,0.0,0.1177
1365,0.0,0.1411
1366,0.0,0.1609
1367,0.0,0.1743
1368,0.0,0.179
1369,0.0,0.1743
1370,0.0,0.1609
1371,0.0,0.1411
1372,0.0,0.1177
1373,0.0,0.094
1374,0.0,0.0723
1375,0.1382,0.0542
1376,0.3414,0.0404
1377,0.5336,0.0306
1378,0.6649,0.0242
1379,0.6407,0.0207
1380,0.6367,0.0196
1381,0.677,0.0207
1382,0.625,0.0242
1383,0.5159,0.0306
1384,0.3194,0.0404
1385,0.1542,0.0542
1386,0.0,0.0723
1387,0.0,0.094
1388,0.0,0.1177
1389,0.0,0.1411
1390,0.0,0.1609
1391,0.0,0.1743
1392,0.0,0.179
1393,0.0,0.1743
1394,0.0,0.1609
1395,0.0,0.1411
1396,0.0,0.1177
1397,0.0,0.094
1398,0.0,0.0723
1399,0.1463,0.0542
1400,0.3368,0.0404
1401,0.5098,0.0306
1402,0.6445,0.0242
1403,0.6749,0.0207
1404,0.6081,0.0196
1405,0.6494,0.0207
1406,0.6762,0.0242
1407,0.5165,0.0306
1408,0.3259,0.0404
1409,0.1474,0.0542
1410,0.0,0.0723
1411,0.0,0.094
1412,0.0,0.1177
1413,0.0,0.1411
1414,0.0,0.1609
1415,0.0,0.1743
1416,0.0,0.179
1417,0.0,0.1743
1418,0.0,0.1609
1419,0.0,0.1411
1420,0.0,0.1177
1421,0.0,0.094
1422,0.0,0.0723
1423,0.1442,0.0542
1424,0.3286,0.0404
1425,0.5389,0.0306
1426,0.678,0.0242
1427,0.6852,0.0207
1428,0.6674,0.0196
1429,0.6279,0.0207
1430,0.6849,0.0242
1431,0.5006,0.0306
1432,0.3672,0.0404
1433,0.1395,0.0542
1434,0.0,0.0723
1435,0.0,0.094
1436,0.0,0.1177
1437,0.0,0.1411
1438,0.0,0.1609
1439,0.0,0.1743
1440,0.0,0.179
1441,0.0,0.1743
1442,0.0,0.1609
1443,0.0,0.1411
1444,0.0,0.1177
1445,0.0,0.094
1446,0.0,0.0723
1447,0.1607,0.0542
1448,0.3366,0.0404
1449,0.5187,0.0306
1450,0.6272,0.0242
1451,0.6691,0.0207
1452,0.6797,0.0196
1453,0.6285,0.0207
1454,0.6168,0.0242
1455,0.5439,0.0306
1456,0.341,0.0404
1457,0.1632,0.0542
1458,0.0,0.0723
1459,0.0,0.094
1460,0.0,0.1177
1461,0.0,0.1411
1462,0.0,0.1609
1463,0.0,0.1743
1464,0.0,0.179
1465,0.0,0.1743
1466,0.0,0.1609
1467,0.0,0.1411
1468,0.0,0.1177
1469,0.0,0.094
1470,0.0,0.0723
1471,0.1654,0.0542
1472,0.3765,0.0404
1473,0.5252,0.0306
1474,0.6766,0.0242
1475,0.5982,0.0207
1476,0.6462,0.0196
1477,0.6729,0.0207
1478,0.6721,0.0242
1479,0.5075,0.0306
1480,0.3515,0.0404
1481,0.1442,0.0542
1482,0.0,0.0723
1483,0.0,0.094
1484,0.0,0.1177
1485,0.0,0.1411
1486,0.0,0.1609
1487,0.0,0.1743
1488,0.0,0.179
1489,0.0,0.1743
1490,0.0,0.1609
1491,0.0,0.1411
1492,0.0,0.1177
1493,0.0,0.094
1494,0.0,0.0723
1495,0.1609,0.0542
1496,0.3322,0.0404
1497,0.496,0.0306
1498,0.6726,0.0242
1499,0.6706,0.0207
1500,0.6341,0.0196
1501,0.6052,0.0207
1502,0.6407,0.0242
1503,0.5044,0.0306
1504,0.3387,0.0404
1505,0.1487,0.0542
1506,0.0,0.0723
1507,0.0,0.094
1508,0.0,0.1177
1509,0.0,0.1411
1510,0.0,0.1609
1511,0.0,0.1743
1512,0.0,0.179
1513,0.0,0.1743
1514,0.0,0.1609
1515,0.0,0.1411
1516,0.0,0.1177
1517,0.0,0.094
1518,0.0,0.0723
1519,0.1559,0.0542
1520,0.3541,0.0404
1521,0.5267,0.0306
1522,0.6334,0.0242
1523,0.5934,0.0207
1524,0.6493,0.0196
1525,0.6642,0.0207
1526,0.6136,0.0242
1527,0.5386,0.0306
1528,0.3307,0.0404
1529,0.1646,0.0542
1530,0.0,0.0723
1531,0.0,0.094
1532,0.0,0.1177
1533,0.0,0.1411
1534,0.0,0.1609
1535,0.0,0.1743
1536,0.0,0.179
1537,0.0,0.1743
1538,0.0,0.1609
1539,0.0,0.1411
1540,0.0,0.1177
1541,0.0,0.094
1542,0.0,0.0723
1543,0.1722,0.0542
1544,0.3414,0.0404
1545,0.4945,0.0306
1546,0.6831,0.0242
1547,0.6432,0.0207
1548,0.6223,0.0196
1549,0.6849,0.0207
1550,0.6796,0.0242
1551,0.5279,0.0306
1552,0.3633,0.0404
1553,0.1571,0.0542
1554,0.0,0.0723
1555,0.0,0.094
1556,0.0,0.1177
1557,0.0,0.1411
1558,0.0,0.1609
1559,0.0,0.1743
1560,0.0,0.179
1561,0.0,0.1743
1562,0.0,0.1609
1563,0.0,0.1411
1564,0.0,0.1177
1565,0.0,0.094
1566,0.0,0.0723
1567,0.173,0.0542
1568,0.3688,0.0404
1569,0.5491,0.0306
1570,0.6556,0.0242
1571,0.6131,0.0207
1572,0.6135,0.0196
1573,0.6542,0.0207
1574,0.631,0.0242
1575,0.5338,0.0306
1576,0.3619,0.0404
1577,0.1688,0.0542
1578,0.0,0.0723
1579,0.0,0.094
1580,0.0,0.1177
1581,0.0,0.1411
1582,0.0,0.1609
1583,0.0,0.1743
1584,0.0,0.179
1585,0.0,0.1743
1586,0.0,0.1609
1587,0.0,0.1411
1588,0.0,0.1177
1589,0.0,0.094
1590,0.0,0.0723
1591,0.1655,0.0542
1592,0.3861,0.0404
1593,0.5502,0.0306
1594,0.6922,0.0242
1595,0.649,0.0207
1596,0.6853,0.0196
1597,0.6542,0.0207
1598,0.6426,0.0242
1599,0.5051,0.0306
1600,0.3492,0.0404
1601,0.1588,0.0542
1602,0.0,0.0723
1603,0.0,0.094
1604,0.0,0.1177
1605,0.0,0.1411
1606,0.0,0.1609
1607,0.0,0.1743
1608,0.0,0.179
1609,0.0,0.1743
1610,0.0,0.1609
1611,0.0,0.1411
1612,0.0,0.1177
1613,0.0,0.094
1614,0.0,0.0723
1615,0.1709,0.0542
1616,0.3487,0.0404
1617,0.5438,0.0306
1618,0.6342,0.0242
1619,0.6905,0.0207
1620,0.6531,0.0196
1621,0.6001,0.0207
1622,0.6053,0.0242
1623,0.5225,0.0306
1624,0.3699,0.0404
1625,0.1574,0.0542
1626,0.0,0.0723
1627,0.0,0.094
1628,0.0,0.1177
1629,0.0,0.1411
1630,0.0,0.1609
1631,0.0,0.1743
1632,0.0,0.179
1633,0.0,0.1743
1634,0.0,0.1609
1635,0.0,0.1411
1636,0.0,0.1177
1637,0.0,0.094
1638,0.0,0.0723
1639,0.1661,0.0542
1640,0.3781,0.0404
1641,0.5059,0.0306
1642,0.5986,0.0242
1643,0.6015,0.0207
1644,0.6389,0.0196
1645,0.5934,0.0207
1646,0.6689,0.0242
1647,0.4865,0.0306
1648,0.3815,0.0404
1649,0.1668,0.0542
1650,0.0,0.0723
1651,0.0,0.094
1652,0.0,0.1177
1653,0.0,0.1411
1654,0.0,0.1609
1655,0.0,0.1743
1656,0.0,0.179
1657,0.0,0.1743
1658,0.0,0.1609
1659,0.0,0.1411
1660,0.0,0.1177
1661,0.0,0.094
1662,0.0,0.0723
1663,0.1606,0.0542
1664,0.3774,0.0404
1665,0.5368,0.0306
1666,0.621,0.0242
1667,0.6556,0.0207
1668,0.6897,0.0196
1669,0.6591,0.0207
1670,0.6042,0.0242
1671,0.5165,0.0306
1672,0.3381,0.0404
1673,0.1774,0.0542
1674,0.0,0.0723
1675,0.0,0.094
1676,0.0,0.1177
1677,0.0,0.1411
1678,0.0,0.1609
1679,0.0,0.1743
1680,0.0,0.179
1681,0.0,0.1743
1682,0.0,0.1609
1683,0.0,0.1411
1684,0.0,0.1177
1685,0.0,0.094
1686,0.0,0.0723
1687,0.1867,0.0542
1688,0.3722,0.0404
1689,0.5585,0.0306
1690,0.6015,0.0242
1691,0.6791,0.0207
1692,0.6708,0.0196
1693,0.6803,0.0207
1694,0.6286,0.0242
1695,0.5295,0.0306
1696,0.3578,0.0404
1697,0.1643,0.0542
1698,0.0,0.0723
1699,0.0,0.094
1700,0.0,0.1177
1701,0.0,0.1411
1702,0.0,0.1609
1703,0.0,0.1743
1704,0.0,0.179
1705,0.0,0.1743
1706,0.0,0.1609
1707,0.0,0.1411
1708,0.0,0.1177
1709,0.0,0.094
1710,0.0,0.0723
1711,0.1853,0.0542
1712,0.3725,0.0404
1713,0.4951,0.0306
1714,0.6333,0.0242
1715,0.6756,0.0207
1716,0.6657,0.0196
1717,0.6023,0.0207
1718,0.6614,0.0242
1719,0.5604,0.0306
1720,0.3622,0.0404
1721,0.1838,0.0542
1722,0.0,0.0723
1723,0.0,0.094
1724,0.0,0.1177
1725,0.0,0.1411
1726,0.0,0.1609
1727,0.0,0.1743
1728,0.0,0.179
1729,0.0,0.1743
1730,0.0,0.1609
1731,0.0,0.1411
1732,0.0,0.1177
1733,0.0,0.094
1734,0.0,0.0723
1735,0.1769,0.0542
1736,0.3737,0.0404
1737,0.5035,0.0306
1738,0.6132,0.0242
1739,0.6541,0.0207
1740,0.6329,0.0196
1741,0.6292,0.0207
1742,0.6869,0.0242
1743,0.5394,0.0306
1744,0.3464,0.0404
1745,0.1934,0.0542
1746,0.0,0.0723
1747,0.0,0.094
1748,0.0,0.1177
1749,0.0,0.1411
1750,0.0,0.1609
1751,0.0,0.1743
1752,0.0,0.179
1753,0.0,0.1743
1754,0.0,0.1609
1755,0.0,0.1411
1756,0.0,0.1177
1757,0.0,0.094
1758,0.0,0.0723
1759,0.1852,0.0542
1760,0.3962,0.0404
1761,0.4958,0.0306
1762,0.6253,0.0242
1763,0.5967,0.0207
1764,0.6388,0.0196
1765,0.5951,0.0207
1766,0.6286,0.0242
1767,0.5365,0.0306
1768,0.3904,0.0404
1769,0.1829,0.0542
1770,0.0,0.0723
1771,0.0,0.094
1772,0.0,0.1177
1773,0.0,0.1411
1774,0.0,0.1609
1775,0.0,0.1743
1776,0.0,0.179
1777,0.0,0.1743
1778,0.0,0.1609
1779,0.0,0.1411
1780,0.0,0.1177
1781,0.0,0.094
1782,0.0,0.0723
1783,0.1885,0.0542
1784,0.344,0.0404
1785,0.5665,0.0306
1786,0.5902,0.0242
1787,0.688,0.0207
1788,0.6875,0.0196
1789,0.6002,0.0207
1790,0.68,0.0242
1791,0.5194,0.0306
1792,0.3789,0.0404
1793,0.1761,0.0542
1794,0.0,0.0723
1795,0.0,0.094
1796,0.0,0.1177
1797,0.0,0.1411
1798,0.0,0.1609
1799,0.0,0.1743
1800,0.0,0.179
1801,0.0,0.1743
1802,0.0,0.1609
1803,0.0,0.1411
1804,0.0,0.1177
1805,0.0,0.094
1806,0.0,0.0723
1807,0.1959,0.0542
1808,0.3956,0.0404
1809,0.4967,0.0306
1810,0.6671,0.0242
1811,0.6005,0.0207
1812,0.6866,0.0196
1813,0.6739,0.0207
1814,0.6514,0.0242
1815,0.5322,0.0306
1816,0.3921,0.0404
1817,0.1768,0.0542
1818,0.0,0.0723
1819,0.0,0.094
1820,0.0,0.1177
1821,0.0,0.1411
1822,0.0,0.1609
1823,0.0,0.1743
1824,0.0,0.179
1825,0.0,0.1743
1826,0.0,0.1609
1827,0.0,0.1411
1828,0.0,0.1177
1829,0.0,0.094
1830,0.0,0.0723
1831,0.173,0.0542
1832,0.3983,0.0404
1833,0.5337,0.0306
1834,0.6698,0.0242
1835,0.6098,0.0207
1836,0.5976,0.0196
1837,0.6718,0.0207
1838,0.6479,0.0242
1839,0.5471,0.0306
1840,0.3553,0.0404
1841,0.191,0.0542
1842,0.0,0.0723
1843,0.0,0.094
1844,0.0,0.1177
1845,0.0,0.1411
1846,0.0,0.1609
1847,0.0,0.1743
1848,0.0,0.179
1849,0.0,0.1743
1850,0.0,0.1609
1851,0.0,0.1411
1852,0.0,0.1177
1853,0.0,0.094
1854,0.0,0.0723
1855,0.1767,0.0542
1856,0.3619,0.0404
1857,0.5366,0.0306
1858,0.6719,0.0242
1859,0.6885,0.0207
1860,0.6355,0.0196
1861,0.5924,0.0207
1862,0.615,0.0242
1863,0.5013,0.0306
1864,0.3465,0.0404
1865,0.1796,0.0542
1866,0.0,0.0723
1867,0.0,0.094
1868,0.0,0.1177
1869,0.0,0.1411
1870,0.0,0.1609
1871,0.0,0.1743
1872,0.0,0.179
1873,0.0,0.1743
1874,0.0,0.1609
1875,0.0,0.1411
1876,0.0,0.1177
1877,0.0,0.094
1878,0.0,0.0723
1879,0.2069,0.0542
1880,0.3547,0.0404
1881,0.5196,0.0306
1882,0.6907,0.0242
1883,0.5988,0.0207
1884,0.67,0.0196
1885,0.6691,0.0207
1886,0.6478,0.0242
1887,0.5607,0.0306
1888,0.3864,0.0404
1889,0.1981,0.0542
1890,0.0,0.0723
1891,0.0,0.094
1892,0.0,0.1177
1893,0.0,0.1411
1894,0.0,0.1609
1895,0.0,0.1743
1896,0.0,0.179
1897,0.0,0.1743
1898,0.0,0.1609
1899,0.0,0.1411
1900,0.0,0.1177
1901,0.0,0.094
1902,0.0,0.0723
1903,0.196,0.0542
1904,0.3821,0.0404
1905,0.5551,0.0306
1906,0.6303,0.0242
1907,0.6218,0.0207
1908,0.6158,0.0196
1909,0.596,0.0207
1910,0.6917,0.0242
1911,0.5638,0.0306
1912,0.3835,0.0404
1913,0.1993,0.0542
1914,0.0,0.0723
1915,0.0,0.094
1916,0.0,0.1177
1917,0.0,0.1411
1918,0.0,0.1609
1919,0.0,0.1743
1920,0.0,0.179
1921,0.0,0.1743
1922,0.0,0.1609
1923,0.0,0.1411
1924,0.0,0.1177
1925,0.0,0.094
1926,0.0,0.0723
1927,0.2043,0.0542
1928,0.3671,0.0404
1929,0.4969,0.0306
1930,0.6263,0.0242
1931,0.6668,0.0207
1932,0.6464,0.0196
1933,0.6405,0.0207
1934,0.6831,0.0242
1935,0.5226,0.0306
1936,0.3805,0.0404
1937,0.2026,0.0542
1938,0.0,0.0723
1939,0.0,0.094
1940,0.0,0.1177
1941,0.0,0.1411
1942,0.0,0.1609
1943,0.0,0.1743
1944,0.0,0.179
1945,0.0,0.1743
1946,0.0,0.1609
1947,0.0,0.1411
1948,0.0,0.1177
1949,0.0,0.094
1950,0.0027,0.0723
1951,0.2055,0.0542
1952,0.3642,0.0404
1953,0.5053,0.0306
1954,0.5957,0.0242
1955,0.6039,0.0207
1956,0.657,0.0196
1957,0.6381,0.0207
1958,0.65,0.0242
1959,0.5188,0.0306
1960,0.3812,0.0404
1961,0.1954,0.0542
1962,0.0024,0.0723
1963,0.0,0.094
1964,0.0,0.1177
1965,0.0,0.1411
1966,0.0,0.1609
1967,0.0,0.1743
1968,0.0,0.179
1969,0.0,0.1743
1970,0.0,0.1609
1971,0.0,0.1411
1972,0.0,0.1177
1973,0.0,0.094
1974,0.0047,0.0723
1975,0.2097,0.0542
1976,0.3838,0.0404
1977,0.5617,0.0306
1978,0.6168,0.0242
1979,0.6871,0.0207
1980,0.6583,0.0196
1981,0.6455,0.0207
1982,0.656,0.0242
1983,0.579,0.0306
1984,0.3931,0.0404
1985,0.1927,0.0542
1986,0.0052,0.0723
1987,0.0,0.094
1988,0.0,0.1177
1989,0.0,0.1411
1990,0.0,0.1609
1991,0.0,0.1743
1992,0.0,0.179
1993,0.0,0.1743
1994,0.0,0.1609
1995,0.0,0.1411
1996,0.0,0.1177
1997,0.0,0.094
1998,0.0075,0.0723
1999,0.2081,0.0542
2000,0.3716,0.0404
2001,0.5435,0.0306
2002,0.673,0.0242
2003,0.6469,0.0207
2004,0.5922,0.0196
2005,0.6858,0.0207
2006,0.6051,0.0242
2007,0.4959,0.0306
2008,0.4036,0.0404
2009,0.1882,0.0542
2010,0.0075,0.0723
2011,0.0,0.094
2012,0.0,0.1177
2013,0.0,0.1411
2014,0.0,0.1609
2015,0.0,0.1743
2016,0.0,0.179
2017,0.0,0.1743
2018,0.0,0.1609
2019,0.0,0.1411
2020,0.0,0.1177
2021,0.0,0.094
2022,0.0102,0.0723
2023,0.214,0.0542
2024,0.3733,0.0404
2025,0.5592,0.0306
2026,0.5991,0.0242
2027,0.5917,0.0207
2028,0.6268,0.0196
2029,0.6339,0.0207
2030,0.6567,0.0242
2031,0.5149,0.0306
2032,0.3666,0.0404
2033,0.2118,0.0542
2034,0.0094,0.0723
2035,0.0,0.094
2036,0.0,0.1177
2037,0.0,0.1411
2038,0.0,0.1609
2039,0.0,0.1743
2040,0.0,0.179
2041,0.0,0.1743
2042,0.0,0.1609
2043,0.0,0.1411
2044,0.0,0.1177
2045,0.0,0.094
2046,0.0122,0.0723
2047,0.1924,0.0542
2048,0.3851,0.0404
2049,0.521,0.0306
2050,0.6356,0.0242
2051,0.6332,0.0207
2052,0.621,0.0196
2053,0.6738,0.0207
2054,0.6248,0.0242
2055,0.5525,0.0306
2056,0.3763,0.0404
2057,0.2023,0.0542
2058,0.0117,0.0723
2059,0.0,0.094
2060,0.0,0.1177
2061,0.0,0.1411
2062,0.0,0.1609
2063,0.0,0.1743
2064,0.0,0.179
2065,0.0,0.1743
2066,0.0,0.1609
2067,0.0,0.1411
2068,0.0,0.1177
2069,0.0,0.094
2070,0.014,0.0723
2071,0.2204,0.0542
2072,0.3911,0.0404
2073,0.572,0.0306
2074,0.6527,0.0242
2075,0.6081,0.0207
2076,0.6656,0.0196
2077,0.5979,0.0207
2078,0.6618,0.0242
2079,0.5319,0.0306
2080,0.4075,0.0404
2081,0.1944,0.0542
2082,0.0139,0.0723
2083,0.0,0.094
2084,0.0,0.1177
2085,0.0,0.1411
2086,0.0,0.1609
2087,0.0,0.1743
2088,0.0,0.179
2089,0.0,0.1743
2090,0.0,0.1609
2091,0.0,0.1411
2092,0.0,0.1177
2093,0.0,0.094
2094,0.0165,0.0723
2095,0.2186,0.0542
2096,0.363,0.0404
2097,0.5717,0.0306
2098,0.6011,0.0242
2099,0.5923,0.0207
2100,0.6685,0.0196
2101,0.6233,0.0207
2102,0.6942,0.0242
2103,0.5228,0.0306
2104,0.4174,0.0404
2105,0.2029,0.0542
2106,0.0186,0.0723
2107,0.0,0.094
2108,0.0,0.1177
2109,0.0,0.1411
2110,0.0,0.1609
2111,0.0,0.1743
2112,0.0,0.179
2113,0.0,0.1743
2114,0.0,0.1609
2115,0.0,0.1411
2116,0.0,0.1177
2117,0.0,0.094
2118,0.0207,0.0723
2119,0.2206,0.0542
2120,0.4022,0.0404
2121,0.5353,0.0306
2122,0.6133,0.0242
2123,0.6725,0.0207
2124,0.6928,0.0196
2125,0.5925,0.0207
2126,0.5985,0.0242
2127,0.5442,0.0306
2128,0.3627,0.0404
2129,0.2109,0.0542
2130,0.0194,0.0723
2131,0.0,0.094
2132,0.0,0.1177
2133,0.0,0.1411
2134,0.0,0.1609
2135,0.0,0.1743
2136,0.0,0.179
2137,0.0,0.1743
2138,0.0,0.1609
2139,0.0,0.1411
2140,0.0,0.1177
2141,0.0,0.094
2142,0.0242,0.0723
2143,0.2182,0.0542
2144,0.4008,0.0404
2145,0.5387,0.0306
2146,0.6514,0.0242
2147,0.6482,0.0207
2148,0.6708,0.0196
2149,0.6233,0.0207
2150,0.5981,0.0242
2151,0.5504,0.0306
2152,0.3638,0.0404
2153,0.2204,0.0542
2154,0.0221,0.0723
2155,0.0,0.094
2156,0.0,0.1177
2157,0.0,0.1411
2158,0.0,0.1609
2159,0.0,0.1743
2160,0.0,0.179
2161,0.0,0.1743
2162,0.0,0.1609
2163,0.0,0.1411
2164,0.0,0.1177
2165,0.0,0.094
2166,0.0256,0.0723
2167,0.2072,0.0542
2168,0.3965,0.0404
2169,0.5408,0.0306
2170,0.6222,0.0242
2171,0.6841,0.0207
2172,0.6114,0.0196
2173,0.6044,0.0207
2174,0.6267,0.0242
2175,0.5782,0.0306
2176,0.3838,0.0404
2177,0.2111,0.0542
2178,0.0241,0.0723
2179,0.0,0.094
2180,0.0,0.1177
2181,0.0,0.1411
2182,0.0,0.1609
2183,0.0,0.1743
2184,0.0,0.179
2185,0.0,0.1743
2186,0.0,0.1609
2187,0.0,0.1411
2188,0.0,0.1177
2189,0.0,0.094
2190,0.0291,0.0723
2191,0.2081,0.0542
2192,0.3877,0.0404
2193,0.5324,0.0306
2194,0.6045,0.0242
2195,0.6032,0.0207
2196,0.6407,0.0196
2197,0.6784,0.0207
2198,0.6328,0.0242
2199,0.5375,0.0306
2200,0.4147,0.0404
2201,0.2198,0.0542
2202,0.0284,0.0723
2203,0.0,0.094
2204,0.0,0.1177
2205,0.0,0.1411
2206,0.0,0.1609
2207,0.0,0.1743
2208,0.0,0.179
2209,0.0,0.1743
2210,0.0,0.1609
2211,0.0,0.1411
2212,0.0,0.1177
2213,0.0,0.094
2214,0.0285,0.0723
2215,0.2143,0.0542
2216,0.3746,0.0404
2217,0.5425,0.0306
2218,0.615,0.0242
2219,0.6113,0.0207
2220,0.6244,0.0196
2221,0.6275,0.0207
2222,0.6145,0.0242
2223,0.5054,0.0306
2224,0.3843,0.0404
2225,0.2026,0.0542
2226,0.0284,0.0723
2227,0.0,0.094
2228,0.0,0.1177
2229,0.0,0.1411
2230,0.0,0.1609
2231,0.0,0.1743
2232,0.0,0.179
2233,0.0,0.1743
2234,0.0,0.1609
2235,0.0,0.1411
2236,0.0,0.1177
2237,0.0,0.094
2238,0.0295,0.0723
2239,0.2205,0.0542
2240,0.4224,0.0404
2241,0.5878,0.0306
2242,0.6223,0.0242
2243,0.6503,0.0207
2244,0.6514,0.0196
2245,0.6368,0.0207
2246,0.685,0.0242
2247,0.5904,0.0306
2248,0.3922,0.0404
2249,0.2271,0.0542
2250,0.0307,0.0723
2251,0.0,0.094
2252,0.0,0.1177
2253,0.0,0.1411
2254,0.0,0.1609
2255,0.0,0.1743
2256,0.0,0.179
2257,0.0,0.1743
2258,0.0,0.1609
2259,0.0,0.1411
2260,0.0,0.1177
2261,0.0,0.094
2262,0.0332,0.0723
2263,0.2389,0.0542
2264,0.4086,0.0404
2265,0.5629,0.0306
2266,0.6071,0.0242
2267,0.6738,0.0207
2268,0.5941,0.0196
2269,0.6573,0.0207
2270,0.615,0.0242
2271,0.5782,0.0306
2272,0.4273,0.0404
2273,0.2129,0.0542
2274,0.0366,0.0723
2275,0.0,0.094
2276,0.0,0.1177
2277,0.0,0.1411
2278,0.0,0.1609
2279,0.0,0.1743
2280,0.0,0.179
2281,0.0,0.1743
2282,0.0,0.1609
2283,0.0,0.1411
2284,0.0,0.1177
2285,0.0,0.094
2286,0.0398,0.0723
2287,0.2244,0.0542
2288,0.3899,0.0404
2289,0.5906,0.0306
2290,0.5984,0.0242
2291,0.6628,0.0207
2292,0.6725,0.0196
2293,0.5986,0.0207
2294,0.6604,0.0242
2295,0.5716,0.0306
2296,0.4019,0.0404
2297,0.2319,0.0542
2298,0.0345,0.0723
2299,0.0,0.094
2300,0.0,0.1177
2301,0.0,0.1411
2302,0.0,0.1609
2303,0.0,0.1743
2304,0.0,0.179
2305,0.0,0.1743
2306,0.0,0.1609
2307,0.0,0.1411
2308,0.0,0.1177
2309,0.0,0.094
2310,0.0416,0.0723
2311,0.2177,0.0542
2312,0.3963,0.0404
2313,0.5923,0.0306
2314,0.6585,0.0242
2315,0.6765,0.0207
2316,0.6689,0.0196
2317,0.6191,0.0207
2318,0.644,0.0242
2319,0.5759,0.0306
2320,0.3721,0.0404
2321,0.2435,0.0542
2322,0.0406,0.0723
2323,0.0,0.094
2324,0.0,0.1177
2325,0.0,0.1411
2326,0.0,0.1609
2327,0.0,0.1743
2328,0.0,0.179
2329,0.0,0.1743
2330,0.0,0.1609
2331,0.0,0.1411
2332,0.0,0.1177
2333,0.0,0.094
2334,0.042,0.0723
2335,0.2176,0.0542
2336,0.384,0.0404
2337,0.5346,0.0306
2338,0.6652,0.0242
2339,0.6608,0.0207
2340,0.6439,0.0196
2341,0.599,0.0207
2342,0.6434,0.0242
2343,0.5475,0.0306
2344,0.3975,0.0404
2345,0.2465,0.0542
2346,0.0384,0.0723
2347,0.0,0.094
2348,0.0,0.1177
2349,0.0,0.1411
2350,0.0,0.1609
2351,0.0,0.1743
2352,0.0,0.179
2353,0.0,0.1743
2354,0.0,0.1609
2355,0.0,0.1411
2356,0.0,0.1177
2357,0.0,0.094
2358,0.0448,0.0723
2359,0.2218,0.0542
2360,0.4111,0.0404
2361,0.5101,0.0306
2362,0.6173,0.0242
2363,0.5941,0.0207
2364,0.6512,0.0196
2365,0.5905,0.0207
2366,0.6412,0.0242
2367,0.5315,0.0306
2368,0.4302,0.0404
2369,0.2389,0.0542
2370,0.041,0.0723
2371,0.0,0.094
2372,0.0,0.1177
2373,0.0,0.1411
2374,0.0,0.1609
2375,0.0,0.1743
2376,0.0,0.179
2377,0.0,0.1743
2378,0.0,0.1609
2379,0.0,0.1411
2380,0.0,0.1177
2381,0.0,0.094
2382,0.0476,0.0723
2383,0.2224,0.0542
2384,0.4232,0.0404
2385,0.5497,0.0306
2386,0.5985,0.0242
2387,0.6054,0.0207
2388,0.6112,0.0196
2389,0.6084,0.0207
2390,0.6791,0.0242
2391,0.526,0.0306
2392,0.4376,0.0404
2393,0.2331,0.0542
2394,0.0486,0.0723
2395,0.0,0.094
2396,0.0,0.1177
2397,0.0,0.1411
2398,0.0,0.1609
2399,0.0,0.1743
2400,0.0,0.179
2401,0.0,0.1743
2402,0.0,0.1609
2403,0.0,0.1411
2404,0.0,0.1177
2405,0.0,0.094
2406,0.0497,0.0723
2407,0.241,0.0542
2408,0.3987,0.0404
2409,0.5138,0.0306
2410,0.6004,0.0242
2411,0.6216,0.0207
2412,0.6179,0.0196
2413,0.6917,0.0207
2414,0.658,0.0242
2415,0.5273,0.0306
2416,0.4144,0.0404
2417,0.2289,0.0542
2418,0.0454,0.0723
2419,0.0,0.094
2420,0.0,0.1177
2421,0.0,0.1411
2422,0.0,0.1609
2423,0.0,0.1743
2424,0.0,0.179
2425,0.0,0.1743
2426,0.0,0.1609
2427,0.0,0.1411
2428,0.0,0.1177
2429,0.0,0.094
2430,0.053,0.0723
2431,0.2535,0.0542
2432,0.3836,0.0404
2433,0.564,0.0306
2434,0.604,0.0242
2435,0.6635,0.0207
2436,0.6888,0.0196
2437,0.6379,0.0207
2438,0.6654,0.0242
2439,0.5358,0.0306
2440,0.4141,0.0404
2441,0.2338,0.0542
2442,0.0489,0.0723
2443,0.0,0.094
2444,0.0,0.1177
2445,0.0,0.1411
2446,0.0,0.1609
2447,0.0,0.1743
2448,0.0,0.179
2449,0.0,0.1743
2450,0.0,0.1609
2451,0.0,0.1411
2452,0.0,0.1177
2453,0.0,0.094
2454,0.0566,0.0723
2455,0.2235,0.0542
2456,0.4313,0.0404
2457,0.521,0.0306
2458,0.6551,0.0242
2459,0.6887,0.0207
2460,0.6788,0.0196
2461,0.6176,0.0207
2462,0.6827,0.0242
2463,0.5822,0.0306
2464,0.379,0.0404
2465,0.2342,0.0542
2466,0.0549,0.0723
2467,0.0,0.094
2468,0.0,0.1177
2469,0.0,0.1411
2470,0.0,0.1609
2471,0.0,0.1743
2472,0.0,0.179
2473,0.0,0.1743
2474,0.0,0.1609
2475,0.0,0.1411
2476,0.0,0.1177
2477,0.0,0.094
2478,0.0547,0.0723
2479,0.2208,0.0542
2480,0.4124,0.0404
2481,0.5596,0.0306
2482,0.6452,0.0242
2483,0.6222,0.0207
2484,0.6036,0.0196
2485,0.6342,0.0207
2486,0.6901,0.0242
2487,0.5422,0.0306
2488,0.4071,0.0404
2489,0.238,0.0542
2490,0.0556,0.0723
2491,0.0,0.094
2492,0.0,0.1177
2493,0.0,0.1411
2494,0.0,0.1609
2495,0.0,0.1743
2496,0.0,0.179
2497,0.0,0.1743
2498,0.0,0.1609
2499,0.0,0.1411
2500,0.0,0.1177
2501,0.0,0.094
2502,0.0607,0.0723
2503,0.2441,0.0542
2504,0.3909,0.0404
2505,0.5322,0.0306
2506,0.6243,0.0242
2507,0.6082,0.0207
2508,0.6687,0.0196
2509,0.6412,0.0207
2510,0.6362,0.0242
2511,0.5184,0.0306
2512,0.4209,0.0404
2513,0.248,0.0542
2514,0.061,0.0723
2515,0.0,0.094
2516,0.0,0.1177
2517,0.0,0.1411
2518,0.0,0.1609
2519,0.0,0.1743
2520,0.0,0.179
2521,0.0,0.1743
2522,0.0,0.1609
2523,0.0,0.1411
2524,0.0,0.1177
2525,0.0,0.094
2526,0.0563,0.0723
2527,0.2469,0.0542
2528,0.4311,0.0404
2529,0.5798,0.0306
2530,0.6162,0.0242
2531,0.6421,0.0207
2532,0.6734,0.0196
2533,0.6326,0.0207
2534,0.6349,0.0242
2535,0.5233,0.0306
2536,0.4452,0.0404
2537,0.2627,0.0542
2538,0.06,0.0723
2539,0.0,0.094
2540,0.0,0.1177
2541,0.0,0.1411
2542,0.0,0.1609
2543,0.0,0.1743
2544,0.0,0.179
2545,0.0,0.1743
2546,0.0,0.1609
2547,0.0,0.1411
2548,0.0,0.1177
2549,0.0,0.094
2550,0.0579,0.0723
2551,0.2304,0.0542
2552,0.4311,0.0404
2553,0.5783,0.0306
2554,0.6464,0.0242
2555,0.642,0.0207
2556,0.5924,0.0196
2557,0.6693,0.0207
2558,0.6369,0.0242
2559,0.5565,0.0306
2560,0.4152,0.0404
2561,0.2274,0.0542
2562,0.0577,0.0723
2563,0.0,0.094
2564,0.0,0.1177
2565,0.0,0.1411
2566,0.0,0.1609
2567,0.0,0.1743
2568,0.0,0.179
2569,0.0,0.1743
2570,0.0,0.1609
2571,0.0,0.1411
2572,0.0,0.1177
2573,0.0,0.094
2574,0.0651,0.0723
2575,0.2594,0.0542
2576,0.4064,0.0404
2577,0.5592,0.0306
2578,0.6739,0.0242
2579,0.6798,0.0207
2580,0.6325,0.0196
2581,0.6582,0.0207
2582,0.6767,0.0242
2583,0.5611,0.0306
2584,0.4372,0.0404
2585,0.2438,0.0542
2586,0.0581,0.0723
2587,0.0,0.094
2588,0.0,0.1177
2589,0.0,0.1411
2590,0.0,0.1609
2591,0.0,0.1743
2592,0.0,0.179
2593,0.0,0.1743
2594,0.0,0.1609
2595,0.0,0.1411
2596,0.0,0.1177
2597,0.0,0.094
2598,0.0598,0.0723
2599,0.2588,0.0542
2600,0.4133,0.0404
2601,0.5654,0.0306
2602,0.6921,0.0242
2603,0.6629,0.0207
2604,0.6392,0.0196
2605,0.616,0.0207
2606,0.6501,0.0242
2607,0.5276,0.0306
2608,0.4187,0.0404
2609,0.2359,0.0542
2610,0.0633,0.0723
2611,0.0,0.094
2612,0.0,0.1177
2613,0.0,0.1411
2614,0.0,0.1609
2615,0.0,0.1743
2616,0.0,0.179
2617,0.0,0.1743
2618,0.0,0.1609
2619,0.0,0.1411
2620,0.0,0.1177
2621,0.0,0.094
2622,0.0667,0.0723
2623,0.2623,0.0542
2624,0.3851,0.0404
2625,0.5707,0.0306
2626,0.6492,0.0242
2627,0.5977,0.0207
2628,0.6616,0.0196
2629,0.6286,0.0207
2630,0.6147,0.0242
2631,0.5404,0.0306
2632,0.3961,0.0404
2633,0.234,0.0542
2634,0.0701,0.0723
2635,0.0,0.094
2636,0.0,0.1177
2637,0.0,0.1411
2638,0.0,0.1609
2639,0.0,0.1743
2640,0.0,0.179
2641,0.0,0.1743
2642,0.0,0.1609
2643,0.0,0.1411
2644,0.0,0.1177
2645,0.0,0.094
2646,0.0689,0.0723
2647,0.2592,0.0542
2648,0.4177,0.0404
2649,0.532,0.0306
2650,0.6392,0.0242
2651,0.6509,0.0207
2652,0.648,0.0196
2653,0.5933,0.0207
2654,0.6907,0.0242
2655,0.5604,0.0306
2656,0.4402,0.0404
2657,0.2636,0.0542
2658,0.0669,0.0723
2659,0.0,0.094
2660,0.0,0.1177
2661,0.0,0.1411
2662,0.0,0.1609
2663,0.0,0.1743
2664,0.0,0.179
2665,0.0,0.1743
2666,0.0,0.1609
2667,0.0,0.1411
2668,0.0,0.1177
2669,0.0,0.094
2670,0.0701,0.0723
2671,0.2603,0.0542
2672,0.397,0.0404
2673,0.5821,0.0306
2674,0.6188,0.0242
2675,0.6022,0.0207
2676,0.5949,0.0196
2677,0.6829,0.0207
2678,0.6222,0.0242
2679,0.5762,0.0306
2680,0.4157,0.0404
2681,0.2361,0.0542
2682,0.0751,0.0723
2683,0.0,0.094
2684,0.0,0.1177
2685,0.0,0.1411
2686,0.0,0.1609
2687,0.0,0.1743
2688,0.0,0.179
2689,0.0,0.1743
2690,0.0,0.1609
2691,0.0,0.1411
2692,0.0,0.1177
2693,0.0,0.094
2694,0.0776,0.0723
2695,0.2743,0.0542
2696,0.4307,0.0404
2697,0.5625,0.0306
2698,0.6335,0.0242
2699,0.6282,0.0207
2700,0.6246,0.0196
2701,0.6451,0.0207
2702,0.6089,0.0242
2703,0.5683,0.0306
2704,0.398,0.0404
2705,0.2655,0.0542
2706,0.0678,0.0723
2707,0.0,0.094
2708,0.0,0.1177
2709,0.0,0.1411
2710,0.0,0.1609
2711,0.0,0.1743
2712,0.0,0.179
2713,0.0,0.1743
2714,0.0,0.1609
2715,0.0,0.1411
2716,0.0,0.1177
2717,0.0,0.094
2718,0.0736,0.0723
2719,0.2629,0.0542
2720,0.4156,0.0404
2721,0.5812,0.0306
2722,0.6742,0.0242
2723,0.6833,0.0207
2724,0.6348,0.0196
2725,0.6361,0.0207
2726,0.6834,0.0242
2727,0.6068,0.0306
2728,0.4033,0.0404
2729,0.2737,0.0542
2730,0.0733,0.0723
2731,0.0,0.094
2732,0.0,0.1177
2733,0.0,0.1411
2734,0.0,0.1609
2735,0.0,0.1743
2736,0.0,0.179
2737,0.0,0.1743
2738,0.0,0.1609
2739,0.0,0.1411
2740,0.0,0.1177
2741,0.0,0.094
2742,0.0777,0.0723
2743,0.2714,0.0542
2744,0.3896,0.0404
2745,0.5291,0.0306
2746,0.5978,0.0242
2747,0.6071,0.0207
2748,0.693,0.0196
2749,0.6268,0.0207
2750,0.6432,0.0242
2751,0.5263,0.0306
2752,0.3993,0.0404
2753,0.2774,0.0542
2754,0.0753,0.0723
2755,0.0,0.094
2756,0.0,0.1177
2757,0.0,0.1411
2758,0.0,0.1609
2759,0.0,0.1743
2760,0.0,0.179
2761,0.0,0.1743
2762,0.0,0.1609
2763,0.0,0.1411
2764,0.0,0.1177
2765,0.0,0.094
2766,0.0751,0.0723
2767,0.2526,0.0542
2768,0.4001,0.0404
2769,0.5634,0.0306
2770,0.6086,0.0242
2771,0.6468,0.0207
2772,0.6206,0.0196
2773,0.6303,0.0207
2774,0.6274,0.0242
2775,0.5619,0.0306
2776,0.429,0.0404
2777,0.2577,0.0542
2778,0.0796,0.0723
2779,0.0,0.094
2780,0.0,0.1177
2781,0.0,0.1411
2782,0.0,0.1609
2783,0.0,0.1743
2784,0.0,0.179
2785,0.0,0.1743
2786,0.0,0.1609
2787,0.0,0.1411
2788,0.0,0.1177
2789,0.0,0.094
2790,0.0794,0.0723
2791,0.2593,0.0542
2792,0.457,0.0404
2793,0.5871,0.0306
2794,0.6718,0.0242
2795,0.5978,0.0207
2796,0.5909,0.0196
2797,0.6044,0.0207
2798,0.5975,0.0242
2799,0.5189,0.0306
2800,0.3959,0.0404
2801,0.2741,0.0542
2802,0.0854,0.0723
2803,0.0,0.094
2804,0.0,0.1177
2805,0.0,0.1411
2806,0.0,0.1609
2807,0.0,0.1743
2808,0.0,0.179
2809,0.0,0.1743
2810,0.0,0.1609
2811,0.0,0.1411
2812,0.0,0.1177
2813,0.0,0.094
2814,0.0843,0.0723
2815,0.2687,0.0542
2816,0.4105,0.0404
2817,0.5816,0.0306
2818,0.5914,0.0242
2819,0.6259,0.0207
2820,0.6274,0.0196
2821,0.6798,0.0207
2822,0.6827,0.0242
2823,0.5391,0.0306
2824,0.4151,0.0404
2825,0.2661,0.0542
2826,0.0791,0.0723
2827,0.0,0.094
2828,0.0,0.1177
2829,0.0,0.1411
2830,0.0,0.1609
2831,0.0,0.1743
2832,0.0,0.179
2833,0.0,0.1743
2834,0.0,0.1609
2835,0.0,0.1411
2836,0.0,0.1177
2837,0.0,0.094
2838,0.0786,0.0723
2839,0.2756,0.0542
2840,0.3981,0.0404
2841,0.5515,0.0306
2842,0.6908,0.0242
2843,0.6209,0.0207
2844,0.6312,0.0196
2845,0.6,0.0207
2846,0.6542,0.0242
2847,0.6053,0.0306
2848,0.4189,0.0404
2849,0.2456,0.0542
2850,0.0845,0.0723
2851,0.0,0.094
2852,0.0,0.1177
2853,0.0,0.1411
2854,0.0,0.1609
2855,0.0,0.1743
2856,0.0,0.179
2857,0.0,0.1743
2858,0.0,0.1609
2859,0.0,0.1411
2860,0.0,0.1177
2861,0.0,0.094
2862,0.0909,0.0723
2863,0.249,0.0542
2864,0.4609,0.0404
2865,0.5966,0.0306
2866,0.6769,0.0242
2867,0.5912,0.0207
2868,0.6566,0.0196
2869,0.6311,0.0207
2870,0.6611,0.0242
2871,0.5279,0.0306
2872,0.438,0.0404
2873,0.2482,0.0542
2874,0.0827,0.0723
2875,0.0,0.094
2876,0.0,0.1177
2877,0.0,0.1411
2878,0.0,0.1609
2879,0.0,0.1743
2880,0.0,0.179
2881,0.0,0.1743
2882,0.0,0.1609
2883,0.0,0.1411
2884,0.0,0.1177
2885,0.0,0.094
2886,0.0889,0.0723
2887,0.2482,0.0542
2888,0.4072,0.0404
2889,0.5991,0.0306
2890,0.6449,0.0242
2891,0.6461,0.0207
2892,0.6498,0.0196
2893,0.6194,0.0207
2894,0.6549,0.0242
2895,0.5615,0.0306
2896,0.4033,0.0404
2897,0.2722,0.0542
2898,0.0809,0.0723
2899,0.0,0.094
2900,0.0,0.1177
2901,0.0,0.1411
2902,0.0,0.1609
2903,0.0,0.1743
2904,0.0,0.179
2905,0.0,0.1743
2906,0.0,0.1609
2907,0.0,0.1411
2908,0.0,0.1177
2909,0.0,0.094
2910,0.0933,0.0723
2911,0.2662,0.0542
2912,0.4063,0.0404
2913,0.5524,0.0306
2914,0.6602,0.0242
2915,0.6024,0.0207
2916,0.6787,0.0196
2917,0.5954,0.0207
2918,0.6746,0.0242
2919,0.5286,0.0306
2920,0.4126,0.0404
2921,0.254,0.0542
2922,0.0863,0.0723
2923,0.0,0.094
2924,0.0,0.1177
2925,0.0,0.1411
2926,0.0,0.1609
2927,0.0,0.1743
2928,0.0,0.179
2929,0.0,0.1743
2930,0.0,0.1609
2931,0.0,0.1411
2932,0.0,0.1177
2933,0.0,0.094
2934,0.0906,0.0723
2935,0.2539,0.0542
2936,0.4096,0.0404
2937,0.5497,0.0306
2938,0.6243,0.0242
2939,0.6254,0.0207
2940,0.6703,0.0196
2941,0.6407,0.0207
2942,0.6752,0.0242
2943,0.6032,0.0306
2944,0.4083,0.0404
2945,0.2827,0.0542
2946,0.0948,0.0723
2947,0.0,0.094
2948,0.0,0.1177
2949,0.0,0.1411
2950,0.0,0.1609
2951,0.0,0.1743
2952,0.0,0.179
2953,0.0,0.1743
2954,0.0,0.1609
2955,0.0,0.1411
2956,0.0,0.1177
2957,0.0,0.094
2958,0.0887,0.0723
2959,0.2524,0.0542
2960,0.3994,0.0404
2961,0.5641,0.0306
2962,0.6717,0.0242
2963,0.6749,0.0207
2964,0.6535,0.0196
2965,0.6015,0.0207
2966,0.6198,0.0242
2967,0.5296,0.0306
2968,0.458,0.0404
2969,0.2717,0.0542
2970,0.0851,0.0723
2971,0.0,0.094
2972,0.0,0.1177
2973,0.0,0.1411
2974,0.0,0.1609
2975,0.0,0.1743
2976,0.0,0.179
2977,0.0,0.1743
2978,0.0,0.1609
2979,0.0,0.1411
2980,0.0,0.1177
2981,0.0,0.094
2982,0.0875,0.0723
2983,0.2799,0.0542
2984,0.4211,0.0404
2985,0.5324,0.0306
2986,0.6468,0.0242
2987,0.6165,0.0207
2988,0.6906,0.0196
2989,0.625,0.0207
2990,0.6208,0.0242
2991,0.5701,0.0306
2992,0.4585,0.0404
2993,0.2826,0.0542
2994,0.0951,0.0723
2995,0.0,0.094
2996,0.0,0.1177
2997,0.0,0.1411
2998,0.0,0.1609
2999,0.0,0.1743
3000,0.0,0.179
3001,0.0,0.1743
3002,0.0,0.1609
3003,0.0,0.1411
3004,0.0,0.1177
3005,0.0,0.094
3006,0.0881,0.0723
3007,0.2527,0.0542
3008,0.443,0.0404
3009,0.5927,0.0306
3010,0.6369,0.0242
3011,0.6482,0.0207
3012,0.6122,0.0196
3013,0.5996,0.0207
3014,0.6329,0.0242
3015,0.5721,0.0306
3016,0.418,0.0404
3017,0.2661,0.0542
3018,0.0933,0.0723
3019,0.0,0.094
3020,0.0,0.1177
3021,0.0,0.1411
3022,0.0,0.1609
3023,0.0,0.1743
3024,0.0,0.179
3025,0.0,0.1743
3026,0.0,0.1609
3027,0.0,0.1411
3028,0.0,0.1177
3029,0.0,0.094
3030,0.0981,0.0723
3031,0.2519,0.0542
3032,0.4646,0.0404
3033,0.5497,0.0306
3034,0.6301,0.0242
3035,0.5963,0.0207
3036,0.6628,0.0196
3037,0.6856,0.0207
3038,0.6919,0.0242
3039,0.56,0.0306
3040,0.4314,0.0404
3041,0.2819,0.0542
3042,0.1021,0.0723
3043,0.0,0.094
3044,0.0,0.1177
3045,0.0,0.1411
3046,0.0,0.1609
3047,0.0,0.1743
3048,0.0,0.179
3049,0.0,0.1743
3050,0.0,0.1609
3051,0.0,0.1411
3052,0.0,0.1177
3053,0.0,0.094
3054,0.0952,0.0723
3055,0.2851,0.0542
3056,0.4093,0.0404
3057,0.5591,0.0306
3058,0.6378,0.0242
3059,0.6539,0.0207
3060,0.683,0.0196
3061,0.627,0.0207
3062,0.6522,0.0242
3063,0.5596,0.0306
3064,0.4343,0.0404
3065,0.2762,0.0542
3066,0.1055,0.0723
3067,0.0,0.094
3068,0.0,0.1177
3069,0.0,0.1411
3070,0.0,0.1609
3071,0.0,0.1743
3072,0.0,0.179
3073,0.0,0.1743
3074,0.0,0.1609
3075,0.0,0.1411
3076,0.0,0.1177
3077,0.0,0.094
3078,0.1066,0.0723
3079,0.2632,0.0542
3080,0.4188,0.0404
3081,0.5959,0.0306
3082,0.6022,0.0242
3083,0.679,0.0207
3084,0.619,0.0196
3085,0.6129,0.0207
3086,0.6724,0.0242
3087,0.5928,0.0306
3088,0.4072,0.0404
3089,0.2532,0.0542
3090,0.092,0.0723
3091,0.0,0.094
3092,0.0,0.1177
3093,0.0,0.1411
3094,0.0,0.1609
3095,0.0,0.1743
3096,0.0,0.179
3097,0.0,0.1743
3098,0.0,0.1609
3099,0.0,0.1411
3100,0.0,0.1177
3101,0.0,0.094
3102,0.1025,0.0723
3103,0.2722,0.0542
3104,0.4219,0.0404
3105,0.5893,0.0306
3106,0.6271,0.0242
3107,0.6844,0.0207
3108,0.6505,0.0196
3109,0.6266,0.0207
3110,0.6229,0.0242
3111,0.553,0.0306
3112,0.4163,0.0404
3113,0.2742,0.0542
3114,0.0971,0.0723
3115,0.0,0.094
3116,0.0,0.1177
3117,0.0,0.1411
3118,0.0,0.1609
3119,0.0,0.1743
3120,0.0,0.179
3121,0.0,0.1743
3122,0.0,0.1609
3123,0.0,0.1411
3124,0.0,0.1177
3125,0.0,0.094
3126,0.1036,0.0723
3127,0.2576,0.0542
3128,0.4266,0.0404
3129,0.5588,0.0306
3130,0.599,0.0242
3131,0.687,0.0207
3132,0.6104,0.0196
3133,0.6416,0.0207
3134,0.6503,0.0242
3135,0.5702,0.0306
3136,0.4303,0.0404
3137,0.2615,0.0542
3138,0.098,0.0723
3139,0.0,0.094
3140,0.0,0.1177
3141,0.0,0.1411
3142,0.0,0.1609
3143,0.0,0.1743
3144,0.0,0.179
3145,0.0,0.1743
3146,0.0,0.1609
3147,0.0,0.1411
3148,0.0,0.1177
3149,0.0,0.094
3150,0.1018,0.0723
3151,0.26,0.0542
3152,0.4134,0.0404
3153,0.5353,0.0306
3154,0.6713,0.0242
3155,0.6647,0.0207
3156,0.6792,0.0196
3157,0.6848,0.0207
3158,0.6474,0.0242
3159,0.5771,0.0306
3160,0.4609,0.0404
3161,0.2886,0.0542
3162,0.1046,0.0723
3163,0.0,0.094
3164,0.0,0.1177
3165,0.0,0.1411
3166,0.0,0.1609
3167,0.0,0.1743
3168,0.0,0.179
3169,0.0,0.1743
3170,0.0,0.1609
3171,0.0,0.1411
3172,0.0,0.1177
3173,0.0,0.094
3174,0.1133,0.0723
3175,0.2934,0.0542
3176,0.4481,0.0404
3177,0.6088,0.0306
3178,0.6487,0.0242
3179,0.6223,0.0207
3180,0.6467,0.0196
3181,0.6683,0.0207
3182,0.6666,0.0242
3183,0.6135,0.0306
3184,0.4732,0.0404
3185,0.2581,0.0542
3186,0.1001,0.0723
3187,0.0,0.094
3188,0.0,0.1177
3189,0.0,0.1411
3190,0.0,0.1609
3191,0.0,0.1743
3192,0.0,0.179
3193,0.0,0.1743
3194,0.0,0.1609
3195,0.0,0.1411
3196,0.0,0.1177
3197,0.0,0.094
3198,0.1152,0.0723
3199,0.2623,0.0542
3200,0.4665,0.0404
3201,0.5926,0.0306
3202,0.619,0.0242
3203,0.6907,0.0207
3204,0.6935,0.0196
3205,0.6451,0.0207
3206,0.6092,0.0242
3207,0.5766,0.0306
3208,0.4083,0.0404
3209,0.2963,0.0542
3210,0.1038,0.0723
3211,0.0,0.094
3212,0.0,0.1177
3213,0.0,0.1411
3214,0.0,0.1609
3215,0.0,0.1743
3216,0.0,0.179
3217,0.0,0.1743
3218,0.0,0.1609
3219,0.0,0.1411
3220,0.0,0.1177
3221,0.0,0.094
3222,0.1164,0.0723
3223,0.2987,0.0542
3224,0.4311,0.0404
3225,0.5312,0.0306
3226,0.6312,0.0242
3227,0.6603,0.0207
3228,0.6261,0.0196
3229,0.6637,0.0207
3230,0.5932,0.0242
3231,0.5539,0.0306
3232,0.4318,0.0404
3233,0.2844,0.0542
3234,0.1076,0.0723
3235,0.0,0.094
3236,0.0,0.1177
3237,0.0,0.1411
3238,0.0,0.1609
3239,0.0,0.1743
3240,0.0,0.179
3241,0.0,0.1743
3242,0.0,0.1609
3243,0.0,0.1411
3244,0.0,0.1177
3245,0.0,0.094
3246,0.1172,0.0723
3247,0.2866,0.0542
3248,0.4438,0.0404
3249,0.6135,0.0306
3250,0.6392,0.0242
3251,0.6331,0.0207
3252,0.6067,0.0196
3253,0.6843,0.0207
3254,0.6114,0.0242
3255,0.5707,0.0306
3256,0.4426,0.0404
3257,0.2673,0.0542
3258,0.1072,0.0723
3259,0.0,0.094
3260,0.0,0.1177
3261,0.0,0.1411
3262,0.0,0.1609
3263,0.0,0.1743
3264,0.0,0.179
3265,0.0,0.1743
3266,0.0,0.1609
3267,0.0,0.1411
3268,0.0,0.1177
3269,0.0,0.094
3270,0.1145,0.0723
3271,0.2763,0.0542
3272,0.4518,0.0404
3273,0.5804,0.0306
3274,0.6123,0.0242
3275,0.6894,0.0207
3276,0.6913,0.0196
3277,0.6056,0.0207
3278,0.664,0.0242
3279,0.5752,0.0306
3280,0.4719,0.0404
3281,0.302,0.0542
3282,0.1056,0.0723
3283,0.0,0.094
3284,0.0,0.1177
3285,0.0,0.1411
3286,0.0,0.1609
3287,0.0,0.1743
3288,0.0,0.179
3289,0.0,0.1743
3290,0.0,0.1609
3291,0.0,0.1411
3292,0.0,0.1177
3293,0.0,0.094
3294,0.119,0.0723
3295,0.2989,0.0542
3296,0.4536,0.0404
3297,0.5815,0.0306
3298,0.6609,0.0242
3299,0.6941,0.0207
3300,0.686,0.0196
3301,0.6531,0.0207
3302,0.6375,0.0242
3303,0.5929,0.0306
3304,0.4524,0.0404
3305,0.2645,0.0542
3306,0.1147,0.0723
3307,0.0,0.094
3308,0.0,0.1177
3309,0.0,0.1411
3310,0.0,0.1609
3311,0.0,0.1743
3312,0.0,0.179
3313,0.0,0.1743
3314,0.0,0.1609
3315,0.0,0.1411
3316,0.0,0.1177
3317,0.0,0.094
3318,0.1048,0.0723
3319,0.2788,0.0542
3320,0.4506,0.0404
3321,0.5745,0.0306
3322,0.5915,0.0242
3323,0.6121,0.0207
3324,0.5969,0.0196
3325,0.6403,0.0207
3326,0.6722,0.0242
3327,0.5426,0.0306
3328,0.4764,0.0404
3329,0.2761,0.0542
3330,0.1155,0.0723
3331,0.0,0.094
3332,0.0,0.1177
3333,0.0,0.1411
3334,0.0,0.1609
3335,0.0,0.1743
3336,0.0,0.179
3337,0.0,0.1743
3338,0.0,0.1609
3339,0.0,0.1411
3340,0.0,0.1177
3341,0.0,0.094
3342,0.1151,0.0723
3343,0.2742,0.0542
3344,0.4682,0.0404
3345,0.5319,0.0306
3346,0.5933,0.0242
3347,0.6667,0.0207
3348,0.6337,0.0196
3349,0.6871,0.0207
3350,0.6403,0.0242
3351,0.5428,0.0306
3352,0.44,0.0404
3353,0.2972,0.0542
3354,0.1126,0.0723
3355,0.0,0.094
3356,0.0,0.1177
3357,0.0,0.1411
3358,0.0,0.1609
3359,0.0,0.1743
3360,0.0,0.179
3361,0.0,0.1743
3362,0.0,0.1609
3363,0.0,0.1411
3364,0.0,0.1177
3365,0.0,0.094
3366,0.1189,0.0723
3367,0.2672,0.0542
3368,0.4667,0.0404
3369,0.5999,0.0306
3370,0.6151,0.0242
3371,0.666,0.0207
3372,0.6711,0.0196
3373,0.6543,0.0207
3374,0.6041,0.0242
3375,0.5657,0.0306
3376,0.4345,0.0404
3377,0.2866,0.0542
3378,0.1086,0.0723
3379,0.0,0.094
3380,0.0,0.1177
3381,0.0,0.1411
3382,0.0,0.1609
3383,0.0,0.1743
3384,0.0,0.179
3385,0.0,0.1743
3386,0.0,0.1609
3387,0.0,0.1411
3388,0.0,0.1177
3389,0.0,0.094
3390,0.1202,0.0723
3391,0.2808,0.0542
3392,0.4673,0.0404
3393,0.5478,0.0306
3394,0.6396,0.0242
3395,0.6159,0.0207
3396,0.6923,0.0196
3397,0.6816,0.0207
3398,0.6927,0.0242
3399,0.5615,0.0306
3400,0.4522,0.0404
3401,0.2668,0.0542
3402,0.1071,0.0723
3403,0.0,0.094
3404,0.0,0.1177
3405,0.0,0.1411
3406,0.0,0.1609
3407,0.0,0.1743
3408,0.0,0.179
3409,0.0,0.1743
3410,0.0,0.1609
3411,0.0,0.1411
3412,0.0,0.1177
3413,0.0,0.094
3414,0.1189,0.0723
3415,0.3018,0.0542
3416,0.4312,0.0404
3417,0.6145,0.0306
3418,0.6394,0.0242
3419,0.6442,0.0207
3420,0.6877,0.0196
3421,0.6487,0.0207
3422,0.6237,0.0242
3423,0.6034,0.0306
3424,0.4146,0.0404
3425,0.2898,0.0542
3426,0.1188,0.0723
3427,0.0,0.094
3428,0.0,0.1177
3429,0.0,0.1411
3430,0.0,0.1609
3431,0.0,0.1743
3432,0.0,0.179
3433,0.0,0.1743
3434,0.0,0.1609
3435,0.0,0.1411
3436,0.0,0.1177
3437,0.0,0.094
3438,0.1274,0.0723
3439,0.2834,0.0542
3440,0.4252,0.0404
3441,0.5401,0.0306
3442,0.6405,0.0242
3443,0.6778,0.0207
3444,0.6073,0.0196
3445,0.6477,0.0207
3446,0.622,0.0242
3447,0.6091,0.0306
3448,0.4699,0.0404
3449,0.3114,0.0542
3450,0.1216,0.0723
3451,0.0,0.094
3452,0.0,0.1177
3453,0.0,0.1411
3454,0.0,0.1609
3455,0.0,0.1743
3456,0.0,0.179
3457,0.0,0.1743
3458,0.0,0.1609
3459,0.0,0.1411
3460,0.0,0.1177
3461,0.0,0.094
3462,0.1113,0.0723
3463,0.2989,0.0542
3464,0.4486,0.0404
3465,0.5513,0.0306
3466,0.6316,0.0242
3467,0.6078,0.0207
3468,0.6775,0.0196
3469,0.6345,0.0207
3470,0.6724,0.0242
3471,0.5516,0.0306
3472,0.4384,0.0404
3473,0.2815,0.0542
3474,0.1161,0.0723
3475,0.0,0.094
3476,0.0,0.1177
3477,0.0,0.1411
3478,0.0,0.1609
3479,0.0,0.1743
3480,0.0,0.179
3481,0.0,0.1743
3482,0.0,0.1609
3483,0.0,0.1411
3484,0.0,0.1177
3485,0.0,0.094
3486,0.1104,0.0723
3487,0.2969,0.0542
3488,0.4713,0.0404
3489,0.5541,0.0306
3490,0.5907,0.0242
3491,0.6035,0.0207
3492,0.6679,0.0196
3493,0.6378,0.0207
3494,0.6528,0.0242
3495,0.6209,0.0306
3496,0.4316,0.0404
3497,0.2675,0.0542
3498,0.1152,0.0723
3499,0.0,0.094
3500,0.0,0.1177
3501,0.0,0.1411
3502,0.0,0.1609
3503,0.0,0.1743
3504,0.0,0.179
3505,0.0,0.1743
3506,0.0,0.1609
3507,0.0,0.1411
3508,0.0,0.1177
3509,0.0,0.094
3510,0.1169,0.0723
3511,0.3038,0.0542
3512,0.4824,0.0404
3513,0.5985,0.0306
3514,0.6422,0.0242
3515,0.6763,0.0207
3516,0.6856,0.0196
3517,0.6418,0.0207
3518,0.6153,0.0242
3519,0.5744,0.0306
3520,0.4725,0.0404
3521,0.2691,0.0542
3522,0.1129,0.0723
3523,0.0,0.094
3524,0.0,0.1177
3525,0.0,0.1411
3526,0.0,0.1609
3527,0.0,0.1743
3528,0.0,0.179
3529,0.0,0.1743
3530,0.0,0.1609
3531,0.0,0.1411
3532,0.0,0.1177
3533,0.0,0.094
3534,0.1133,0.0723
3535,0.2697,0.0542
3536,0.439,0.0404
3537,0.5683,0.0306
3538,0.6927,0.0242
3539,0.5958,0.0207
3540,0.6338,0.0196
3541,0.5912,0.0207
3542,0.6683,0.0242
3543,0.5947,0.0306
3544,0.4509,0.0404
3545,0.3026,0.0542
3546,0.1158,0.0723
3547,0.0,0.094
3548,0.0,0.1177
3549,0.0,0.1411
3550,0.0,0.1609
3551,0.0,0.1743
3552,0.0,0.179
3553,0.0,0.1743
3554,0.0,0.1609
3555,0.0,0.1411
3556,0.0,0.1177
3557,0.0,0.094
3558,0.1271,0.0723
3559,0.3126,0.0542
3560,0.4311,0.0404
3561,0.5402,0.0306
3562,0.6932,0.0242
3563,0.6053,0.0207
3564,0.6369,0.0196
3565,0.6462,0.0207
3566,0.6265,0.0242
3567,0.5941,0.0306
3568,0.446,0.0404
3569,0.2903,0.0542
3570,0.127,0.0723
3571,0.0,0.094
3572,0.0,0.1177
3573,0.0,0.1411
3574,0.0,0.1609
3575,0.0,0.1743
3576,0.0,0.179
3577,0.0,0.1743
3578,0.0,0.1609
3579,0.0,0.1411
3580,0.0,0.1177
3581,0.0,0.094
3582,0.1281,0.0723
3583,0.2811,0.0542
3584,0.4359,0.0404
3585,0.5899,0.0306
3586,0.6206,0.0242
3587,0.6332,0.0207
3588,0.6685,0.0196
3589,0.6303,0.0207
3590,0.5923,0.0242
3591,0.5565,0.0306
3592,0.4348,0.0404
3593,0.2886,0.0542
3594,0.1237,0.0723
3595,0.0,0.094
3596,0.0,0.1177
3597,0.0,0.1411
3598,0.0,0.1609
3599,0.0,0.1743
3600,0.0,1.0
3601,0.0,1.0
3602,0.0,1.0
3603,0.0,1.0
3604,0.0,1.0
3605,0.0,1.0
3606,0.1285,0.7698
3607,0.3169,0.5775
3608,0.4443,0.4299
3609,0.6128,0.3253
3610,0.6208,0.2577
3611,0.6827,0.2204
3612,0.6607,0.2085
3613,0.6086,0.2204
3614,0.6027,0.2577
3615,0.5571,0.3253
3616,0.4189,0.4299
3617,0.3071,0.5775
3618,0.1206,0.7698
3619,0.0,1.0
3620,0.0,1.0
3621,0.0,1.0
3622,0.0,1.0
3623,0.0,1.0
3624,0.0,1.0
3625,0.0,1.0
3626,0.0,1.0
3627,0.0,1.0
3628,0.0,1.0
3629,0.0,1.0
3630,0.1169,0.7698
3631,0.3039,0.5775
3632,0.4549,0.4299
3633,0.5431,0.3253
3634,0.6833,0.2577
3635,0.6874,0.2204
3636,0.6603,0.2085
3637,0.6507,0.2204
3638,0.6854,0.2577
3639,0.5506,0.3253
3640,0.4652,0.4299
3641,0.3046,0.5775
3642,0.1339,0.7698
3643,0.0,1.0
3644,0.0,1.0
3645,0.0,1.0
3646,0.0,1.0
3647,0.0,1.0
3648,0.0,1.0
3649,0.0,1.0
3650,0.0,1.0
3651,0.0,1.0
3652,0.0,1.0
3653,0.0,1.0
3654,0.1282,0.7698
3655,0.2771,0.5775
3656,0.4488,0.4299
3657,0.5742,0.3253
3658,0.6738,0.2577
3659,0.6893,0.2204
3660,0.6725,0.2085
3661,0.6479,0.2204
3662,0.6139,0.2577
3663,0.6038,0.3253
3664,0.4848,0.4299
3665,0.3083,0.5775
3666,0.1206,0.7698
3667,0.0,1.0
3668,0.0,1.0
3669,0.0,1.0
3670,0.0,1.0
3671,0.0,1.0
3672,0.0,1.0
3673,0.0,1.0
3674,0.0,1.0
3675,0.0,1.0
3676,0.0,1.0
3677,0.0,1.0
3678,0.12,0.7698
3679,0.2761,0.5775
3680,0.4378,0.4299
3681,0.606,0.3253
3682,0.6047,0.2577
3683,0.6839,0.2204
3684,0.6023,0.2085
3685,0.6408,0.2204
3686,0.6754,0.2577
3687,0.6221,0.3253
3688,0.4244,0.4299
3689,0.297,0.5775
3690,0.128,0.7698
3691,0.0,1.0
3692,0.0,1.0
3693,0.0,1.0
3694,0.0,1.0
3695,0.0,1.0
3696,0.0,1.0
3697,0.0,1.0
3698,0.0,1.0
3699,0.0,1.0
3700,0.0,1.0
3701,0.0,1.0
3702,0.1218,0.7698
3703,0.3181,0.5775
3704,0.463,0.4299
3705,0.565,0.3253
3706,0.623,0.2577
3707,0.6793,0.2204
3708,0.5916,0.2085
3709,0.6838,0.2204
3710,0.679,0.2577
3711,0.5722,0.3253
3712,0.4858,0.4299
3713,0.2947,0.5775
3714,0.1284,0.7698
3715,0.0,1.0
3716,0.0,1.0
3717,0.0,1.0
3718,0.0,1.0
3719,0.0,1.0
3720,0.0,1.0
3721,0.0,1.0
3722,0.0,1.0
3723,0.0,1.0
3724,0.0,1.0
3725,0.0,1.0
3726,0.135,0.7698
3727,0.3189,0.5775
3728,0.4763,0.4299
3729,0.5746,0.3253
3730,0.6407,0.2577
3731,0.6446,0.2204
3732,0.6621,0.2085
3733,0.6918,0.2204
3734,0.6066,0.2577
3735,0.5971,0.3253
3736,0.4169,0.4299
3737,0.3108,0.5775
3738,0.1241,0.7698
3739,0.0,1.0
3740,0.0,1.0
3741,0.0,1.0
3742,0.0,1.0
3743,0.0,1.0
3744,0.0,1.0
3745,0.0,1.0
3746,0.0,1.0
3747,0.0,1.0
3748,0.0,1.0
3749,0.0,1.0
3750,0.1228,0.7698
3751,0.3183,0.5775
3752,0.4764,0.4299
3753,0.5986,0.3253
3754,0.6632,0.2577
3755,0.6807,0.2204
3756,0.6482,0.2085
3757,0.6282,0.2204
3758,0.6227,0.2577
3759,0.6162,0.3253
3760,0.4646,0.4299
3761,0.286,0.5775
3762,0.1278,0.7698
3763,0.0,1.0
3764,0.0,1.0
3765,0.0,1.0
3766,0.0,1.0
3767,0.0,1.0
3768,0.0,1.0
3769,0.0,1.0
3770,0.0,1.0
3771,0.0,1.0
3772,0.0,1.0
3773,0.0,1.0
3774,0.1213,0.7698
3775,0.3158,0.5775
3776,0.4164,0.4299
3777,0.569,0.3253
3778,0.637,0.2577
3779,0.591,0.2204
3780,0.6678,0.2085
3781,0.6221,0.2204
3782,0.6824,0.2577
3783,0.5981,0.3253
3784,0.4616,0.4299
3785,0.2855,0.5775
3786,0.1196,0.7698
3787,0.0,1.0
3788,0.0,1.0
3789,0.0,1.0
3790,0.0,1.0
3791,0.0,1.0
3792,0.0,1.0
3793,0.0,1.0
3794,0.0,1.0
3795,0.0,1.0
3796,0.0,1.0
3797,0.0,1.0
3798,0.1273,0.7698
3799,0.2846,0.5775
3800,0.4455,0.4299
3801,0.5628,0.3253
3802,0.6508,0.2577
3803,0.627,0.2204
3804,0.6044,0.2085
3805,0.6713,0.2204
3806,0.5907,0.2577
3807,0.5373,0.3253
3808,0.4541,0.4299
3809,0.2999,0.5775
3810,0.1249,0.7698
3811,0.0,1.0
3812,0.0,1.0
3813,0.0,1.0
3814,0.0,1.0
3815,0.0,1.0
3816,0.0,1.0
3817,0.0,1.0
3818,0.0,1.0
3819,0.0,1.0
3820,0.0,1.0
3821,0.0,1.0
3822,0.1332,0.7698
3823,0.2982,0.5775
3824,0.4716,0.4299
3825,0.5705,0.3253
3826,0.6125,0.2577
3827,0.6629,0.2204
3828,0.6446,0.2085
3829,0.5951,0.2204
3830,0.6634,0.2577
3831,0.5591,0.3253
3832,0.4298,0.4299
3833,0.3052,0.5775
3834,0.1362,0.7698
3835,0.0,1.0
3836,0.0,1.0
3837,0.0,1.0
3838,0.0,1.0
3839,0.0,1.0
3840,0.0,1.0
3841,0.0,1.0
3842,0.0,1.0
3843,0.0,1.0
3844,0.0,1.0
3845,0.0,1.0
3846,0.1314,0.7698
3847,0.2868,0.5775
3848,0.4156,0.4299
3849,0.5872,0.3253
3850,0.66,0.2577
3851,0.5907,0.2204
3852,0.6657,0.2085
3853,0.6367,0.2204
3854,0.6719,0.2577
3855,0.5692,0.3253
3856,0.4332,0.4299
3857,0.2927,0.5775
3858,0.1246,0.7698
3859,0.0,1.0
3860,0.0,1.0
3861,0.0,1.0
3862,0.0,1.0
3863,0.0,1.0
3864,0.0,1.0
3865,0.0,1.0
3866,0.0,1.0
3867,0.0,1.0
3868,0.0,1.0
3869,0.0,1.0
3870,0.14,0.7698
3871,0.3004,0.5775
3872,0.4761,0.4299
3873,0.6043,0.3253
3874,0.6322,0.2577
3875,0.6442,0.2204
3876,0.637,0.2085
3877,0.6878,0.2204
3878,0.6231,0.2577
3879,0.5789,0.3253
3880,0.4419,0.4299
3881,0.3101,0.5775
3882,0.137,0.7698
3883,0.0,1.0
3884,0.0,1.0
3885,0.0,1.0
3886,0.0,1.0
3887,0.0,1.0
3888,0.0,1.0
3889,0.0,1.0
3890,0.0,1.0
3891,0.0,1.0
3892,0.0,1.0
3893,0.0,1.0
3894,0.1251,0.7698
3895,0.3179,0.5775
3896,0.484,0.4299
3897,0.5978,0.3253
3898,0.6748,0.2577
3899,0.6183,0.2204
3900,0.6268,0.2085
3901,0.6435,0.2204
3902,0.6515,0.2577
3903,0.5683,0.3253
3904,0.4177,0.4299
3905,0.2767,0.5775
3906,0.1322,0.7698
3907,0.0,1.0
3908,0.0,1.0
3909,0.0,1.0
3910,0.0,1.0
3911,0.0,1.0
3912,0.0,1.0
3913,0.0,1.0
3914,0.0,1.0
3915,0.0,1.0
3916,0.0,1.0
3917,0.0,1.0
3918,0.1308,0.7698
3919,0.3035,0.5775
3920,0.4847,0.4299
3921,0.5689,0.3253
3922,0.6721,0.2577
3923,0.6008,0.2204
3924,0.6451,0.2085
3925,0.6741,0.2204
3926,0.6906,0.2577
3927,0.5411,0.3253
3928,0.4772,0.4299
3929,0.284,0.5775
3930,0.1358,0.7698
3931,0.0,1.0
3932,0.0,1.0
3933,0.0,1.0
3934,0.0,1.0
3935,0.0,1.0
3936,0.0,1.0
3937,0.0,1.0
3938,0.0,1.0
3939,0.0,1.0
3940,0.0,1.0
3941,0.0,1.0
3942,0.1391,0.7698
3943,0.2904,0.5775
3944,0.4168,0.4299
3945,0.6163,0.3253
3946,0.6652,0.2577
3947,0.6766,0.2204
3948,0.6481,0.2085
3949,0.6679,0.2204
3950,0.6475,0.2577
3951,0.55,0.3253
3952,0.4496,0.4299
3953,0.279,0.5775
3954,0.1229,0.7698
3955,0.0,1.0
3956,0.0,1.0
3957,0.0,1.0
3958,0.0,1.0
3959,0.0,1.0
3960,0.0,1.0
3961,0.0,1.0
3962,0.0,1.0
3963,0.0,1.0
3964,0.0,1.0
3965,0.0,1.0
3966,0.1332,0.7698
3967,0.3076,0.5775
3968,0.4322,0.4299
3969,0.5883,0.3253
3970,0.6442,0.2577
3971,0.593,0.2204
3972,0.6049,0.2085
3973,0.6714,0.2204
3974,0.6752,0.2577
3975,0.6016,0.3253
3976,0.4693,0.4299
3977,0.3111,0.5775
3978,0.1378,0.7698
3979,0.0,1.0
3980,0.0,1.0
3981,0.0,1.0
3982,0.0,1.0
3983,0.0,1.0
3984,0.0,1.0
3985,0.0,1.0
3986,0.0,1.0
3987,0.0,1.0
3988,0.0,1.0
3989,0.0,1.0
3990,0.1354,0.7698
3991,0.324,0.5775
3992,0.4695,0.4299
3993,0.5453,0.3253
3994,0.6155,0.2577
3995,0.6445,0.2204
3996,0.6277,0.2085
3997,0.6311,0.2204
3998,0.6843,0.2577
3999,0.5804,0.3253
4000,0.417,0.4299
4001,0.2868,0.5775
4002,0.1357,0.7698
4003,0.0,1.0
4004,0.0,1.0
4005,0.0,1.0
4006,0.0,1.0
4007,0.0,1.0
4008,0.0,1.0
4009,0.0,1.0
4010,0.0,1.0
4011,0.0,1.0
4012,0.0,1.0
4013,0.0,1.0
4014,0.1218,0.7698
4015,0.3101,0.5775
4016,0.4838,0.4299
4017,0.6101,0.3253
4018,0.6002,0.2577
4019,0.6516,0.2204
4020,0.632,0.2085
4021,0.6541,0.2204
4022,0.598,0.2577
4023,0.5639,0.3253
4024,0.4794,0.4299
4025,0.3085,0.5775
4026,0.126,0.7698
4027,0.0,1.0
4028,0.0,1.0
4029,0.0,1.0
4030,0.0,1.0
4031,0.0,1.0
4032,0.0,1.0
4033,0.0,1.0
4034,0.0,1.0
4035,0.0,1.0
4036,0.0,1.0
4037,0.0,1.0
4038,0.1416,0.7698
4039,0.283,0.5775
4040,0.445,0.4299
4041,0.6,0.3253
4042,0.6098,0.2577
4043,0.6913,0.2204
4044,0.6702,0.2085
4045,0.6729,0.2204
4046,0.6863,0.2577
4047,0.5381,0.3253
4048,0.4644,0.4299
4049,0.2834,0.5775
4050,0.1253,0.7698
4051,0.0,1.0
4052,0.0,1.0
4053,0.0,1.0
4054,0.0,1.0
4055,0.0,1.0
4056,0.0,1.0
4057,0.0,1.0
4058,0.0,1.0
4059,0.0,1.0
4060,0.0,1.0
4061,0.0,1.0
4062,0.1218,0.7698
4063,0.3185,0.5775
4064,0.475,0.4299
4065,0.5967,0.3253
4066,0.6782,0.2577
4067,0.6462,0.2204
4068,0.6352,0.2085
4069,0.6859,0.2204
4070,0.686,0.2577
4071,0.5614,0.3253
4072,0.4194,0.4299
4073,0.3128,0.5775
4074,0.1347,0.7698
4075,0.0,1.0
4076,0.0,1.0
4077,0.0,1.0
4078,0.0,1.0
4079,0.0,1.0
4080,0.0,1.0
4081,0.0,1.0
4082,0.0,1.0
4083,0.0,1.0
4084,0.0,1.0
4085,0.0,1.0
4086,0.1331,0.7698
4087,0.2808,0.5775
4088,0.4338,0.4299
4089,0.5988,0.3253
4090,0.6076,0.2577
4091,0.6803,0.2204
4092,0.6782,0.2085
4093,0.6368,0.2204
4094,0.6133,0.2577
4095,0.6175,0.3253
4096,0.4512,0.4299
4097,0.319,0.5775
4098,0.135,0.7698
4099,0.0,1.0
4100,0.0,1.0
4101,0.0,1.0
4102,0.0,1.0
4103,0.0,1.0
4104,0.0,1.0
4105,0.0,1.0
4106,0.0,1.0
4107,0.0,1.0
4108,0.0,1.0
4109,0.0,1.0
4110,0.1399,0.7698
4111,0.308,0.5775
4112,0.4316,0.4299
4113,0.6074,0.3253
4114,0.6885,0.2577
4115,0.6084,0.2204
4116,0.6843,0.2085
4117,0.6042,0.2204
4118,0.6464,0.2577
4119,0.5846,0.3253
4120,0.4457,0.4299
4121,0.279,0.5775
4122,0.1399,0.7698
4123,0.0,1.0
4124,0.0,1.0
4125,0.0,1.0
4126,0.0,1.0
4127,0.0,1.0
4128,0.0,1.0
4129,0.0,1.0
4130,0.0,1.0
4131,0.0,1.0
4132,0.0,1.0
4133,0.0,1.0
4134,0.1269,0.7698
4135,0.3031,0.5775
4136,0.4221,0.4299
4137,0.5418,0.3253
4138,0.6147,0.2577
4139,0.6063,0.2204
4140,0.6293,0.2085
4141,0.6318,0.2204
4142,0.6761,0.2577
4143,0.5587,0.3253
4144,0.4453,0.4299
4145,0.3151,0.5775
4146,0.1274,0.7698
4147,0.0,1.0
4148,0.0,1.0
4149,0.0,1.0
4150,0.0,1.0
4151,0.0,1.0
4152,0.0,1.0
4153,0.0,1.0
4154,0.0,1.0
4155,0.0,1.0
4156,0.0,1.0
4157,0.0,1.0
4158,0.1397,0.7698
4159,0.3091,0.5775
4160,0.4773,0.4299
4161,0.5536,0.3253
4162,0.6347,0.2577
4163,0.6907,0.2204
4164,0.6006,0.2085
4165,0.5915,0.2204
4166,0.6786,0.2577
4167,0.5809,0.3253
4168,0.4227,0.4299
4169,0.3142,0.5775
4170,0.1363,0.7698
4171,0.0,1.0
4172,0.0,1.0
4173,0.0,1.0
4174,0.0,1.0
4175,0.0,1.0
4176,0.0,1.0
4177,0.0,1.0
4178,0.0,1.0
4179,0.0,1.0
4180,0.0,1.0
4181,0.0,1.0
4182,0.1332,0.7698
4183,0.3063,0.5775
4184,0.4688,0.4299
4185,0.5697,0.3253
4186,0.6916,0.2577
4187,0.6793,0.2204
4188,0.6848,0.2085
4189,0.613,0.2204
4190,0.5939,0.2577
4191,0.5527,0.3253
4192,0.4591,0.4299
4193,0.2959,0.5775
4194,0.1403,0.7698
4195,0.0,1.0
4196,0.0,1.0
4197,0.0,1.0
4198,0.0,1.0
4199,0.0,1.0
4200,0.0,1.0
4201,0.0,1.0
4202,0.0,1.0
4203,0.0,1.0
4204,0.0,1.0
4205,0.0,1.0
4206,0.1272,0.7698
4207,0.3211,0.5775
4208,0.4722,0.4299
4209,0.5718,0.3253
4210,0.6656,0.2577
4211,0.6086,0.2204
4212,0.6031,0.2085
4213,0.6295,0.2204
4214,0.5934,0.2577
4215,0.5548,0.3253
4216,0.4777,0.4299
4217,0.3111,0.5775
4218,0.1359,0.7698
4219,0.0,1.0
4220,0.0,1.0
4221,0.0,1.0
4222,0.0,1.0
4223,0.0,1.0
4224,0.0,1.0
4225,0.0,1.0
4226,0.0,1.0
4227,0.0,1.0
4228,0.0,1.0
4229,0.0,1.0
4230,0.1355,0.7698
4231,0.2902,0.5775
4232,0.4162,0.4299
4233,0.5868,0.3253
4234,0.6584,0.2577
4235,0.6337,0.2204
4236,0.6877,0.2085
4237,0.6422,0.2204
4238,0.6832,0.2577
4239,0.6192,0.3253
4240,0.4504,0.4299
4241,0.3197,0.5775
4242,0.131,0.7698
4243,0.0,1.0
4244,0.0,1.0
4245,0.0,1.0
4246,0.0,1.0
4247,0.0,1.0
4248,0.0,1.0
4249,0.0,1.0
4250,0.0,1.0
4251,0.0,1.0
4252,0.0,1.0
4253,0.0,1.0
4254,0.1412,0.7698
4255,0.3088,0.5775
4256,0.4575,0.4299
4257,0.5398,0.3253
4258,0.6649,0.2577
4259,0.6846,0.2204
4260,0.6929,0.2085
4261,0.691,0.2204
4262,0.6532,0.2577
4263,0.5339,0.3253
4264,0.4726,0.4299
4265,0.3028,0.5775
4266,0.1222,0.7698
4267,0.0,1.0
4268,0.0,1.0
4269,0.0,1.0
4270,0.0,1.0
4271,0.0,1.0
4272,0.0,1.0
4273,0.0,1.0
4274,0.0,1.0
4275,0.0,1.0
4276,0.0,1.0
4277,0.0,1.0
4278,0.1347,0.7698
4279,0.2819,0.5775
4280,0.4169,0.4299
4281,0.5943,0.3253
4282,0.6029,0.2577
4283,0.6896,0.2204
4284,0.6125,0.2085
4285,0.6191,0.2204
4286,0.6523,0.2577
4287,0.5732,0.3253
4288,0.4355,0.4299
4289,0.2895,0.5775
4290,0.135,0.7698
4291,0.0,1.0
4292,0.0,1.0
4293,0.0,1.0
4294,0.0,1.0
4295,0.0,1.0
4296,0.0,1.0
4297,0.0,1.0
4298,0.0,1.0
4299,0.0,1.0
4300,0.0,1.0
4301,0.0,1.0
4302,0.1227,0.7698
4303,0.3131,0.5775
4304,0.4376,0.4299
4305,0.5906,0.3253
4306,0.6512,0.2577
4307,0.6873,0.2204
4308,0.6436,0.2085
4309,0.6921,0.2204
4310,0.6127,0.2577
4311,0.6161,0.3253
4312,0.4541,0.4299
4313,0.3144,0.5775
4314,0.1291,0.7698
4315,0.0,1.0
4316,0.0,1.0
4317,0.0,1.0
4318,0.0,1.0
4319,0.0,1.0
4320,0.0,1.0
4321,0.0,1.0
4322,0.0,1.0
4323,0.0,1.0
4324,0.0,1.0
4325,0.0,1.0
4326,0.1203,0.7698
4327,0.3085,0.5775
4328,0.4259,0.4299
4329,0.562,0.3253
4330,0.6463,0.2577
4331,0.6107,0.2204
4332,0.6149,0.2085
4333,0.6807,0.2204
4334,0.6453,0.2577
4335,0.5946,0.3253
4336,0.4217,0.4299
4337,0.3137,0.5775
4338,0.1307,0.7698
4339,0.0,1.0
4340,0.0,1.0
4341,0.0,1.0
4342,0.0,1.0
4343,0.0,1.0
4344,0.0,1.0
4345,0.0,1.0
4346,0.0,1.0
4347,0.0,1.0
4348,0.0,1.0
4349,0.0,1.0
4350,0.1261,0.7698
4351,0.2905,0.5775
4352,0.4768,0.4299
4353,0.5505,0.3253
4354,0.6219,0.2577
4355,0.5908,0.2204
4356,0.6605,0.2085
4357,0.6183,0.2204
4358,0.6646,0.2577
4359,0.5343,0.3253
4360,0.4202,0.4299
4361,0.3189,0.5775
4362,0.1362,0.7698
4363,0.0,1.0
4364,0.0,1.0
4365,0.0,1.0
4366,0.0,1.0
4367,0.0,1.0
4368,0.0,1.0
4369,0.0,1.0
4370,0.0,1.0
4371,0.0,1.0
4372,0.0,1.0
4373,0.0,1.0
4374,0.1213,0.7698
4375,0.3084,0.5775
4376,0.4602,0.4299
4377,0.5877,0.3253
4378,0.622,0.2577
4379,0.6793,0.2204
4380,0.6878,0.2085
4381,0.6681,0.2204
4382,0.683,0.2577
4383,0.5678,0.3253
4384,0.4606,0.4299
4385,0.2982,0.5775
4386,0.1395,0.7698
4387,0.0,1.0
4388,0.0,1.0
4389,0.0,1.0
4390,0.0,1.0
4391,0.0,1.0
4392,0.0,1.0
4393,0.0,1.0
4394,0.0,1.0
4395,0.0,1.0
4396,0.0,1.0
4397,0.0,1.0
4398,0.1332,0.7698
4399,0.2974,0.5775
4400,0.4545,0.4299
4401,0.5453,0.3253
4402,0.6768,0.2577
4403,0.6323,0.2204
4404,0.6148,0.2085
4405,0.6692,0.2204
4406,0.6888,0.2577
4407,0.5891,0.3253
4408,0.4285,0.4299
4409,0.2889,0.5775
4410,0.1209,0.7698
4411,0.0,1.0
4412,0.0,1.0
4413,0.0,1.0
4414,0.0,1.0
4415,0.0,1.0
4416,0.0,1.0
4417,0.0,1.0
4418,0.0,1.0
4419,0.0,1.0
4420,0.0,1.0
4421,0.0,1.0
4422,0.1348,0.7698
4423,0.3137,0.5775
4424,0.45,0.4299
4425,0.6022,0.3253
4426,0.6063,0.2577
4427,0.6742,0.2204
4428,0.6456,0.2085
4429,0.6291,0.2204
4430,0.6555,0.2577
4431,0.5705,0.3253
4432,0.4697,0.4299
4433,0.3062,0.5775
4434,0.13,0.7698
4435,0.0,1.0
4436,0.0,1.0
4437,0.0,1.0
4438,0.0,1.0
4439,0.0,1.0
4440,0.0,1.0
4441,0.0,1.0
4442,0.0,1.0
4443,0.0,1.0
4444,0.0,1.0
4445,0.0,1.0
4446,0.1353,0.7698
4447,0.3127,0.5775
4448,0.4569,0.4299
4449,0.6131,0.3253
4450,0.6907,0.2577
4451,0.6437,0.2204
4452,0.607,0.2085
4453,0.6118,0.2204
4454,0.6476,0.2577
4455,0.5858,0.3253
4456,0.4173,0.4299
4457,0.2912,0.5775
4458,0.1235,0.7698
4459,0.0,1.0
4460,0.0,1.0
4461,0.0,1.0
4462,0.0,1.0
4463,0.0,1.0
4464,0.0,1.0
4465,0.0,1.0
4466,0.0,1.0
4467,0.0,1.0
4468,0.0,1.0
4469,0.0,1.0
4470,0.1312,0.7698
4471,0.3042,0.5775
4472,0.4561,0.4299
4473,0.5564,0.3253
4474,0.6424,0.2577
4475,0.6532,0.2204
4476,0.635,0.2085
4477,0.6533,0.2204
4478,0.6034,0.2577
4479,0.5489,0.3253
4480,0.4531,0.4299
4481,0.2994,0.5775
4482,0.1256,0.7698
4483,0.0,1.0
4484,0.0,1.0
4485,0.0,1.0
4486,0.0,1.0
4487,0.0,1.0
4488,0.0,1.0
4489,0.0,1.0
4490,0.0,1.0
4491,0.0,1.0
4492,0.0,1.0
4493,0.0,1.0
4494,0.1374,0.7698
4495,0.308,0.5775
4496,0.4173,0.4299
4497,0.5534,0.3253
4498,0.6718,0.2577
4499,0.6646,0.2204
4500,0.6802,0.2085
4501,0.6802,0.2204
4502,0.6231,0.2577
4503,0.5884,0.3253
4504,0.4167,0.4299
4505,0.2894,0.5775
4506,0.123,0.7698
4507,0.0,1.0
4508,0.0,1.0
4509,0.0,1.0
4510,0.0,1.0
4511,0.0,1.0
4512,0.0,1.0
4513,0.0,1.0
4514,0.0,1.0
4515,0.0,1.0
4516,0.0,1.0
4517,0.0,1.0
4518,0.1316,0.7698
4519,0.2772,0.5775
4520,0.471,0.4299
4521,0.5378,0.3253
4522,0.6579,0.2577
4523,0.6419,0.2204
4524,0.6066,0.2085
4525,0.6576,0.2204
4526,0.6933,0.2577
4527,0.5381,0.3253
4528,0.4334,0.4299
4529,0.2896,0.5775
4530,0.1256,0.7698
4531,0.0,1.0
4532,0.0,1.0
4533,0.0,1.0
4534,0.0,1.0
4535,0.0,1.0
4536,0.0,1.0
4537,0.0,1.0
4538,0.0,1.0
4539,0.0,1.0
4540,0.0,1.0
4541,0.0,1.0
4542,0.1207,0.7698
4543,0.3156,0.5775
4544,0.4847,0.4299
4545,0.6257,0.3253
4546,0.6919,0.2577
4547,0.6558,0.2204
4548,0.6427,0.2085
4549,0.6149,0.2204
4550,0.6621,0.2577
4551,0.613,0.3253
4552,0.4683,0.4299
4553,0.3184,0.5775
4554,0.1256,0.7698
4555,0.0,1.0
4556,0.0,1.0
4557,0.0,1.0
4558,0.0,1.0
4559,0.0,1.0
4560,0.0,1.0
4561,0.0,1.0
4562,0.0,1.0
4563,0.0,1.0
4564,0.0,1.0
4565,0.0,1.0
4566,0.1165,0.7698
4567,0.2755,0.5775
4568,0.4592,0.4299
4569,0.624,0.3253
4570,0.6742,0.2577
4571,0.6756,0.2204
4572,0.6317,0.2085
4573,0.6571,0.2204
4574,0.5971,0.2577
4575,0.539,0.3253
4576,0.4701,0.4299
4577,0.2993,0.5775
4578,0.128,0.7698
4579,0.0,1.0
4580,0.0,1.0
4581,0.0,1.0
4582,0.0,1.0
4583,0.0,1.0
4584,0.0,1.0
4585,0.0,1.0
4586,0.0,1.0
4587,0.0,1.0
4588,0.0,1.0
4589,0.0,1.0
4590,0.1276,0.7698
4591,0.3039,0.5775
4592,0.4243,0.4299
4593,0.6036,0.3253
4594,0.6221,0.2577
4595,0.6432,0.2204
4596,0.6706,0.2085
4597,0.604,0.2204
4598,0.6402,0.2577
4599,0.6081,0.3253
4600,0.4206,0.4299
4601,0.2792,0.5775
4602,0.135,0.7698
4603,0.0,1.0
4604,0.0,1.0
4605,0.0,1.0
4606,0.0,1.0
4607,0.0,1.0
4608,0.0,1.0
4609,0.0,1.0
4610,0.0,1.0
4611,0.0,1.0
4612,0.0,1.0
4613,0.0,1.0
4614,0.1329,0.7698
4615,0.2908,0.5775
4616,0.4486,0.4299
4617,0.6057,0.3253
4618,0.6039,0.2577
4619,0.5904,0.2204
4620,0.6379,0.2085
4621,0.6802,0.2204
4622,0.6169,0.2577
4623,0.532,0.3253
4624,0.4404,0.4299
4625,0.2959,0.5775
4626,0.1308,0.7698
4627,0.0,1.0
4628,0.0,1.0
4629,0.0,1.0
4630,0.0,1.0
4631,0.0,1.0
4632,0.0,1.0
4633,0.0,1.0
4634,0.0,1.0
4635,0.0,1.0
4636,0.0,1.0
4637,0.0,1.0
4638,0.1235,0.7698
4639,0.2769,0.5775
4640,0.455,0.4299
4641,0.5419,0.3253
4642,0.5978,0.2577
4643,0.6638,0.2204
4644,0.6319,0.2085
4645,0.6383,0.2204
4646,0.5943,0.2577
4647,0.6214,0.3253
4648,0.4839,0.4299
4649,0.3163,0.5775
4650,0.1253,0.7698
4651,0.0,1.0
4652,0.0,1.0
4653,0.0,1.0
4654,0.0,1.0
4655,0.0,1.0
4656,0.0,1.0
4657,0.0,1.0
4658,0.0,1.0
4659,0.0,1.0
4660,0.0,1.0
4661,0.0,1.0
4662,0.1301,0.7698
4663,0.3024,0.5775
4664,0.4797,0.4299
4665,0.5566,0.3253
4666,0.668,0.2577
4667,0.628,0.2204
4668,0.6622,0.2085
4669,0.6213,0.2204
4670,0.6076,0.2577
4671,0.572,0.3253
4672,0.4699,0.4299
4673,0.294,0.5775
4674,0.1269,0.7698
4675,0.0,1.0
4676,0.0,1.0
4677,0.0,1.0
4678,0.0,1.0
4679,0.0,1.0
4680,0.0,1.0
4681,0.0,1.0
4682,0.0,1.0
4683,0.0,1.0
4684,0.0,1.0
4685,0.0,1.0
4686,0.1307,0.7698
4687,0.3067,0.5775
4688,0.4761,0.4299
4689,0.5674,0.3253
4690,0.6109,0.2577
4691,0.6784,0.2204
4692,0.5909,0.2085
4693,0.6213,0.2204
4694,0.6568,0.2577
4695,0.5458,0.3253
4696,0.45,0.4299
4697,0.315,0.5775
4698,0.1273,0.7698
4699,0.0,1.0
4700,0.0,1.0
4701,0.0,1.0
4702,0.0,1.0
4703,0.0,1.0
4704,0.0,1.0
4705,0.0,1.0
4706,0.0,1.0
4707,0.0,1.0
4708,0.0,1.0
4709,0.0,1.0
4710,0.1203,0.7698
4711,0.2938,0.5775
4712,0.4386,0.4299
4713,0.6175,0.3253
4714,0.6379,0.2577
4715,0.6294,0.2204
4716,0.6719,0.2085
4717,0.6533,0.2204
4718,0.6298,0.2577
4719,0.5407,0.3253
4720,0.4619,0.4299
4721,0.284,0.5775
4722,0.126,0.7698
4723,0.0,1.0
4724,0.0,1.0
4725,0.0,1.0
4726,0.0,1.0
4727,0.0,1.0
4728,0.0,1.0
4729,0.0,1.0
4730,0.0,1.0
4731,0.0,1.0
4732,0.0,1.0
4733,0.0,1.0
4734,0.1212,0.7698
4735,0.3093,0.5775
4736,0.4797,0.4299
4737,0.5936,0.3253
4738,0.6175,0.2577
4739,0.6433,0.2204
4740,0.6911,0.2085
4741,0.6585,0.2204
4742,0.6699,0.2577
4743,0.603,0.3253
4744,0.4325,0.4299
4745,0.3033,0.5775
4746,0.1161,0.7698
4747,0.0,1.0
4748,0.0,1.0
4749,0.0,1.0
4750,0.0,1.0
4751,0.0,1.0
4752,0.0,1.0
4753,0.0,1.0
4754,0.0,1.0
4755,0.0,1.0
4756,0.0,1.0
4757,0.0,1.0
4758,0.1106,0.7698
4759,0.2852,0.5775
4760,0.4409,0.4299
4761,0.553,0.3253
4762,0.606,0.2577
4763,0.5974,0.2204
4764,0.595,0.2085
4765,0.6445,0.2204
4766,0.6122,0.2577
4767,0.5688,0.3253
4768,0.4314,0.4299
4769,0.3067,0.5775
4770,0.1129,0.7698
4771,0.0,1.0
4772,0.0,1.0
4773,0.0,1.0
4774,0.0,1.0
4775,0.0,1.0
4776,0.0,1.0
4777,0.0,1.0
4778,0.0,1.0
4779,0.0,1.0
4780,0.0,1.0
4781,0.0,1.0
4782,0.1263,0.7698
4783,0.2708,0.5775
4784,0.4442,0.4299
4785,0.606,0.3253
4786,0.6391,0.2577
4787,0.6042,0.2204
4788,0.6566,0.2085
4789,0.6005,0.2204
4790,0.6018,0.2577
4791,0.5708,0.3253
4792,0.4105,0.4299
4793,0.2674,0.5775
4794,0.1272,0.7698
4795,0.0,1.0
4796,0.0,1.0
4797,0.0,1.0
4798,0.0,1.0
4799,0.0,1.0
4800,0.0,1.0
4801,0.0,1.0
4802,0.0,1.0
4803,0.0,1.0
4804,0.0,1.0
4805,0.0,1.0
4806,0.1099,0.7698
4807,0.2929,0.5775
4808,0.4426,0.4299
4809,0.5716,0.3253
4810,0.6172,0.2577
4811,0.6339,0.2204
4812,0.6719,0.2085
4813,0.6043,0.2204
4814,0.6805,0.2577
4815,0.5767,0.3253
4816,0.4603,0.4299
4817,0.2803,0.5775
4818,0.1089,0.7698
4819,0.0,1.0
4820,0.0,1.0
4821,0.0,1.0
4822,0.0,1.0
4823,0.0,1.0
4824,0.0,1.0
4825,0.0,1.0
4826,0.0,1.0
4827,0.0,1.0
4828,0.0,1.0
4829,0.0,1.0
4830,0.1255,0.7698
4831,0.2745,0.5775
4832,0.4335,0.4299
4833,0.6051,0.3253
4834,0.6861,0.2577
4835,0.685,0.2204
4836,0.5965,0.2085
4837,0.5973,0.2204
4838,0.6703,0.2577
4839,0.5352,0.3253
4840,0.4456,0.4299
4841,0.3119,0.5775
4842,0.1142,0.7698
4843,0.0,1.0
4844,0.0,1.0
4845,0.0,1.0
4846,0.0,1.0
4847,0.0,1.0
4848,0.0,1.0
4849,0.0,1.0
4850,0.0,1.0
4851,0.0,1.0
4852,0.0,1.0
4853,0.0,1.0
4854,0.107,0.7698
4855,0.2943,0.5775
4856,0.4219,0.4299
4857,0.5827,0.3253
4858,0.5961,0.2577
4859,0.68,0.2204
4860,0.6802,0.2085
4861,0.6817,0.2204
4862,0.6652,0.2577
4863,0.6013,0.3253
4864,0.4556,0.4299
4865,0.2648,0.5775
4866,0.1231,0.7698
4867,0.0,1.0
4868,0.0,1.0
4869,0.0,1.0
4870,0.0,1.0
4871,0.0,1.0
4872,0.0,1.0
4873,0.0,1.0
4874,0.0,1.0
4875,0.0,1.0
4876,0.0,1.0
4877,0.0,1.0
4878,0.107,0.7698
4879,0.2868,0.5775
4880,0.4499,0.4299
4881,0.6176,0.3253
4882,0.667,0.2577
4883,0.6642,0.2204
4884,0.5937,0.2085
4885,0.691,0.2204
4886,0.6642,0.2577
4887,0.6095,0.3253
4888,0.4569,0.4299
4889,0.2979,0.5775
4890,0.1055,0.7698
4891,0.0,1.0
4892,0.0,1.0
4893,0.0,1.0
4894,0.0,1.0
4895,0.0,1.0
4896,0.0,1.0
4897,0.0,1.0
4898,0.0,1.0
4899,0.0,1.0
4900,0.0,1.0
4901,0.0,1.0
4902,0.1153,0.7698
4903,0.3021,0.5775
4904,0.4217,0.4299
4905,0.5526,0.3253
4906,0.617,0.2577
4907,0.6296,0.2204
4908,0.6888,0.2085
4909,0.6313,0.2204
4910,0.6792,0.2577
4911,0.5851,0.3253
4912,0.4601,0.4299
4913,0.2895,0.5775
4914,0.1174,0.7698
4915,0.0,1.0
4916,0.0,1.0
4917,0.0,1.0
4918,0.0,1.0
4919,0.0,1.0
4920,0.0,1.0
4921,0.0,1.0
4922,0.0,1.0
4923,0.0,1.0
4924,0.0,1.0
4925,0.0,1.0
4926,0.1101,0.7698
4927,0.3036,0.5775
4928,0.4371,0.4299
4929,0.6013,0.3253
4930,0.6083,0.2577
4931,0.6872,0.2204
4932,0.6458,0.2085
4933,0.6034,0.2204
4934,0.6584,0.2577
4935,0.5816,0.3253
4936,0.4553,0.4299
4937,0.2963,0.5775
4938,0.1056,0.7698
4939,0.0,1.0
4940,0.0,1.0
4941,0.0,1.0
4942,0.0,1.0
4943,0.0,1.0
4944,0.0,1.0
4945,0.0,1.0
4946,0.0,1.0
4947,0.0,1.0
4948,0.0,1.0
4949,0.0,1.0
4950,0.1024,0.7698
4951,0.2921,0.5775
4952,0.4497,0.4299
4953,0.6092,0.3253
4954,0.6586,0.2577
4955,0.6566,0.2204
4956,0.6779,0.2085
4957,0.6165,0.2204
4958,0.6552,0.2577
4959,0.5598,0.3253
4960,0.4205,0.4299
4961,0.2871,0.5775
4962,0.1168,0.7698
4963,0.0,1.0
4964,0.0,1.0
4965,0.0,1.0
4966,0.0,1.0
4967,0.0,1.0
4968,0.0,1.0
4969,0.0,1.0
4970,0.0,1.0
4971,0.0,1.0
4972,0.0,1.0
4973,0.0,1.0
4974,0.1063,0.7698
4975,0.2817,0.5775
4976,0.4588,0.4299
4977,0.5975,0.3253
4978,0.6695,0.2577
4979,0.6084,0.2204
4980,0.6912,0.2085
4981,0.5989,0.2204
4982,0.6615,0.2577
4983,0.6174,0.3253
4984,0.4501,0.4299
4985,0.2901,0.5775
4986,0.1128,0.7698
4987,0.0,1.0
4988,0.0,1.0
4989,0.0,1.0
4990,0.0,1.0
4991,0.0,1.0
4992,0.0,1.0
4993,0.0,1.0
4994,0.0,1.0
4995,0.0,1.0
4996,0.0,1.0
4997,0.0,1.0
4998,0.1024,0.7698
4999,0.2843,0.5775
5000,0.4721,0.4299
5001,0.6014,0.3253
5002,0.6348,0.2577
5003,0.5934,0.2204
5004,0.5985,0.2085
5005,0.6352,0.2204
5006,0.6482,0.2577
5007,0.5809,0.3253
5008,0.442,0.4299
5009,0.297,0.5775
5010,0.1012,0.7698
5011,0.0,1.0
5012,0.0,1.0
5013,0.0,1.0
5014,0.0,1.0
5015,0.0,1.0
5016,0.0,1.0
5017,0.0,1.0
5018,0.0,1.0
5019,0.0,1.0
5020,0.0,1.0
5021,0.0,1.0
5022,0.1147,0.7698
5023,0.29,0.5775
5024,0.4053,0.4299
5025,0.5778,0.3253
5026,0.6356,0.2577
5027,0.6376,0.2204
5028,0.6468,0.2085
5029,0.6632,0.2204
5030,0.6551,0.2577
5031,0.571,0.3253
5032,0.4195,0.4299
5033,0.289,0.5775
5034,0.1,0.7698
5035,0.0,1.0
5036,0.0,1.0
5037,0.0,1.0
5038,0.0,1.0
5039,0.0,1.0
5040,0.0,1.0
5041,0.0,1.0
5042,0.0,1.0
5043,0.0,1.0
5044,0.0,1.0
5045,0.0,1.0
5046,0.1036,0.7698
5047,0.2823,0.5775
5048,0.4657,0.4299
5049,0.5898,0.3253
5050,0.5919,0.2577
5051,0.6591,0.2204
5052,0.6915,0.2085
5053,0.6213,0.2204
5054,0.6605,0.2577
5055,0.5833,0.3253
5056,0.4388,0.4299
5057,0.2584,0.5775
5058,0.1048,0.7698
5059,0.0,1.0
5060,0.0,1.0
5061,0.0,1.0
5062,0.0,1.0
5063,0.0,1.0
5064,0.0,1.0
5065,0.0,1.0
5066,0.0,1.0
5067,0.0,1.0
5068,0.0,1.0
5069,0.0,1.0
5070,0.1011,0.7698
5071,0.2756,0.5775
5072,0.4678,0.4299
5073,0.5649,0.3253
5074,0.5947,0.2577
5075,0.6116,0.2204
5076,0.6816,0.2085
5077,0.6533,0.2204
5078,0.6141,0.2577
5079,0.5697,0.3253
5080,0.4465,0.4299
5081,0.2698,0.5775
5082,0.1037,0.7698
5083,0.0,1.0
5084,0.0,1.0
5085,0.0,1.0
5086,0.0,1.0
5087,0.0,1.0
5088,0.0,1.0
5089,0.0,1.0
5090,0.0,1.0
5091,0.0,1.0
5092,0.0,1.0
5093,0.0,1.0
5094,0.106,0.7698
5095,0.2604,0.5775
5096,0.4094,0.4299
5097,0.5585,0.3253
5098,0.6757,0.2577
5099,0.6245,0.2204
5100,0.6592,0.2085
5101,0.6699,0.2204
5102,0.6148,0.2577
5103,0.591,0.3253
5104,0.4049,0.4299
5105,0.2861,0.5775
5106,0.1079,0.7698
5107,0.0,1.0
5108,0.0,1.0
5109,0.0,1.0
5110,0.0,1.0
5111,0.0,1.0
5112,0.0,1.0
5113,0.0,1.0
5114,0.0,1.0
5115,0.0,1.0
5116,0.0,1.0
5117,0.0,1.0
5118,0.103,0.7698
5119,0.2591,0.5775
5120,0.4207,0.4299
5121,0.5927,0.3253
5122,0.5907,0.2577
5123,0.6752,0.2204
5124,0.69,0.2085
5125,0.6483,0.2204
5126,0.6802,0.2577
5127,0.5599,0.3253
5128,0.4589,0.4299
5129,0.2739,0.5775
5130,0.097,0.7698
5131,0.0,1.0
5132,0.0,1.0
5133,0.0,1.0
5134,0.0,1.0
5135,0.0,1.0
5136,0.0,1.0
5137,0.0,1.0
5138,0.0,1.0
5139,0.0,1.0
5140,0.0,1.0
5141,0.0,1.0
5142,0.0977,0.7698
5143,0.2908,0.5775
5144,0.446,0.4299
5145,0.5948,0.3253
5146,0.5903,0.2577
5147,0.6374,0.2204
5148,0.6008,0.2085
5149,0.6399,0.2204
5150,0.6173,0.2577
5151,0.5534,0.3253
5152,0.4586,0.4299
5153,0.2558,0.5775
5154,0.1057,0.7698
5155,0.0,1.0
5156,0.0,1.0
5157,0.0,1.0
5158,0.0,1.0
5159,0.0,1.0
5160,0.0,1.0
5161,0.0,1.0
5162,0.0,1.0
5163,0.0,1.0
5164,0.0,1.0
5165,0.0,1.0
5166,0.0932,0.7698
5167,0.2824,0.5775
5168,0.4397,0.4299
5169,0.5659,0.3253
5170,0.6278,0.2577
5171,0.6397,0.2204
5172,0.599,0.2085
5173,0.6515,0.2204
5174,0.661,0.2577
5175,0.6117,0.3253
5176,0.4596,0.4299
5177,0.2596,0.5775
5178,0.0983,0.7698
5179,0.0,1.0
5180,0.0,1.0
5181,0.0,1.0
5182,0.0,1.0
5183,0.0,1.0
5184,0.0,1.0
5185,0.0,1.0
5186,0.0,1.0
5187,0.0,1.0
5188,0.0,1.0
5189,0.0,1.0
5190,0.0938,0.7698
5191,0.2936,0.5775
5192,0.4691,0.4299
5193,0.6135,0.3253
5194,0.6809,0.2577
5195,0.679,0.2204
5196,0.6573,0.2085
5197,0.6346,0.2204
5198,0.6262,0.2577
5199,0.5958,0.3253
5200,0.4097,0.4299
5201,0.2901,0.5775
5202,0.0944,0.7698
5203,0.0,1.0
5204,0.0,1.0
5205,0.0,1.0
5206,0.0,1.0
5207,0.0,1.0
5208,0.0,1.0
5209,0.0,1.0
5210,0.0,1.0
5211,0.0,1.0
5212,0.0,1.0
5213,0.0,1.0
5214,0.0995,0.7698
5215,0.2825,0.5775
5216,0.401,0.4299
5217,0.5321,0.3253
5218,0.6232,0.2577
5219,0.6572,0.2204
5220,0.639,0.2085
5221,0.6931,0.2204
5222,0.5956,0.2577
5223,0.5661,0.3253
5224,0.4576,0.4299
5225,0.2689,0.5775
5226,0.1024,0.7698
5227,0.0,1.0
5228,0.0,1.0
5229,0.0,1.0
5230,0.0,1.0
5231,0.0,1.0
5232,0.0,1.0
5233,0.0,1.0
5234,0.0,1.0
5235,0.0,1.0
5236,0.0,1.0
5237,0.0,1.0
5238,0.0945,0.7698
5239,0.2651,0.5775
5240,0.4445,0.4299
5241,0.6025,0.3253
5242,0.633,0.2577
5243,0.6711,0.2204
5244,0.6087,0.2085
5245,0.6837,0.2204
5246,0.6605,0.2577
5247,0.6003,0.3253
5248,0.4156,0.4299
5249,0.275,0.5775
5250,0.0975,0.7698
5251,0.0,1.0
5252,0.0,1.0
5253,0.0,1.0
5254,0.0,1.0
5255,0.0,1.0
5256,0.0,1.0
5257,0.0,1.0
5258,0.0,1.0
5259,0.0,1.0
5260,0.0,1.0
5261,0.0,1.0
5262,0.0945,0.7698
5263,0.2503,0.5775
5264,0.4482,0.4299
5265,0.5501,0.3253
5266,0.686,0.2577
5267,0.6299,0.2204
5268,0.5908,0.2085
5269,0.6734,0.2204
5270,0.6676,0.2577
5271,0.6111,0.3253
5272,0.4338,0.4299
5273,0.2517,0.5775
5274,0.0932,0.7698
5275,0.0,1.0
5276,0.0,1.0
5277,0.0,1.0
5278,0.0,1.0
5279,0.0,1.0
5280,0.0,1.0
5281,0.0,1.0
5282,0.0,1.0
5283,0.0,1.0
5284,0.0,1.0
5285,0.0,1.0
5286,0.0939,0.7698
5287,0.2825,0.5775
5288,0.4501,0.4299
5289,0.5372,0.3253
5290,0.6332,0.2577
5291,0.6228,0.2204
5292,0.6529,0.2085
5293,0.6285,0.2204
5294,0.6366,0.2577
5295,0.5945,0.3253
5296,0.4143,0.4299
5297,0.2506,0.5775
5298,0.0945,0.7698
5299,0.0,1.0
5300,0.0,1.0
5301,0.0,1.0
5302,0.0,1.0
5303,0.0,1.0
5304,0.0,1.0
5305,0.0,1.0
5306,0.0,1.0
5307,0.0,1.0
5308,0.0,1.0
5309,0.0,1.0
5310,0.0857,0.7698
5311,0.281,0.5775
5312,0.4472,0.4299
5313,0.5952,0.3253
5314,0.6228,0.2577
5315,0.659,0.2204
5316,0.6274,0.2085
5317,0.6377,0.2204
5318,0.6363,0.2577
5319,0.5539,0.3253
5320,0.4601,0.4299
5321,0.2868,0.5775
5322,0.0839,0.7698
5323,0.0,1.0
5324,0.0,1.0
5325,0.0,1.0
5326,0.0,1.0
5327,0.0,1.0
5328,0.0,1.0
5329,0.0,1.0
5330,0.0,1.0
5331,0.0,1.0
5332,0.0,1.0
5333,0.0,1.0
5334,0.0924,0.7698
5335,0.2698,0.5775
5336,0.4321,0.4299
5337,0.5998,0.3253
5338,0.6494,0.2577
5339,0.6032,0.2204
5340,0.6219,0.2085
5341,0.6044,0.2204
5342,0.5965,0.2577
5343,0.5383,0.3253
5344,0.4575,0.4299
5345,0.2506,0.5775
5346,0.0891,0.7698
5347,0.0,1.0
5348,0.0,1.0
5349,0.0,1.0
5350,0.0,1.0
5351,0.0,1.0
5352,0.0,1.0
5353,0.0,1.0
5354,0.0,1.0
5355,0.0,1.0
5356,0.0,1.0
5357,0.0,1.0
5358,0.0884,0.7698
5359,0.2546,0.5775
5360,0.4146,0.4299
5361,0.5824,0.3253
5362,0.6218,0.2577
5363,0.6578,0.2204
5364,0.6403,0.2085
5365,0.6265,0.2204
5366,0.6722,0.2577
5367,0.6062,0.3253
5368,0.4612,0.4299
5369,0.2571,0.5775
5370,0.0906,0.7698
5371,0.0,1.0
5372,0.0,1.0
5373,0.0,1.0
5374,0.0,1.0
5375,0.0,1.0
5376,0.0,1.0
5377,0.0,1.0
5378,0.0,1.0
5379,0.0,1.0
5380,0.0,1.0
5381,0.0,1.0
5382,0.0917,0.7698
5383,0.2617,0.5775
5384,0.4466,0.4299
5385,0.5796,0.3253
5386,0.5931,0.2577
5387,0.6045,0.2204
5388,0.6479,0.2085
5389,0.6051,0.2204
5390,0.5938,0.2577
5391,0.608,0.3253
5392,0.4217,0.4299
5393,0.2592,0.5775
5394,0.0854,0.7698
5395,0.0,1.0
5396,0.0,1.0
5397,0.0,1.0
5398,0.0,1.0
5399,0.0,1.0
5400,0.0,1.0
5401,0.0,1.0
5402,0.0,1.0
5403,0.0,1.0
5404,0.0,1.0
5405,0.0,1.0
5406,0.0832,0.7698
5407,0.2717,0.5775
5408,0.4096,0.4299
5409,0.5464,0.3253
5410,0.5999,0.2577
5411,0.6523,0.2204
5412,0.6334,0.2085
5413,0.6655,0.2204
5414,0.5965,0.2577
5415,0.5315,0.3253
5416,0.4467,0.4299
5417,0.2584,0.5775
5418,0.0845,0.7698
5419,0.0,1.0
5420,0.0,1.0
5421,0.0,1.0
5422,0.0,1.0
5423,0.0,1.0
5424,0.0,1.0
5425,0.0,1.0
5426,0.0,1.0
5427,0.0,1.0
5428,0.0,1.0
5429,0.0,1.0
5430,0.0799,0.7698
5431,0.2785,0.5775
5432,0.4405,0.4299
5433,0.5313,0.3253
5434,0.6274,0.2577
5435,0.6727,0.2204
5436,0.6095,0.2085
5437,0.6634,0.2204
5438,0.647,0.2577
5439,0.5525,0.3253
5440,0.4328,0.4299
5441,0.2415,0.5775
5442,0.0861,0.7698
5443,0.0,1.0
5444,0.0,1.0
5445,0.0,1.0
5446,0.0,1.0
5447,0.0,1.0
5448,0.0,1.0
5449,0.0,1.0
5450,0.0,1.0
5451,0.0,1.0
5452,0.0,1.0
5453,0.0,1.0
5454,0.0739,0.7698
5455,0.2661,0.5775
5456,0.4228,0.4299
5457,0.5253,0.3253
5458,0.6656,0.2577
5459,0.6742,0.2204
5460,0.6728,0.2085
5461,0.6006,0.2204
5462,0.6064,0.2577
5463,0.5507,0.3253
5464,0.4539,0.4299
5465,0.2558,0.5775
5466,0.0736,0.7698
5467,0.0,1.0
5468,0.0,1.0
5469,0.0,1.0
5470,0.0,1.0
5471,0.0,1.0
5472,0.0,1.0
5473,0.0,1.0
5474,0.0,1.0
5475,0.0,1.0
5476,0.0,1.0
5477,0.0,1.0
5478,0.0816,0.7698
5479,0.2399,0.5775
5480,0.4498,0.4299
5481,0.5779,0.3253
5482,0.6385,0.2577
5483,0.5999,0.2204
5484,0.6818,0.2085
5485,0.6122,0.2204
5486,0.6507,0.2577
5487,0.5295,0.3253
5488,0.4338,0.4299
5489,0.2383,0.5775
5490,0.0768,0.7698
5491,0.0,1.0
5492,0.0,1.0
5493,0.0,1.0
5494,0.0,1.0
5495,0.0,1.0
5496,0.0,1.0
5497,0.0,1.0
5498,0.0,1.0
5499,0.0,1.0
5500,0.0,1.0
5501,0.0,1.0
5502,0.0749,0.7698
5503,0.2507,0.5775
5504,0.4065,0.4299
5505,0.5529,0.3253
5506,0.6849,0.2577
5507,0.6512,0.2204
5508,0.6605,0.2085
5509,0.6581,0.2204
5510,0.6804,0.2577
5511,0.5308,0.3253
5512,0.4137,0.4299
5513,0.2385,0.5775
5514,0.078,0.7698
5515,0.0,1.0
5516,0.0,1.0
5517,0.0,1.0
5518,0.0,1.0
5519,0.0,1.0
5520,0.0,1.0
5521,0.0,1.0
5522,0.0,1.0
5523,0.0,1.0
5524,0.0,1.0
5525,0.0,1.0
5526,0.0748,0.7698
5527,0.2588,0.5775
5528,0.4204,0.4299
5529,0.5559,0.3253
5530,0.6224,0.2577
5531,0.5955,0.2204
5532,0.6185,0.2085
5533,0.6887,0.2204
5534,0.6749,0.2577
5535,0.5546,0.3253
5536,0.4357,0.4299
5537,0.2668,0.5775
5538,0.0727,0.7698
5539,0.0,1.0
5540,0.0,1.0
5541,0.0,1.0
5542,0.0,1.0
5543,0.0,1.0
5544,0.0,1.0
5545,0.0,1.0
5546,0.0,1.0
5547,0.0,1.0
5548,0.0,1.0
5549,0.0,1.0
5550,0.068,0.7698
5551,0.2586,0.5775
5552,0.4195,0.4299
5553,0.5715,0.3253
5554,0.6321,0.2577
5555,0.6456,0.2204
5556,0.6447,0.2085
5557,0.6302,0.2204
5558,0.6793,0.2577
5559,0.5945,0.3253
5560,0.4111,0.4299
5561,0.2698,0.5775
5562,0.0735,0.7698
5563,0.0,1.0
5564,0.0,1.0
5565,0.0,1.0
5566,0.0,1.0
5567,0.0,1.0
5568,0.0,1.0
5569,0.0,1.0
5570,0.0,1.0
5571,0.0,1.0
5572,0.0,1.0
5573,0.0,1.0
5574,0.0711,0.7698
5575,0.2446,0.5775
5576,0.4225,0.4299
5577,0.5315,0.3253
5578,0.6714,0.2577
5579,0.6886,0.2204
5580,0.6442,0.2085
5581,0.6294,0.2204
5582,0.6666,0.2577
5583,0.5956,0.3253
5584,0.4483,0.4299
5585,0.2321,0.5775
5586,0.0666,0.7698
5587,0.0,1.0
5588,0.0,1.0
5589,0.0,1.0
5590,0.0,1.0
5591,0.0,1.0
5592,0.0,1.0
5593,0.0,1.0
5594,0.0,1.0
5595,0.0,1.0
5596,0.0,1.0
5597,0.0,1.0
5598,0.0714,0.7698
5599,0.2436,0.5775
5600,0.4155,0.4299
5601,0.5879,0.3253
5602,0.6102,0.2577
5603,0.6349,0.2204
5604,0.6453,0.2085
5605,0.6316,0.2204
5606,0.6329,0.2577
5607,0.5245,0.3253
5608,0.3936,0.4299
5609,0.252,0.5775
5610,0.0712,0.7698
5611,0.0,1.0
5612,0.0,1.0
5613,0.0,1.0
5614,0.0,1.0
5615,0.0,1.0
5616,0.0,1.0
5617,0.0,1.0
5618,0.0,1.0
5619,0.0,1.0
5620,0.0,1.0
5621,0.0,1.0
5622,0.0676,0.7698
5623,0.251,0.5775
5624,0.4183,0.4299
5625,0.5998,0.3253
5626,0.6857,0.2577
5627,0.6313,0.2204
5628,0.6406,0.2085
5629,0.6578,0.2204
5630,0.6453,0.2577
5631,0.5765,0.3253
5632,0.4416,0.4299
5633,0.263,0.5775
5634,0.0631,0.7698
5635,0.0,1.0
5636,0.0,1.0
5637,0.0,1.0
5638,0.0,1.0
5639,0.0,1.0
5640,0.0,1.0
5641,0.0,1.0
5642,0.0,1.0
5643,0.0,1.0
5644,0.0,1.0
5645,0.0,1.0
5646,0.0694,0.7698
5647,0.2623,0.5775
5648,0.4215,0.4299
5649,0.5812,0.3253
5650,0.6943,0.2577
5651,0.5998,0.2204
5652,0.6626,0.2085
5653,0.5957,0.2204
5654,0.6011,0.2577
5655,0.5774,0.3253
5656,0.396,0.4299
5657,0.2332,0.5775
5658,0.0622,0.7698
5659,0.0,1.0
5660,0.0,1.0
5661,0.0,1.0
5662,0.0,1.0
5663,0.0,1.0
5664,0.0,1.0
5665,0.0,1.0
5666,0.0,1.0
5667,0.0,1.0
5668,0.0,1.0
5669,0.0,1.0
5670,0.0597,0.7698
5671,0.2284,0.5775
5672,0.4473,0.4299
5673,0.5831,0.3253
5674,0.6881,0.2577
5675,0.6152,0.2204
5676,0.623,0.2085
5677,0.615,0.2204
5678,0.6586,0.2577
5679,0.5443,0.3253
5680,0.4341,0.4299
5681,0.2279,0.5775
5682,0.0632,0.7698
5683,0.0,1.0
5684,0.0,1.0
5685,0.0,1.0
5686,0.0,1.0
5687,0.0,1.0
5688,0.0,1.0
5689,0.0,1.0
5690,0.0,1.0
5691,0.0,1.0
5692,0.0,1.0
5693,0.0,1.0
5694,0.0602,0.7698
5695,0.2452,0.5775
5696,0.4225,0.4299
5697,0.5742,0.3253
5698,0.6857,0.2577
5699,0.5905,0.2204
5700,0.6897,0.2085
5701,0.6115,0.2204
5702,0.6369,0.2577
5703,0.5387,0.3253
5704,0.3828,0.4299
5705,0.2404,0.5775
5706,0.0635,0.7698
5707,0.0,1.0
5708,0.0,1.0
5709,0.0,1.0
5710,0.0,1.0
5711,0.0,1.0
5712,0.0,1.0
5713,0.0,1.0
5714,0.0,1.0
5715,0.0,1.0
5716,0.0,1.0
5717,0.0,1.0
5718,0.0628,0.7698
5719,0.2514,0.5775
5720,0.431,0.4299
5721,0.5942,0.3253
5722,0.6897,0.2577
5723,0.6554,0.2204
5724,0.6493,0.2085
5725,0.5982,0.2204
5726,0.6705,0.2577
5727,0.5756,0.3253
5728,0.4251,0.4299
5729,0.2482,0.5775
5730,0.0566,0.7698
5731,0.0,1.0
5732,0.0,1.0
5733,0.0,1.0
5734,0.0,1.0
5735,0.0,1.0
5736,0.0,1.0
5737,0.0,1.0
5738,0.0,1.0
5739,0.0,1.0
5740,0.0,1.0
5741,0.0,1.0
5742,0.06,0.7698
5743,0.227,0.5775
5744,0.4306,0.4299
5745,0.5881,0.3253
5746,0.6375,0.2577
5747,0.6399,0.2204
5748,0.6011,0.2085
5749,0.6023,0.2204
5750,0.6193,0.2577
5751,0.5777,0.3253
5752,0.4062,0.4299
5753,0.2242,0.5775
5754,0.0534,0.7698
5755,0.0,1.0
5756,0.0,1.0
5757,0.0,1.0
5758,0.0,1.0
5759,0.0,1.0
5760,0.0,1.0
5761,0.0,1.0
5762,0.0,1.0
5763,0.0,1.0
5764,0.0,1.0
5765,0.0,1.0
5766,0.0542,0.7698
5767,0.2217,0.5775
5768,0.4289,0.4299
5769,0.5974,0.3253
5770,0.6251,0.2577
5771,0.6602,0.2204
5772,0.6364,0.2085
5773,0.6342,0.2204
5774,0.6077,0.2577
5775,0.5374,0.3253
5776,0.4345,0.4299
5777,0.2416,0.5775
5778,0.0495,0.7698
5779,0.0,1.0
5780,0.0,1.0
5781,0.0,1.0
5782,0.0,1.0
5783,0.0,1.0
5784,0.0,1.0
5785,0.0,1.0
5786,0.0,1.0
5787,0.0,1.0
5788,0.0,1.0
5789,0.0,1.0
5790,0.0544,0.7698
5791,0.2225,0.5775
5792,0.3987,0.4299
5793,0.5693,0.3253
5794,0.6581,0.2577
5795,0.6671,0.2204
5796,0.6332,0.2085
5797,0.599,0.2204
5798,0.593,0.2577
5799,0.5722,0.3253
5800,0.3846,0.4299
5801,0.2207,0.5775
5802,0.0514,0.7698
5803,0.0,1.0
5804,0.0,1.0
5805,0.0,1.0
5806,0.0,1.0
5807,0.0,1.0
5808,0.0,1.0
5809,0.0,1.0
5810,0.0,1.0
5811,0.0,1.0
5812,0.0,1.0
5813,0.0,1.0
5814,0.0457,0.7698
5815,0.2503,0.5775
5816,0.4081,0.4299
5817,0.5804,0.3253
5818,0.6187,0.2577
5819,0.6876,0.2204
5820,0.6358,0.2085
5821,0.6835,0.2204
5822,0.6818,0.2577
5823,0.5096,0.3253
5824,0.3918,0.4299
5825,0.2387,0.5775
5826,0.0501,0.7698
5827,0.0,1.0
5828,0.0,1.0
5829,0.0,1.0
5830,0.0,1.0
5831,0.0,1.0
5832,0.0,1.0
5833,0.0,1.0
5834,0.0,1.0
5835,0.0,1.0
5836,0.0,1.0
5837,0.0,1.0
5838,0.0452,0.7698
5839,0.25,0.5775
5840,0.3882,0.4299
5841,0.5657,0.3253
5842,0.6829,0.2577
5843,0.686,0.2204
5844,0.6455,0.2085
5845,0.6287,0.2204
5846,0.6879,0.2577
5847,0.5317,0.3253
5848,0.3887,0.4299
5849,0.239,0.5775
5850,0.0461,0.7698
5851,0.0,1.0
5852,0.0,1.0
5853,0.0,1.0
5854,0.0,1.0
5855,0.0,1.0
5856,0.0,1.0
5857,0.0,1.0
5858,0.0,1.0
5859,0.0,1.0
5860,0.0,1.0
5861,0.0,1.0
5862,0.0441,0.7698
5863,0.2374,0.5775
5864,0.3791,0.4299
5865,0.5422,0.3253
5866,0.6467,0.2577
5867,0.6506,0.2204
5868,0.632,0.2085
5869,0.6215,0.2204
5870,0.5983,0.2577
5871,0.5145,0.3253
5872,0.4207,0.4299
5873,0.2374,0.5775
5874,0.0419,0.7698
5875,0.0,1.0
5876,0.0,1.0
5877,0.0,1.0
5878,0.0,1.0
5879,0.0,1.0
5880,0.0,1.0
5881,0.0,1.0
5882,0.0,1.0
5883,0.0,1.0
5884,0.0,1.0
5885,0.0,1.0
5886,0.0412,0.7698
5887,0.248,0.5775
5888,0.4283,0.4299
5889,0.547,0.3253
5890,0.6644,0.2577
5891,0.633,0.2204
5892,0.6762,0.2085
5893,0.648,0.2204
5894,0.5956,0.2577
5895,0.5791,0.3253
5896,0.4292,0.4299
5897,0.227,0.5775
5898,0.0395,0.7698
5899,0.0,1.0
5900,0.0,1.0
5901,0.0,1.0
5902,0.0,1.0
5903,0.0,1.0
5904,0.0,1.0
5905,0.0,1.0
5906,0.0,1.0
5907,0.0,1.0
5908,0.0,1.0
5909,0.0,1.0
5910,0.0396,0.7698
5911,0.243,0.5775
5912,0.3868,0.4299
5913,0.5321,0.3253
5914,0.6748,0.2577
5915,0.6529,0.2204
5916,0.6703,0.2085
5917,0.6044,0.2204
5918,0.6005,0.2577
5919,0.5499,0.3253
5920,0.4044,0.4299
5921,0.2462,0.5775
5922,0.038,0.7698
5923,0.0,1.0
5924,0.0,1.0
5925,0.0,1.0
5926,0.0,1.0
5927,0.0,1.0
5928,0.0,1.0
5929,0.0,1.0
5930,0.0,1.0
5931,0.0,1.0
5932,0.0,1.0
5933,0.0,1.0
5934,0.0405,0.7698
5935,0.2099,0.5775
5936,0.4121,0.4299
5937,0.5531,0.3253
5938,0.6316,0.2577
5939,0.6359,0.2204
5940,0.65,0.2085
5941,0.6857,0.2204
5942,0.6399,0.2577
5943,0.5841,0.3253
5944,0.3922,0.4299
5945,0.2119,0.5775
5946,0.0382,0.7698
5947,0.0,1.0
5948,0.0,1.0
5949,0.0,1.0
5950,0.0,1.0
5951,0.0,1.0
5952,0.0,1.0
5953,0.0,1.0
5954,0.0,1.0
5955,0.0,1.0
5956,0.0,1.0
5957,0.0,1.0
5958,0.0364,0.7698
5959,0.2229,0.5775
5960,0.405,0.4299
5961,0.5123,0.3253
5962,0.5917,0.2577
5963,0.6146,0.2204
5964,0.6671,0.2085
5965,0.5999,0.2204
5966,0.6406,0.2577
5967,0.5235,0.3253
5968,0.4207,0.4299
5969,0.2264,0.5775
5970,0.0332,0.7698
5971,0.0,1.0
5972,0.0,1.0
5973,0.0,1.0
5974,0.0,1.0
5975,0.0,1.0
5976,0.0,1.0
5977,0.0,1.0
5978,0.0,1.0
5979,0.0,1.0
5980,0.0,1.0
5981,0.0,1.0
5982,0.0314,0.7698
5983,0.2092,0.5775
5984,0.3937,0.4299
5985,0.5759,0.3253
5986,0.632,0.2577
5987,0.6574,0.2204
5988,0.6886,0.2085
5989,0.6841,0.2204
5990,0.68,0.2577
5991,0.5511,0.3253
5992,0.3899,0.4299
5993,0.2098,0.5775
5994,0.034,0.7698
5995,0.0,1.0
5996,0.0,1.0
5997,0.0,1.0
5998,0.0,1.0
5999,0.0,1.0
6000,0.0,1.0
6001,0.0,1.0
6002,0.0,1.0
6003,0.0,1.0
6004,0.0,1.0
6005,0.0,1.0
6006,0.0289,0.7698
6007,0.2244,0.5775
6008,0.3995,0.4299
6009,0.5216,0.3253
6010,0.6493,0.2577
6011,0.686,0.2204
6012,0.6533,0.2085
6013,0.6424,0.2204
6014,0.6107,0.2577
6015,0.5758,0.3253
6016,0.389,0.4299
6017,0.2239,0.5775
6018,0.0293,0.7698
6019,0.0,1.0
6020,0.0,1.0
6021,0.0,1.0
6022,0.0,1.0
6023,0.0,1.0
6024,0.0,1.0
6025,0.0,1.0
6026,0.0,1.0
6027,0.0,1.0
6028,0.0,1.0
6029,0.0,1.0
6030,0.0276,0.7698
6031,0.2055,0.5775
6032,0.4182,0.4299
6033,0.5348,0.3253
6034,0.6776,0.2577
6035,0.682,0.2204
6036,0.6904,0.2085
6037,0.6034,0.2204
6038,0.5976,0.2577
6039,0.5343,0.3253
6040,0.4065,0.4299
6041,0.2205,0.5775
6042,0.0305,0.7698
6043,0.0,1.0
6044,0.0,1.0
6045,0.0,1.0
6046,0.0,1.0
6047,0.0,1.0
6048,0.0,1.0
6049,0.0,1.0
6050,0.0,1.0
6051,0.0,1.0
6052,0.0,1.0
6053,0.0,1.0
6054,0.0245,0.7698
6055,0.2144,0.5775
6056,0.3986,0.4299
6057,0.5783,0.3253
6058,0.6212,0.2577
6059,0.6124,0.2204
6060,0.6614,0.2085
6061,0.598,0.2204
6062,0.6041,0.2577
6063,0.5152,0.3253
6064,0.3835,0.4299
6065,0.2233,0.5775
6066,0.0265,0.7698
6067,0.0,1.0
6068,0.0,1.0
6069,0.0,1.0
6070,0.0,1.0
6071,0.0,1.0
6072,0.0,1.0
6073,0.0,1.0
6074,0.0,1.0
6075,0.0,1.0
6076,0.0,1.0
6077,0.0,1.0
6078,0.0252,0.7698
6079,0.2135,0.5775
6080,0.4088,0.4299
6081,0.5461,0.3253
6082,0.6613,0.2577
6083,0.6723,0.2204
6084,0.6304,0.2085
6085,0.6819,0.2204
6086,0.6117,0.2577
6087,0.5255,0.3253
6088,0.3929,0.4299
6089,0.2171,0.5775
6090,0.0251,0.7698
6091,0.0,1.0
6092,0.0,1.0
6093,0.0,1.0
6094,0.0,1.0
6095,0.0,1.0
6096,0.0,1.0
6097,0.0,1.0
6098,0.0,1.0
6099,0.0,1.0
6100,0.0,1.0
6101,0.0,1.0
6102,0.0206,0.7698
6103,0.2077,0.5775
6104,0.3813,0.4299
6105,0.5139,0.3253
6106,0.6417,0.2577
6107,0.6421,0.2204
6108,0.6741,0.2085
6109,0.6419,0.2204
6110,0.6929,0.2577
6111,0.5851,0.3253
6112,0.3866,0.4299
6113,0.2129,0.5775
6114,0.0204,0.7698
6115,0.0,1.0
6116,0.0,1.0
6117,0.0,1.0
6118,0.0,1.0
6119,0.0,1.0
6120,0.0,1.0
6121,0.0,1.0
6122,0.0,1.0
6123,0.0,1.0
6124,0.0,1.0
6125,0.0,1.0
6126,0.0176,0.7698
6127,0.1971,0.5775
6128,0.3861,0.4299
6129,0.5641,0.3253
6130,0.6769,0.2577
6131,0.6645,0.2204
6132,0.6829,0.2085
6133,0.6685,0.2204
6134,0.6734,0.2577
6135,0.5589,0.3253
6136,0.3813,0.4299
6137,0.2157,0.5775
6138,0.0176,0.7698
6139,0.0,1.0
6140,0.0,1.0
6141,0.0,1.0
6142,0.0,1.0
6143,0.0,1.0
6144,0.0,1.0
6145,0.0,1.0
6146,0.0,1.0
6147,0.0,1.0
6148,0.0,1.0
6149,0.0,1.0
6150,0.0169,0.7698
6151,0.2058,0.5775
6152,0.4058,0.4299
6153,0.5098,0.3253
6154,0.596,0.2577
6155,0.6264,0.2204
6156,0.6861,0.2085
6157,0.5902,0.2204
6158,0.6797,0.2577
6159,0.5289,0.3253
6160,0.3763,0.4299
6161,0.2159,0.5775
6162,0.0165,0.7698
6163,0.0,1.0
6164,0.0,1.0
6165,0.0,1.0
6166,0.0,1.0
6167,0.0,1.0
6168,0.0,1.0
6169,0.0,1.0
6170,0.0,1.0
6171,0.0,1.0
6172,0.0,1.0
6173,0.0,1.0
6174,0.0132,0.7698
6175,0.2127,0.5775
6176,0.3766,0.4299
6177,0.5281,0.3253
6178,0.6501,0.2577
6179,0.6931,0.2204
6180,0.6104,0.2085
6181,0.6887,0.2204
6182,0.6339,0.2577
6183,0.499,0.3253
6184,0.4079,0.4299
6185,0.194,0.5775
6186,0.0131,0.7698
6187,0.0,1.0
6188,0.0,1.0
6189,0.0,1.0
6190,0.0,1.0
6191,0.0,1.0
6192,0.0,1.0
6193,0.0,1.0
6194,0.0,1.0
6195,0.0,1.0
6196,0.0,1.0
6197,0.0,1.0
6198,0.0122,0.7698
6199,0.1967,0.5775
6200,0.4066,0.4299
6201,0.5717,0.3253
6202,0.6856,0.2577
6203,0.6218,0.2204
6204,0.6764,0.2085
6205,0.6165,0.2204
6206,0.6174,0.2577
6207,0.5723,0.3253
6208,0.4154,0.4299
6209,0.2085,0.5775
6210,0.0118,0.7698
6211,0.0,1.0
6212,0.0,1.0
6213,0.0,1.0
6214,0.0,1.0
6215,0.0,1.0
6216,0.0,1.0
6217,0.0,1.0
6218,0.0,1.0
6219,0.0,1.0
6220,0.0,1.0
6221,0.0,1.0
6222,0.009,0.7698
6223,0.1888,0.5775
6224,0.3804,0.4299
6225,0.5037,0.3253
6226,0.6507,0.2577
6227,0.5973,0.2204
6228,0.6888,0.2085
6229,0.6523,0.2204
6230,0.672,0.2577
6231,0.5031,0.3253
6232,0.3708,0.4299
6233,0.1982,0.5775
6234,0.0097,0.7698
6235,0.0,1.0
6236,0.0,1.0
6237,0.0,1.0
6238,0.0,1.0
6239,0.0,1.0
6240,0.0,1.0
6241,0.0,1.0
6242,0.0,1.0
6243,0.0,1.0
6244,0.0,1.0
6245,0.0,1.0
6246,0.0062,0.7698
6247,0.2167,0.5775
6248,0.3671,0.4299
6249,0.5006,0.3253
6250,0.648,0.2577
6251,0.6696,0.2204
6252,0.6498,0.2085
6253,0.6477,0.2204
6254,0.6915,0.2577
6255,0.5248,0.3253
6256,0.3728,0.4299
6257,0.2106,0.5775
6258,0.0066,0.7698
6259,0.0,1.0
6260,0.0,1.0
6261,0.0,1.0
6262,0.0,1.0
6263,0.0,1.0
6264,0.0,1.0
6265,0.0,1.0
6266,0.0,1.0
6267,0.0,1.0
6268,0.0,1.0
6269,0.0,1.0
6270,0.0042,0.7698
6271,0.1983,0.5775
6272,0.3804,0.4299
6273,0.528,0.3253
6274,0.6695,0.2577
6275,0.6395,0.2204
6276,0.5993,0.2085
6277,0.6689,0.2204
6278,0.6639,0.2577
6279,0.5789,0.3253
6280,0.386,0.4299
6281,0.1849,0.5775
6282,0.004,0.7698
6283,0.0,1.0
6284,0.0,1.0
6285,0.0,1.0
6286,0.0,1.0
6287,0.0,1.0
6288,0.0,1.0
6289,0.0,1.0
6290,0.0,1.0
6291,0.0,1.0
6292,0.0,1.0
6293,0.0,1.0
6294,0.0017,0.7698
6295,0.1929,0.5775
6296,0.3856,0.4299
6297,0.5075,0.3253
6298,0.6891,0.2577
6299,0.596,0.2204
6300,0.6071,0.2085
6301,0.6167,0.2204
6302,0.6838,0.2577
6303,0.5241,0.3253
6304,0.3985,0.4299
6305,0.2108,0.5775
6306,0.0016,0.7698
6307,0.0,1.0
6308,0.0,1.0
6309,0.0,1.0
6310,0.0,1.0
6311,0.0,1.0
6312,0.0,1.0
6313,0.0,1.0
6314,0.0,1.0
6315,0.0,1.0
6316,0.0,1.0
6317,0.0,1.0
6318,0.0,0.7698
6319,0.2025,0.5775
6320,0.406,0.4299
6321,0.4949,0.3253
6322,0.6681,0.2577
6323,0.6095,0.2204
6324,0.6761,0.2085
6325,0.6471,0.2204
6326,0.5983,0.2577
6327,0.5105,0.3253
6328,0.3562,0.4299
6329,0.1849,0.5775
6330,0.0,0.7698
6331,0.0,1.0
6332,0.0,1.0
6333,0.0,1.0
6334,0.0,1.0
6335,0.0,1.0
6336,0.0,1.0
6337,0.0,1.0
6338,0.0,1.0
6339,0.0,1.0
6340,0.0,1.0
6341,0.0,1.0
6342,0.0,0.7698
6343,0.2034,0.5775
6344,0.3579,0.4299
6345,0.5216,0.3253
6346,0.5927,0.2577
6347,0.6277,0.2204
6348,0.6833,0.2085
6349,0.6165,0.2204
6350,0.6884,0.2577
6351,0.5091,0.3253
6352,0.3757,0.4299
6353,0.19,0.5775
6354,0.0,0.7698
6355,0.0,1.0
6356,0.0,1.0
6357,0.0,1.0
6358,0.0,1.0
6359,0.0,1.0
6360,0.0,1.0
6361,0.0,1.0
6362,0.0,1.0
6363,0.0,1.0
6364,0.0,1.0
6365,0.0,1.0
6366,0.0,0.7698
6367,0.1881,0.5775
6368,0.3531,0.4299
6369,0.4947,0.3253
6370,0.621,0.2577
6371,0.6538,0.2204
6372,0.6442,0.2085
6373,0.6561,0.2204
6374,0.6054,0.2577
6375,0.5247,0.3253
6376,0.3822,0.4299
6377,0.1776,0.5775
6378,0.0,0.7698
6379,0.0,1.0
6380,0.0,1.0
6381,0.0,1.0
6382,0.0,1.0
6383,0.0,1.0
6384,0.0,1.0
6385,0.0,1.0
6386,0.0,1.0
6387,0.0,1.0
6388,0.0,1.0
6389,0.0,1.0
6390,0.0,0.7698
6391,0.1815,0.5775
6392,0.3663,0.4299
6393,0.5651,0.3253
6394,0.6837,0.2577
6395,0.6688,0.2204
6396,0.6422,0.2085
6397,0.592,0.2204
6398,0.6363,0.2577
6399,0.5307,0.3253
6400,0.384,0.4299
6401,0.1966,0.5775
6402,0.0,0.7698
6403,0.0,1.0
6404,0.0,1.0
6405,0.0,1.0
6406,0.0,1.0
6407,0.0,1.0
6408,0.0,1.0
6409,0.0,1.0
6410,0.0,1.0
6411,0.0,1.0
6412,0.0,1.0
6413,0.0,1.0
6414,0.0,0.7698
6415,0.1945,0.5775
6416,0.3914,0.4299
6417,0.5265,0.3253
6418,0.6852,0.2577
6419,0.6115,0.2204
6420,0.6037,0.2085
6421,0.6873,0.2204
6422,0.6388,0.2577
6423,0.5104,0.3253
6424,0.3642,0.4299
6425,0.1949,0.5775
6426,0.0,0.7698
6427,0.0,1.0
6428,0.0,1.0
6429,0.0,1.0
6430,0.0,1.0
6431,0.0,1.0
6432,0.0,1.0
6433,0.0,1.0
6434,0.0,1.0
6435,0.0,1.0
6436,0.0,1.0
6437,0.0,1.0
6438,0.0,0.7698
6439,0.1973,0.5775
6440,0.3596,0.4299
6441,0.4933,0.3253
6442,0.6356,0.2577
6443,0.6267,0.2204
6444,0.6291,0.2085
6445,0.6613,0.2204
6446,0.6173,0.2577
6447,0.5589,0.3253
6448,0.3984,0.4299
6449,0.1746,0.5775
6450,0.0,0.7698
6451,0.0,1.0
6452,0.0,1.0
6453,0.0,1.0
6454,0.0,1.0
6455,0.0,1.0
6456,0.0,1.0
6457,0.0,1.0
6458,0.0,1.0
6459,0.0,1.0
6460,0.0,1.0
6461,0.0,1.0
6462,0.0,0.7698
6463,0.174,0.5775
6464,0.3663,0.4299
6465,0.5702,0.3253
6466,0.6098,0.2577
6467,0.656,0.2204
6468,0.6403,0.2085
6469,0.6495,0.2204
6470,0.6479,0.2577
6471,0.5669,0.3253
6472,0.3763,0.4299
6473,0.1705,0.5775
6474,0.0,0.7698
6475,0.0,1.0
6476,0.0,1.0
6477,0.0,1.0
6478,0.0,1.0
6479,0.0,1.0
6480,0.0,1.0
6481,0.0,1.0
6482,0.0,1.0
6483,0.0,1.0
6484,0.0,1.0
6485,0.0,1.0
6486,0.0,0.7698
6487,0.1735,0.5775
6488,0.3588,0.4299
6489,0.5132,0.3253
6490,0.5929,0.2577
6491,0.6145,0.2204
6492,0.6352,0.2085
6493,0.6432,0.2204
6494,0.6067,0.2577
6495,0.5267,0.3253
6496,0.3647,0.4299
6497,0.1871,0.5775
6498,0.0,0.7698
6499,0.0,1.0
6500,0.0,1.0
6501,0.0,1.0
6502,0.0,1.0
6503,0.0,1.0
6504,0.0,0.179
6505,0.0,0.1743
6506,0.0,0.1609
6507,0.0,0.1411
6508,0.0,0.1177
6509,0.0,0.094
6510,0.0,0.0723
6511,0.1726,0.0542
6512,0.367,0.0404
6513,0.5129,0.0306
6514,0.6625,0.0242
6515,0.5964,0.0207
6516,0.6288,0.0196
6517,0.6548,0.0207
6518,0.6177,0.0242
6519,0.503,0.0306
6520,0.3482,0.0404
6521,0.1698,0.0542
6522,0.0,0.0723
6523,0.0,0.094
6524,0.0,0.1177
6525,0.0,0.1411
6526,0.0,0.1609
6527,0.0,0.1743
6528,0.0,0.179
6529,0.0,0.1743
6530,0.0,0.1609
6531,0.0,0.1411
6532,0.0,0.1177
6533,0.0,0.094
6534,0.0,0.0723
6535,0.1877,0.0542
6536,0.337,0.0404
6537,0.516,0.0306
6538,0.6701,0.0242
6539,0.6483,0.0207
6540,0.6375,0.0196
6541,0.6522,0.0207
6542,0.6664,0.0242
6543,0.5327,0.0306
6544,0.3654,0.0404
6545,0.1707,0.0542
6546,0.0,0.0723
6547,0.0,0.094
6548,0.0,0.1177
6549,0.0,0.1411
6550,0.0,0.1609
6551,0.0,0.1743
6552,0.0,0.179
6553,0.0,0.1743
6554,0.0,0.1609
6555,0.0,0.1411
6556,0.0,0.1177
6557,0.0,0.094
6558,0.0,0.0723
6559,0.1767,0.0542
6560,0.3502,0.0404
6561,0.53,0.0306
6562,0.5965,0.0242
6563,0.6759,0.0207
6564,0.6159,0.0196
6565,0.661,0.0207
6566,0.6265,0.0242
6567,0.4891,0.0306
6568,0.3427,0.0404
6569,0.1694,0.0542
6570,0.0,0.0723
6571,0.0,0.094
6572,0.0,0.1177
6573,0.0,0.1411
6574,0.0,0.1609
6575,0.0,0.1743
6576,0.0,0.179
6577,0.0,0.1743
6578,0.0,0.1609
6579,0.0,0.1411
6580,0.0,0.1177
6581,0.0,0.094
6582,0.0,0.0723
6583,0.1692,0.0542
6584,0.374,0.0404
6585,0.4966,0.0306
6586,0.5967,0.0242
6587,0.6943,0.0207
6588,0.689,0.0196
6589,0.6652,0.0207
6590,0.6939,0.0242
6591,0.5195,0.0306
6592,0.3715,0.0404
6593,0.1663,0.0542
6594,0.0,0.0723
6595,0.0,0.094
6596,0.0,0.1177
6597,0.0,0.1411
6598,0.0,0.1609
6599,0.0,0.1743
6600,0.0,0.179
6601,0.0,0.1743
6602,0.0,0.1609
6603,0.0,0.1411
6604,0.0,0.1177
6605,0.0,0.094
6606,0.0,0.0723
6607,0.1657,0.0542
6608,0.3854,0.0404
6609,0.5332,0.0306
6610,0.6507,0.0242
6611,0.6394,0.0207
6612,0.6274,0.0196
6613,0.6781,0.0207
6614,0.662,0.0242
6615,0.5159,0.0306
6616,0.3868,0.0404
6617,0.1746,0.0542
6618,0.0,0.0723
6619,0.0,0.094
6620,0.0,0.1177
6621,0.0,0.1411
6622,0.0,0.1609
6623,0.0,0.1743
6624,0.0,0.179
6625,0.0,0.1743
6626,0.0,0.1609
6627,0.0,0.1411
6628,0.0,0.1177
6629,0.0,0.094
6630,0.0,0.0723
6631,0.1565,0.0542
6632,0.3321,0.0404
6633,0.552,0.0306
6634,0.6174,0.0242
6635,0.6129,0.0207
6636,0.5909,0.0196
6637,0.6078,0.0207
6638,0.6565,0.0242
6639,0.5276,0.0306
6640,0.3398,0.0404
6641,0.1606,0.0542
6642,0.0,0.0723
6643,0.0,0.094
6644,0.0,0.1177
6645,0.0,0.1411
6646,0.0,0.1609
6647,0.0,0.1743
6648,0.0,0.179
6649,0.0,0.1743
6650,0.0,0.1609
6651,0.0,0.1411
6652,0.0,0.1177
6653,0.0,0.094
6654,0.0,0.0723
6655,0.1664,0.0542
6656,0.35,0.0404
6657,0.5627,0.0306
6658,0.6799,0.0242
6659,0.6712,0.0207
6660,0.6699,0.0196
6661,0.6266,0.0207
6662,0.6771,0.0242
6663,0.5568,0.0306
6664,0.3459,0.0404
6665,0.1732,0.0542
6666,0.0,0.0723
6667,0.0,0.094
6668,0.0,0.1177
6669,0.0,0.1411
6670,0.0,0.1609
6671,0.0,0.1743
6672,0.0,0.179
6673,0.0,0.1743
6674,0.0,0.1609
6675,0.0,0.1411
6676,0.0,0.1177
6677,0.0,0.094
6678,0.0,0.0723
6679,0.1692,0.0542
6680,0.3596,0.0404
6681,0.5458,0.0306
6682,0.6779,0.0242
6683,0.6793,0.0207
6684,0.6497,0.0196
6685,0.6777,0.0207
6686,0.6561,0.0242
6687,0.4794,0.0306
6688,0.376,0.0404
6689,0.1682,0.0542
6690,0.0,0.0723
6691,0.0,0.094
6692,0.0,0.1177
6693,0.0,0.1411
6694,0.0,0.1609
6695,0.0,0.1743
6696,0.0,0.179
6697,0.0,0.1743
6698,0.0,0.1609
6699,0.0,0.1411
6700,0.0,0.1177
6701,0.0,0.094
6702,0.0,0.0723
6703,0.1729,0.0542
6704,0.3486,0.0404
6705,0.5513,0.0306
6706,0.6619,0.0242
6707,0.6888,0.0207
6708,0.6095,0.0196
6709,0.6099,0.0207
6710,0.6365,0.0242
6711,0.5455,0.0306
6712,0.333,0.0404
6713,0.1577,0.0542
6714,0.0,0.0723
6715,0.0,0.094
6716,0.0,0.1177
6717,0.0,0.1411
6718,0.0,0.1609
6719,0.0,0.1743
6720,0.0,0.179
6721,0.0,0.1743
6722,0.0,0.1609
6723,0.0,0.1411
6724,0.0,0.1177
6725,0.0,0.094
6726,0.0,0.0723
6727,0.1523,0.0542
6728,0.3399,0.0404
6729,0.4876,0.0306
6730,0.667,0.0242
6731,0.6343,0.0207
6732,0.6575,0.0196
6733,0.686,0.0207
6734,0.5999,0.0242
6735,0.5299,0.0306
6736,0.3553,0.0404
6737,0.1501,0.0542
6738,0.0,0.0723
6739,0.0,0.094
6740,0.0,0.1177
6741,0.0,0.1411
6742,0.0,0.1609
6743,0.0,0.1743
6744,0.0,0.179
6745,0.0,0.1743
6746,0.0,0.1609
6747,0.0,0.1411
6748,0.0,0.1177
6749,0.0,0.094
6750,0.0,0.0723
6751,0.1629,0.0542
6752,0.3717,0.0404
6753,0.4968,0.0306
6754,0.6826,0.0242
6755,0.5908,0.0207
6756,0.6059,0.0196
6757,0.6615,0.0207
6758,0.592,0.0242
6759,0.5349,0.0306
6760,0.3428,0.0404
6761,0.1462,0.0542
6762,0.0,0.0723
6763,0.0,0.094
6764,0.0,0.1177
6765,0.0,0.1411
6766,0.0,0.1609
6767,0.0,0.1743
6768,0.0,0.179
6769,0.0,0.1743
6770,0.0,0.1609
6771,0.0,0.1411
6772,0.0,0.1177
6773,0.0,0.094
6774,0.0,0.0723
6775,0.1563,0.0542
6776,0.3528,0.0404
6777,0.5506,0.0306
6778,0.6453,0.0242
6779,0.6313,0.0207
6780,0.6442,0.0196
6781,0.6867,0.0207
6782,0.602,0.0242
6783,0.5305,0.0306
6784,0.3386,0.0404
6785,0.1507,0.0542
6786,0.0,0.0723
6787,0.0,0.094
6788,0.0,0.1177
6789,0.0,0.1411
6790,0.0,0.1609
6791,0.0,0.1743
6792,0.0,0.179
6793,0.0,0.1743
6794,0.0,0.1609
6795,0.0,0.1411
6796,0.0,0.1177
6797,0.0,0.094
6798,0.0,0.0723
6799,0.1507,0.0542
6800,0.335,0.0404
6801,0.5054,0.0306
6802,0.6033,0.0242
6803,0.5985,0.0207
6804,0.694,0.0196
6805,0.6427,0.0207
6806,0.6251,0.0242
6807,0.5439,0.0306
6808,0.3745,0.0404
6809,0.1405,0.0542
6810,0.0,0.0723
6811,0.0,0.094
6812,0.0,0.1177
6813,0.0,0.1411
6814,0.0,0.1609
6815,0.0,0.1743
6816,0.0,0.179
6817,0.0,0.1743
6818,0.0,0.1609
6819,0.0,0.1411
6820,0.0,0.1177
6821,0.0,0.094
6822,0.0,0.0723
6823,0.1463,0.0542
6824,0.349,0.0404
6825,0.515,0.0306
6826,0.6459,0.0242
6827,0.6038,0.0207
6828,0.6539,0.0196
6829,0.6076,0.0207
6830,0.6108,0.0242
6831,0.5029,0.0306
6832,0.3235,0.0404
6833,0.1471,0.0542
6834,0.0,0.0723
6835,0.0,0.094
6836,0.0,0.1177
6837,0.0,0.1411
6838,0.0,0.1609
6839,0.0,0.1743
6840,0.0,0.179
6841,0.0,0.1743
6842,0.0,0.1609
6843,0.0,0.1411
6844,0.0,0.1177
6845,0.0,0.094
6846,0.0,0.0723
6847,0.1439,0.0542
6848,0.3322,0.0404
6849,0.5096,0.0306
6850,0.6031,0.0242
6851,0.6648,0.0207
6852,0.6249,0.0196
6853,0.6658,0.0207
6854,0.616,0.0242
6855,0.5024,0.0306
6856,0.3582,0.0404
6857,0.1452,0.0542
6858,0.0,0.0723
6859,0.0,0.094
6860,0.0,0.1177
6861,0.0,0.1411
6862,0.0,0.1609
6863,0.0,0.1743
6864,0.0,0.179
6865,0.0,0.1743
6866,0.0,0.1609
6867,0.0,0.1411
6868,0.0,0.1177
6869,0.0,0.094
6870,0.0,0.0723
6871,0.1556,0.0542
6872,0.3195,0.0404
6873,0.5027,0.0306
6874,0.6679,0.0242
6875,0.6795,0.0207
6876,0.6219,0.0196
6877,0.6818,0.0207
6878,0.6754,0.0242
6879,0.5026,0.0306
6880,0.345,0.0404
6881,0.1503,0.0542
6882,0.0,0.0723
6883,0.0,0.094
6884,0.0,0.1177
6885,0.0,0.1411
6886,0.0,0.1609
6887,0.0,0.1743
6888,0.0,0.179
6889,0.0,0.1743
6890,0.0,0.1609
6891,0.0,0.1411
6892,0.0,0.1177
6893,0.0,0.094
6894,0.0,0.0723
6895,0.1505,0.0542
6896,0.3558,0.0404
6897,0.506,0.0306
6898,0.6533,0.0242
6899,0.6064,0.0207
6900,0.6247,0.0196
6901,0.6522,0.0207
6902,0.6082,0.0242
6903,0.5156,0.0306
6904,0.3446,0.0404
6905,0.145,0.0542
6906,0.0,0.0723
6907,0.0,0.094
6908,0.0,0.1177
6909,0.0,0.1411
6910,0.0,0.1609
6911,0.0,0.1743
6912,0.0,0.179
6913,0.0,0.1743
6914,0.0,0.1609
6915,0.0,0.1411
6916,0.0,0.1177
6917,0.0,0.094
6918,0.0,0.0723
6919,0.1317,0.0542
6920,0.3344,0.0404
6921,0.4935,0.0306
6922,0.6294,0.0242
6923,0.612,0.0207
6924,0.6818,0.0196
6925,0.6446,0.0207
6926,0.6003,0.0242
6927,0.5442,0.0306
6928,0.3205,0.0404
6929,0.1436,0.0542
6930,0.0,0.0723
6931,0.0,0.094
6932,0.0,0.1177
6933,0.0,0.1411
6934,0.0,0.1609
6935,0.0,0.1743
6936,0.0,0.179
6937,0.0,0.1743
6938,0.0,0.1609
6939,0.0,0.1411
6940,0.0,0.1177
6941,0.0,0.094
6942,0.0,0.0723
6943,0.1462,0.0542
6944,0.3502,0.0404
6945,0.5359,0.0306
6946,0.6196,0.0242
6947,0.6375,0.0207
6948,0.5971,0.0196
6949,0.6738,0.0207
6950,0.6754,0.0242
6951,0.495,0.0306
6952,0.3572,0.0404
6953,0.1399,0.0542
6954,0.0,0.0723
6955,0.0,0.094
6956,0.0,0.1177
6957,0.0,0.1411
6958,0.0,0.1609
6959,0.0,0.1743
6960,0.0,0.179
6961,0.0,0.1743
6962,0.0,0.1609
6963,0.0,0.1411
6964,0.0,0.1177
6965,0.0,0.094
6966,0.0,0.0723
6967,0.1336,0.0542
6968,0.3553,0.0404
6969,0.5114,0.0306
6970,0.6274,0.0242
6971,0.6423,0.0207
6972,0.6305,0.0196
6973,0.6871,0.0207
6974,0.6345,0.0242
6975,0.5511,0.0306
6976,0.3522,0.0404
6977,0.1326,0.0542
6978,0.0,0.0723
6979,0.0,0.094
6980,0.0,0.1177
6981,0.0,0.1411
6982,0.0,0.1609
6983,0.0,0.1743
6984,0.0,0.179
6985,0.0,0.1743
6986,0.0,0.1609
6987,0.0,0.1411
6988,0.0,0.1177
6989,0.0,0.094
6990,0.0,0.0723
6991,0.1438,0.0542
6992,0.3259,0.0404
6993,0.5468,0.0306
6994,0.5918,0.0242
6995,0.6639,0.0207
6996,0.666,0.0196
6997,0.6608,0.0207
6998,0.6594,0.0242
6999,0.5226,0.0306
7000,0.3222,0.0404
7001,0.1355,0.0542
7002,0.0,0.0723
7003,0.0,0.094
7004,0.0,0.1177
7005,0.0,0.1411
7006,0.0,0.1609
7007,0.0,0.1743
7008,0.0,0.179
7009,0.0,0.1743
7010,0.0,0.1609
7011,0.0,0.1411
7012,0.0,0.1177
7013,0.0,0.094
7014,0.0,0.0723
7015,0.1351,0.0542
7016,0.3193,0.0404
7017,0.4816,0.0306
7018,0.6072,0.0242
7019,0.6133,0.0207
7020,0.6801,0.0196
7021,0.6605,0.0207
7022,0.6202,0.0242
7023,0.4717,0.0306
7024,0.3235,0.0404
7025,0.1414,0.0542
7026,0.0,0.0723
7027,0.0,0.094
7028,0.0,0.1177
7029,0.0,0.1411
7030,0.0,0.1609
7031,0.0,0.1743
7032,0.0,0.179
7033,0.0,0.1743
7034,0.0,0.1609
7035,0.0,0.1411
7036,0.0,0.1177
7037,0.0,0.094
7038,0.0,0.0723
7039,0.141,0.0542
7040,0.3069,0.0404
7041,0.5375,0.0306
7042,0.6419,0.0242
7043,0.6466,0.0207
7044,0.6386,0.0196
7045,0.6527,0.0207
7046,0.6786,0.0242
7047,0.537,0.0306
7048,0.3131,0.0404
7049,0.1419,0.0542
7050,0.0,0.0723
7051,0.0,0.094
7052,0.0,0.1177
7053,0.0,0.1411
7054,0.0,0.1609
7055,0.0,0.1743
7056,0.0,0.179
7057,0.0,0.1743
7058,0.0,0.1609
7059,0.0,0.1411
7060,0.0,0.1177
7061,0.0,0.094
7062,0.0,0.0723
7063,0.1301,0.0542
7064,0.306,0.0404
7065,0.4955,0.0306
7066,0.682,0.0242
7067,0.6882,0.0207
7068,0.6534,0.0196
7069,0.6145,0.0207
7070,0.6287,0.0242
7071,0.5334,0.0306
7072,0.3398,0.0404
7073,0.1229,0.0542
7074,0.0,0.0723
7075,0.0,0.094
7076,0.0,0.1177
7077,0.0,0.1411
7078,0.0,0.1609
7079,0.0,0.1743
7080,0.0,0.179
7081,0.0,0.1743
7082,0.0,0.1609
7083,0.0,0.1411
7084,0.0,0.1177
7085,0.0,0.094
7086,0.0,0.0723
7087,0.1357,0.0542
7088,0.3285,0.0404
7089,0.5149,0.0306
7090,0.6016,0.0242
7091,0.666,0.0207
7092,0.6042,0.0196
7093,0.6735,0.0207
7094,0.6269,0.0242
7095,0.5417,0.0306
7096,0.3301,0.0404
7097,0.1292,0.0542
7098,0.0,0.0723
7099,0.0,0.094
7100,0.0,0.1177
7101,0.0,0.1411
7102,0.0,0.1609
7103,0.0,0.1743
7104,0.0,0.179
7105,0.0,0.1743
7106,0.0,0.1609
7107,0.0,0.1411
7108,0.0,0.1177
7109,0.0,0.094
7110,0.0,0.0723
7111,0.1339,0.0542
7112,0.3369,0.0404
7113,0.4768,0.0306
7114,0.6468,0.0242
7115,0.672,0.0207
7116,0.5981,0.0196
7117,0.6908,0.0207
7118,0.616,0.0242
7119,0.4637,0.0306
7120,0.3363,0.0404
7121,0.131,0.0542
7122,0.0,0.0723
7123,0.0,0.094
7124,0.0,0.1177
7125,0.0,0.1411
7126,0.0,0.1609
7127,0.0,0.1743
7128,0.0,0.179
7129,0.0,0.1743
7130,0.0,0.1609
7131,0.0,0.1411
7132,0.0,0.1177
7133,0.0,0.094
7134,0.0,0.0723
7135,0.1331,0.0542
7136,0.3441,0.0404
7137,0.5301,0.0306
7138,0.6172,0.0242
7139,0.6628,0.0207
7140,0.6715,0.0196
7141,0.6876,0.0207
7142,0.6684,0.0242
7143,0.4684,0.0306
7144,0.3432,0.0404
7145,0.131,0.0542
7146,0.0,0.0723
7147,0.0,0.094
7148,0.0,0.1177
7149,0.0,0.1411
7150,0.0,0.1609
7151,0.0,0.1743
7152,0.0,0.179
7153,0.0,0.1743
7154,0.0,0.1609
7155,0.0,0.1411
7156,0.0,0.1177
7157,0.0,0.094
7158,0.0,0.0723
7159,0.1184,0.0542
7160,0.3455,0.0404
7161,0.5406,0.0306
7162,0.6857,0.0242
7163,0.6247,0.0207
7164,0.6841,0.0196
7165,0.6685,0.0207
7166,0.6195,0.0242
7167,0.5295,0.0306
7168,0.3172,0.0404
7169,0.115,0.0542
7170,0.0,0.0723
7171,0.0,0.094
7172,0.0,0.1177
7173,0.0,0.1411
7174,0.0,0.1609
7175,0.0,0.1743
7176,0.0,0.179
7177,0.0,0.1743
7178,0.0,0.1609
7179,0.0,0.1411
7180,0.0,0.1177
7181,0.0,0.094
7182,0.0,0.0723
7183,0.1116,0.0542
7184,0.324,0.0404
7185,0.4832,0.0306
7186,0.6496,0.0242
7187,0.6324,0.0207
7188,0.6377,0.0196
7189,0.6398,0.0207
7190,0.6448,0.0242
7191,0.4643,0.0306
7192,0.341,0.0404
7193,0.1259,0.0542
7194,0.0,0.0723
7195,0.0,0.094
7196,0.0,0.1177
7197,0.0,0.1411
7198,0.0,0.1609
7199,0.0,0.1743
7200,0.0,0.179
7201,0.0,0.1743
7202,0.0,0.1609
7203,0.0,0.1411
7204,0.0,0.1177
7205,0.0,0.094
7206,0.0,0.0723
7207,0.1209,0.0542
7208,0.3284,0.0404
7209,0.5347,0.0306
7210,0.6713,0.0242
7211,0.6423,0.0207
7212,0.6499,0.0196
7213,0.5971,0.0207
7214,0.6591,0.0242
7215,0.5061,0.0306
7216,0.3135,0.0404
7217,0.1252,0.0542
7218,0.0,0.0723
7219,0.0,0.094
7220,0.0,0.1177
7221,0.0,0.1411
7222,0.0,0.1609
7223,0.0,0.1743
7224,0.0,0.179
7225,0.0,0.1743
7226,0.0,0.1609
7227,0.0,0.1411
7228,0.0,0.1177
7229,0.0,0.094
7230,0.0,0.0723
7231,0.1147,0.0542
7232,0.3073,0.0404
7233,0.4787,0.0306
7234,0.6692,0.0242
7235,0.6587,0.0207
7236,0.628,0.0196
7237,0.6711,0.0207
7238,0.6259,0.0242
7239,0.4694,0.0306
7240,0.3289,0.0404
7241,0.1087,0.0542
7242,0.0,0.0723
7243,0.0,0.094
7244,0.0,0.1177
7245,0.0,0.1411
7246,0.0,0.1609
7247,0.0,0.1743
7248,0.0,0.179
7249,0.0,0.1743
7250,0.0,0.1609
7251,0.0,0.1411
7252,0.0,0.1177
7253,0.0,0.094
7254,0.0,0.0723
7255,0.1177,0.0542
7256,0.3154,0.0404
7257,0.5248,0.0306
7258,0.617,0.0242
7259,0.6297,0.0207
7260,0.6793,0.0196
7261,0.5915,0.0207
7262,0.5958,0.0242
7263,0.4885,0.0306
7264,0.3046,0.0404
7265,0.1188,0.0542
7266,0.0,0.0723
7267,0.0,0.094
7268,0.0,0.1177
7269,0.0,0.1411
7270,0.0,0.1609
7271,0.0,0.1743
7272,0.0,0.179
7273,0.0,0.1743
7274,0.0,0.1609
7275,0.0,0.1411
7276,0.0,0.1177
7277,0.0,0.094
7278,0.0,0.0723
7279,0.1191,0.0542
7280,0.3066,0.0404
7281,0.4953,0.0306
7282,0.6139,0.0242
7283,0.6057,0.0207
7284,0.6326,0.0196
7285,0.6508,0.0207
7286,0.6332,0.0242
7287,0.4901,0.0306
7288,0.3331,0.0404
7289,0.1096,0.0542
7290,0.0,0.0723
7291,0.0,0.094
7292,0.0,0.1177
7293,0.0,0.1411
7294,0.0,0.1609
7295,0.0,0.1743
7296,0.0,0.179
7297,0.0,0.1743
7298,0.0,0.1609
7299,0.0,0.1411
7300,0.0,0.1177
7301,0.0,0.094
7302,0.0,0.0723
7303,0.1153,0.0542
7304,0.3267,0.0404
7305,0.4581,0.0306
7306,0.6593,0.0242
7307,0.68,0.0207
7308,0.667,0.0196
7309,0.6843,0.0207
7310,0.6085,0.0242
7311,0.4632,0.0306
7312,0.311,0.0404
7313,0.1138,0.0542
7314,0.0,0.0723
7315,0.0,0.094
7316,0.0,0.1177
7317,0.0,0.1411
7318,0.0,0.1609
7319,0.0,0.1743
7320,0.0,0.179
7321,0.0,0.1743
7322,0.0,0.1609
7323,0.0,0.1411
7324,0.0,0.1177
7325,0.0,0.094
7326,0.0,0.0723
7327,0.1115,0.0542
7328,0.3338,0.0404
7329,0.4901,0.0306
7330,0.5872,0.0242
7331,0.6348,0.0207
7332,0.643,0.0196
7333,0.6736,0.0207
7334,0.6216,0.0242
7335,0.4639,0.0306
7336,0.2968,0.0404
7337,0.1118,0.0542
7338,0.0,0.0723
7339,0.0,0.094
7340,0.0,0.1177
7341,0.0,0.1411
7342,0.0,0.1609
7343,0.0,0.1743
7344,0.0,0.179
7345,0.0,0.1743
7346,0.0,0.1609
7347,0.0,0.1411
7348,0.0,0.1177
7349,0.0,0.094
7350,0.0,0.0723
7351,0.1116,0.0542
7352,0.3041,0.0404
7353,0.4603,0.0306
7354,0.6857,0.0242
7355,0.6398,0.0207
7356,0.6536,0.0196
7357,0.6374,0.0207
7358,0.648,0.0242
7359,0.4572,0.0306
7360,0.3296,0.0404
7361,0.1071,0.0542
7362,0.0,0.0723
7363,0.0,0.094
7364,0.0,0.1177
7365,0.0,0.1411
7366,0.0,0.1609
7367,0.0,0.1743
7368,0.0,0.179
7369,0.0,0.1743
7370,0.0,0.1609
7371,0.0,0.1411
7372,0.0,0.1177
7373,0.0,0.094
7374,0.0,0.0723
7375,0.104,0.0542
7376,0.3289,0.0404
7377,0.4979,0.0306
7378,0.6779,0.0242
7379,0.6019,0.0207
7380,0.6733,0.0196
7381,0.6767,0.0207
7382,0.5873,0.0242
7383,0.5055,0.0306
7384,0.2974,0.0404
7385,0.101,0.0542
7386,0.0,0.0723
7387,0.0,0.094
7388,0.0,0.1177
7389,0.0,0.1411
7390,0.0,0.1609
7391,0.0,0.1743
7392,0.0,0.179
7393,0.0,0.1743
7394,0.0,0.1609
7395,0.0,0.1411
7396,0.0,0.1177
7397,0.0,0.094
7398,0.0,0.0723
7399,0.1028,0.0542
7400,0.3055,0.0404
7401,0.5168,0.0306
7402,0.6382,0.0242
7403,0.6237,0.0207
7404,0.5991,0.0196
7405,0.6774,0.0207
7406,0.622,0.0242
7407,0.5134,0.0306
7408,0.336,0.0404
7409,0.1024,0.0542
7410,0.0,0.0723
7411,0.0,0.094
7412,0.0,0.1177
7413,0.0,0.1411
7414,0.0,0.1609
7415,0.0,0.1743
7416,0.0,0.179
7417,0.0,0.1743
7418,0.0,0.1609
7419,0.0,0.1411
7420,0.0,0.1177
7421,0.0,0.094
7422,0.0,0.0723
7423,0.1028,0.0542
7424,0.3274,0.0404
7425,0.484,0.0306
7426,0.6721,0.0242
7427,0.6916,0.0207
7428,0.6391,0.0196
7429,0.6804,0.0207
7430,0.6192,0.0242
7431,0.518,0.0306
7432,0.3131,0.0404
7433,0.0966,0.0542
7434,0.0,0.0723
7435,0.0,0.094
7436,0.0,0.1177
7437,0.0,0.1411
7438,0.0,0.1609
7439,0.0,0.1743
7440,0.0,0.179
7441,0.0,0.1743
7442,0.0,0.1609
7443,0.0,0.1411
7444,0.0,0.1177
7445,0.0,0.094
7446,0.0,0.0723
7447,0.1004,0.0542
7448,0.3252,0.0404
7449,0.4808,0.0306
7450,0.5876,0.0242
7451,0.6443,0.0207
7452,0.6093,0.0196
7453,0.61,0.0207
7454,0.6315,0.0242
7455,0.4688,0.0306
7456,0.3174,0.0404
7457,0.0927,0.0542
7458,0.0,0.0723
7459,0.0,0.094
7460,0.0,0.1177
7461,0.0,0.1411
7462,0.0,0.1609
7463,0.0,0.1743
7464,0.0,0.179
7465,0.0,0.1743
7466,0.0,0.1609
7467,0.0,0.1411
7468,0.0,0.1177
7469,0.0,0.094
7470,0.0,0.0723
7471,0.0959,0.0542
7472,0.3157,0.0404
7473,0.5088,0.0306
7474,0.6687,0.0242
7475,0.6739,0.0207
7476,0.5953,0.0196
7477,0.6109,0.0207
7478,0.6078,0.0242
7479,0.4549,0.0306
7480,0.2854,0.0404
7481,0.0966,0.0542
7482,0.0,0.0723
7483,0.0,0.094
7484,0.0,0.1177
7485,0.0,0.1411
7486,0.0,0.1609
7487,0.0,0.1743
7488,0.0,0.179
7489,0.0,0.1743
7490,0.0,0.1609
7491,0.0,0.1411
7492,0.0,0.1177
7493,0.0,0.094
7494,0.0,0.0723
7495,0.0939,0.0542
7496,0.2888,0.0404
7497,0.4564,0.0306
7498,0.6201,0.0242
7499,0.6924,0.0207
7500,0.6043,0.0196
7501,0.6012,0.0207
7502,0.5927,0.0242
7503,0.4833,0.0306
7504,0.3279,0.0404
7505,0.098,0.0542
7506,0.0,0.0723
7507,0.0,0.094
7508,0.0,0.1177
7509,0.0,0.1411
7510,0.0,0.1609
7511,0.0,0.1743
7512,0.0,0.179
7513,0.0,0.1743
7514,0.0,0.1609
7515,0.0,0.1411
7516,0.0,0.1177
7517,0.0,0.094
7518,0.0,0.0723
7519,0.0939,0.0542
7520,0.3112,0.0404
7521,0.5223,0.0306
7522,0.6733,0.0242
7523,0.6358,0.0207
7524,0.6395,0.0196
7525,0.6468,0.0207
7526,0.6389,0.0242
7527,0.4692,0.0306
7528,0.307,0.0404
7529,0.0971,0.0542
7530,0.0,0.0723
7531,0.0,0.094
7532,0.0,0.1177
7533,0.0,0.1411
7534,0.0,0.1609
7535,0.0,0.1743
7536,0.0,0.179
7537,0.0,0.1743
7538,0.0,0.1609
7539,0.0,0.1411
7540,0.0,0.1177
7541,0.0,0.094
7542,0.0,0.0723
7543,0.0963,0.0542
7544,0.2966,0.0404
7545,0.5229,0.0306
7546,0.6616,0.0242
7547,0.6882,0.0207
7548,0.6397,0.0196
7549,0.6044,0.0207
7550,0.5905,0.0242
7551,0.4631,0.0306
7552,0.2795,0.0404
7553,0.093,0.0542
7554,0.0,0.0723
7555,0.0,0.094
7556,0.0,0.1177
7557,0.0,0.1411
7558,0.0,0.1609
7559,0.0,0.1743
7560,0.0,0.179
7561,0.0,0.1743
7562,0.0,0.1609
7563,0.0,0.1411
7564,0.0,0.1177
7565,0.0,0.094
7566,0.0,0.0723
7567,0.0888,0.0542
7568,0.319,0.0404
7569,0.5161,0.0306
7570,0.6611,0.0242
7571,0.6872,0.0207
7572,0.6574,0.0196
7573,0.665,0.0207
7574,0.6323,0.0242
7575,0.465,0.0306
7576,0.3072,0.0404
7577,0.0856,0.0542
7578,0.0,0.0723
7579,0.0,0.094
7580,0.0,0.1177
7581,0.0,0.1411
7582,0.0,0.1609
7583,0.0,0.1743
7584,0.0,0.179
7585,0.0,0.1743
7586,0.0,0.1609
7587,0.0,0.1411
7588,0.0,0.1177
7589,0.0,0.094
7590,0.0,0.0723
7591,0.0898,0.0542
7592,0.2828,0.0404
7593,0.5267,0.0306
7594,0.6235,0.0242
7595,0.6801,0.0207
7596,0.6,0.0196
7597,0.6583,0.0207
7598,0.6298,0.0242
7599,0.5199,0.0306
7600,0.3037,0.0404
7601,0.0922,0.0542
7602,0.0,0.0723
7603,0.0,0.094
7604,0.0,0.1177
7605,0.0,0.1411
7606,0.0,0.1609
7607,0.0,0.1743
7608,0.0,0.179
7609,0.0,0.1743
7610,0.0,0.1609
7611,0.0,0.1411
7612,0.0,0.1177
7613,0.0,0.094
7614,0.0,0.0723
7615,0.09,0.0542
7616,0.3044,0.0404
7617,0.4583,0.0306
7618,0.6466,0.0242
7619,0.6786,0.0207
7620,0.614,0.0196
7621,0.637,0.0207
7622,0.5863,0.0242
7623,0.465,0.0306
7624,0.282,0.0404
7625,0.0834,0.0542
7626,0.0,0.0723
7627,0.0,0.094
7628,0.0,0.1177
7629,0.0,0.1411
7630,0.0,0.1609
7631,0.0,0.1743
7632,0.0,0.179
7633,0.0,0.1743
7634,0.0,0.1609
7635,0.0,0.1411
7636,0.0,0.1177
7637,0.0,0.094
7638,0.0,0.0723
7639,0.0891,0.0542
7640,0.2769,0.0404
7641,0.4813,0.0306
7642,0.6539,0.0242
7643,0.6003,0.0207
7644,0.6835,0.0196
7645,0.6821,0.0207
7646,0.599,0.0242
7647,0.5076,0.0306
7648,0.3012,0.0404
7649,0.0865,0.0542
7650,0.0,0.0723
7651,0.0,0.094
7652,0.0,0.1177
7653,0.0,0.1411
7654,0.0,0.1609
7655,0.0,0.1743
7656,0.0,0.179
7657,0.0,0.1743
7658,0.0,0.1609
7659,0.0,0.1411
7660,0.0,0.1177
7661,0.0,0.094
7662,0.0,0.0723
7663,0.086,0.0542
7664,0.3152,0.0404
7665,0.4867,0.0306
7666,0.6063,0.0242
7667,0.6609,0.0207
7668,0.6705,0.0196
7669,0.6921,0.0207
7670,0.6417,0.0242
7671,0.4851,0.0306
7672,0.2761,0.0404
7673,0.0813,0.0542
7674,0.0,0.0723
7675,0.0,0.094
7676,0.0,0.1177
7677,0.0,0.1411
7678,0.0,0.1609
7679,0.0,0.1743
7680,0.0,0.179
7681,0.0,0.1743
7682,0.0,0.1609
7683,0.0,0.1411
7684,0.0,0.1177
7685,0.0,0.094
7686,0.0,0.0723
7687,0.0779,0.0542
7688,0.29,0.0404
7689,0.4908,0.0306
7690,0.6145,0.0242
7691,0.6796,0.0207
7692,0.6554,0.0196
7693,0.6367,0.0207
7694,0.6644,0.0242
7695,0.4791,0.0306
7696,0.3055,0.0404
7697,0.0795,0.0542
7698,0.0,0.0723
7699,0.0,0.094
7700,0.0,0.1177
7701,0.0,0.1411
7702,0.0,0.1609
7703,0.0,0.1743
7704,0.0,0.179
7705,0.0,0.1743
7706,0.0,0.1609
7707,0.0,0.1411
7708,0.0,0.1177
7709,0.0,0.094
7710,0.0,0.0723
7711,0.0854,0.0542
7712,0.3184,0.0404
7713,0.4691,0.0306
7714,0.5985,0.0242
7715,0.6383,0.0207
7716,0.6754,0.0196
7717,0.6052,0.0207
7718,0.6552,0.0242
7719,0.5202,0.0306
7720,0.2899,0.0404
7721,0.0771,0.0542
7722,0.0,0.0723
7723,0.0,0.094
7724,0.0,0.1177
7725,0.0,0.1411
7726,0.0,0.1609
7727,0.0,0.1743
7728,0.0,0.179
7729,0.0,0.1743
7730,0.0,0.1609
7731,0.0,0.1411
7732,0.0,0.1177
7733,0.0,0.094
7734,0.0,0.0723
7735,0.0838,0.0542
7736,0.3163,0.0404
7737,0.4822,0.0306
7738,0.634,0.0242
7739,0.6147,0.0207
7740,0.63,0.0196
7741,0.6085,0.0207
7742,0.6817,0.0242
7743,0.4664,0.0306
7744,0.2974,0.0404
7745,0.0841,0.0542
7746,0.0,0.0723
7747,0.0,0.094
7748,0.0,0.1177
7749,0.0,0.1411
7750,0.0,0.1609
7751,0.0,0.1743
7752,0.0,0.179
7753,0.0,0.1743
7754,0.0,0.1609
7755,0.0,0.1411
7756,0.0,0.1177
7757,0.0,0.094
7758,0.0,0.0723
7759,0.0741,0.0542
7760,0.31,0.0404
7761,0.4962,0.0306
7762,0.6201,0.0242
7763,0.6871,0.0207
7764,0.618,0.0196
7765,0.631,0.0207
7766,0.6388,0.0242
7767,0.5116,0.0306
7768,0.2817,0.0404
7769,0.0752,0.0542
7770,0.0,0.0723
7771,0.0,0.094
7772,0.0,0.1177
7773,0.0,0.1411
7774,0.0,0.1609
7775,0.0,0.1743
7776,0.0,0.179
7777,0.0,0.1743
7778,0.0,0.1609
7779,0.0,0.1411
7780,0.0,0.1177
7781,0.0,0.094
7782,0.0,0.0723
7783,0.081,0.0542
7784,0.3016,0.0404
7785,0.5129,0.0306
7786,0.6057,0.0242
7787,0.6889,0.0207
7788,0.6592,0.0196
7789,0.6501,0.0207
7790,0.6545,0.0242
7791,0.4874,0.0306
7792,0.284,0.0404
7793,0.0816,0.0542
7794,0.0,0.0723
7795,0.0,0.094
7796,0.0,0.1177
7797,0.0,0.1411
7798,0.0,0.1609
7799,0.0,0.1743
7800,0.0,0.179
7801,0.0,0.1743
7802,0.0,0.1609
7803,0.0,0.1411
7804,0.0,0.1177
7805,0.0,0.094
7806,0.0,0.0723
7807,0.0765,0.0542
7808,0.3034,0.0404
7809,0.4764,0.0306
7810,0.6006,0.0242
7811,0.6177,0.0207
7812,0.6024,0.0196
7813,0.6649,0.0207
7814,0.6642,0.0242
7815,0.4493,0.0306
7816,0.2788,0.0404
7817,0.0749,0.0542
7818,0.0,0.0723
7819,0.0,0.094
7820,0.0,0.1177
7821,0.0,0.1411
7822,0.0,0.1609
7823,0.0,0.1743
7824,0.0,0.179
7825,0.0,0.1743
7826,0.0,0.1609
7827,0.0,0.1411
7828,0.0,0.1177
7829,0.0,0.094
7830,0.0,0.0723
7831,0.0723,0.0542
7832,0.2687,0.0404
7833,0.4734,0.0306
7834,0.6779,0.0242
7835,0.6458,0.0207
7836,0.5992,0.0196
7837,0.6083,0.0207
7838,0.6214,0.0242
7839,0.4925,0.0306
7840,0.2935,0.0404
7841,0.0695,0.0542
7842,0.0,0.0723
7843,0.0,0.094
7844,0.0,0.1177
7845,0.0,0.1411
7846,0.0,0.1609
7847,0.0,0.1743
7848,0.0,0.179
7849,0.0,0.1743
7850,0.0,0.1609
7851,0.0,0.1411
7852,0.0,0.1177
7853,0.0,0.094
7854,0.0,0.0723
7855,0.0788,0.0542
7856,0.2762,0.0404
7857,0.4563,0.0306
7858,0.5943,0.0242
7859,0.6668,0.0207
7860,0.6487,0.0196
7861,0.6102,0.0207
7862,0.605,0.0242
7863,0.4917,0.0306
7864,0.2998,0.0404
7865,0.0749,0.0542
7866,0.0,0.0723
7867,0.0,0.094
7868,0.0,0.1177
7869,0.0,0.1411
7870,0.0,0.1609
7871,0.0,0.1743
7872,0.0,0.179
7873,0.0,0.1743
7874,0.0,0.1609
7875,0.0,0.1411
7876,0.0,0.1177
7877,0.0,0.094
7878,0.0,0.0723
7879,0.0755,0.0542
7880,0.2997,0.0404
7881,0.4723,0.0306
7882,0.6681,0.0242
7883,0.6188,0.0207
7884,0.6611,0.0196
7885,0.6221,0.0207
7886,0.6689,0.0242
7887,0.4987,0.0306
7888,0.2733,0.0404
7889,0.069,0.0542
7890,0.0,0.0723
7891,0.0,0.094
7892,0.0,0.1177
7893,0.0,0.1411
7894,0.0,0.1609
7895,0.0,0.1743
7896,0.0,0.179
7897,0.0,0.1743
7898,0.0,0.1609
7899,0.0,0.1411
7900,0.0,0.1177
7901,0.0,0.094
7902,0.0,0.0723
7903,0.0752,0.0542
7904,0.3065,0.0404
7905,0.4685,0.0306
7906,0.6382,0.0242
7907,0.626,0.0207
7908,0.6788,0.0196
7909,0.6612,0.0207
7910,0.6533,0.0242
7911,0.4864,0.0306
7912,0.2826,0.0404
7913,0.0755,0.0542
7914,0.0,0.0723
7915,0.0,0.094
7916,0.0,0.1177
7917,0.0,0.1411
7918,0.0,0.1609
7919,0.0,0.1743
7920,0.0,0.179
7921,0.0,0.1743
7922,0.0,0.1609
7923,0.0,0.1411
7924,0.0,0.1177
7925,0.0,0.094
7926,0.0,0.0723
7927,0.0644,0.0542
7928,0.3042,0.0404
7929,0.4574,0.0306
7930,0.6631,0.0242
7931,0.6707,0.0207
7932,0.5903,0.0196
7933,0.6247,0.0207
7934,0.5912,0.0242
7935,0.4528,0.0306
7936,0.275,0.0404
7937,0.0683,0.0542
7938,0.0,0.0723
7939,0.0,0.094
7940,0.0,0.1177
7941,0.0,0.1411
7942,0.0,0.1609
7943,0.0,0.1743
7944,0.0,0.179
7945,0.0,0.1743
7946,0.0,0.1609
7947,0.0,0.1411
7948,0.0,0.1177
7949,0.0,0.094
7950,0.0,0.0723
7951,0.064,0.0542
7952,0.2843,0.0404
7953,0.4861,0.0306
7954,0.6026,0.0242
7955,0.6844,0.0207
7956,0.6428,0.0196
7957,0.6236,0.0207
7958,0.6781,0.0242
7959,0.5044,0.0306
7960,0.3084,0.0404
7961,0.0673,0.0542
7962,0.0,0.0723
7963,0.0,0.094
7964,0.0,0.1177
7965,0.0,0.1411
7966,0.0,0.1609
7967,0.0,0.1743
7968,0.0,0.179
7969,0.0,0.1743
7970,0.0,0.1609
7971,0.0,0.1411
7972,0.0,0.1177
7973,0.0,0.094
7974,0.0,0.0723
7975,0.0703,0.0542
7976,0.2711,0.0404
7977,0.4678,0.0306
7978,0.6003,0.0242
7979,0.6594,0.0207
7980,0.6712,0.0196
7981,0.6059,0.0207
7982,0.6334,0.0242
7983,0.4971,0.0306
7984,0.2715,0.0404
7985,0.0682,0.0542
7986,0.0,0.0723
7987,0.0,0.094
7988,0.0,0.1177
7989,0.0,0.1411
7990,0.0,0.1609
7991,0.0,0.1743
7992,0.0,0.179
7993,0.0,0.1743
7994,0.0,0.1609
7995,0.0,0.1411
7996,0.0,0.1177
7997,0.0,0.094
7998,0.0,0.0723
7999,0.0661,0.0542
8000,0.2669,0.0404
8001,0.4458,0.0306
8002,0.6643,0.0242
8003,0.693,0.0207
8004,0.6731,0.0196
8005,0.6203,0.0207
8006,0.5889,0.0242
8007,0.5022,0.0306
8008,0.2726,0.0404
8009,0.072,0.0542
8010,0.0,0.0723
8011,0.0,0.094
8012,0.0,0.1177
8013,0.0,0.1411
8014,0.0,0.1609
8015,0.0,0.1743
8016,0.0,0.179
8017,0.0,0.1743
8018,0.0,0.1609
8019,0.0,0.1411
8020,0.0,0.1177
8021,0.0,0.094
8022,0.0,0.0723
8023,0.0697,0.0542
8024,0.2854,0.0404
8025,0.5087,0.0306
8026,0.6612,0.0242
8027,0.6337,0.0207
8028,0.6308,0.0196
8029,0.6902,0.0207
8030,0.6405,0.0242
8031,0.475,0.0306
8032,0.2638,0.0404
8033,0.0708,0.0542
8034,0.0,0.0723
8035,0.0,0.094
8036,0.0,0.1177
8037,0.0,0.1411
8038,0.0,0.1609
8039,0.0,0.1743
8040,0.0,0.179
8041,0.0,0.1743
8042,0.0,0.1609
8043,0.0,0.1411
8044,0.0,0.1177
8045,0.0,0.094
8046,0.0,0.0723
8047,0.0695,0.0542
8048,0.2932,0.0404
8049,0.4419,0.0306
8050,0.6487,0.0242
8051,0.6207,0.0207
8052,0.6114,0.0196
8053,0.6656,0.0207
8054,0.6453,0.0242
8055,0.4391,0.0306
8056,0.2666,0.0404
8057,0.0628,0.0542
8058,0.0,0.0723
8059,0.0,0.094
8060,0.0,0.1177
8061,0.0,0.1411
8062,0.0,0.1609
8063,0.0,0.1743
8064,0.0,0.179
8065,0.0,0.1743
8066,0.0,0.1609
8067,0.0,0.1411
8068,0.0,0.1177
8069,0.0,0.094
8070,0.0,0.0723
8071,0.0686,0.0542
8072,0.2968,0.0404
8073,0.508,0.0306
8074,0.6187,0.0242
8075,0.6244,0.0207
8076,0.6623,0.0196
8077,0.6041,0.0207
8078,0.5922,0.0242
8079,0.4442,0.0306
8080,0.275,0.0404
8081,0.0692,0.0542
8082,0.0,0.0723
8083,0.0,0.094
8084,0.0,0.1177
8085,0.0,0.1411
8086,0.0,0.1609
8087,0.0,0.1743
8088,0.0,0.179
8089,0.0,0.1743
8090,0.0,0.1609
8091,0.0,0.1411
8092,0.0,0.1177
8093,0.0,0.094
8094,0.0,0.0723
8095,0.0616,0.0542
8096,0.2602,0.0404
8097,0.4709,0.0306
8098,0.6147,0.0242
8099,0.6239,0.0207
8100,0.63,0.0196
8101,0.6692,0.0207
8102,0.6085,0.0242
8103,0.504,0.0306
8104,0.2842,0.0404
8105,0.0653,0.0542
8106,0.0,0.0723
8107,0.0,0.094
8108,0.0,0.1177
8109,0.0,0.1411
8110,0.0,0.1609
8111,0.0,0.1743
8112,0.0,0.179
8113,0.0,0.1743
8114,0.0,0.1609
8115,0.0,0.1411
8116,0.0,0.1177
8117,0.0,0.094
8118,0.0,0.0723
8119,0.062,0.0542
8120,0.2633,0.0404
8121,0.4889,0.0306
8122,0.6578,0.0242
8123,0.6715,0.0207
8124,0.672,0.0196
8125,0.6346,0.0207
8126,0.6205,0.0242
8127,0.438,0.0306
8128,0.2681,0.0404
8129,0.0638,0.0542
8130,0.0,0.0723
8131,0.0,0.094
8132,0.0,0.1177
8133,0.0,0.1411
8134,0.0,0.1609
8135,0.0,0.1743
8136,0.0,0.179
8137,0.0,0.1743
8138,0.0,0.1609
8139,0.0,0.1411
8140,0.0,0.1177
8141,0.0,0.094
8142,0.0,0.0723
8143,0.06,0.0542
8144,0.2929,0.0404
8145,0.4836,0.0306
8146,0.6571,0.0242
8147,0.6139,0.0207
8148,0.6044,0.0196
8149,0.6098,0.0207
8150,0.6056,0.0242
8151,0.483,0.0306
8152,0.2671,0.0404
8153,0.0587,0.0542
8154,0.0,0.0723
8155,0.0,0.094
8156,0.0,0.1177
8157,0.0,0.1411
8158,0.0,0.1609
8159,0.0,0.1743
8160,0.0,0.179
8161,0.0,0.1743
8162,0.0,0.1609
8163,0.0,0.1411
8164,0.0,0.1177
8165,0.0,0.094
8166,0.0,0.0723
8167,0.0576,0.0542
8168,0.2585,0.0404
8169,0.4811,0.0306
8170,0.6127,0.0242
8171,0.6442,0.0207
8172,0.6027,0.0196
8173,0.6086,0.0207
8174,0.6458,0.0242
8175,0.4423,0.0306
8176,0.2666,0.0404
8177,0.0647,0.0542
8178,0.0,0.0723
8179,0.0,0.094
8180,0.0,0.1177
8181,0.0,0.1411
8182,0.0,0.1609
8183,0.0,0.1743
8184,0.0,0.179
8185,0.0,0.1743
8186,0.0,0.1609
8187,0.0,0.1411
8188,0.0,0.1177
8189,0.0,0.094
8190,0.0,0.0723
8191,0.0619,0.0542
8192,0.2679,0.0404
8193,0.4898,0.0306
8194,0.5773,0.0242
8195,0.6105,0.0207
8196,0.6174,0.0196
8197,0.6192,0.0207
8198,0.6478,0.0242
8199,0.4908,0.0306
8200,0.2704,0.0404
8201,0.0633,0.0542
8202,0.0,0.0723
8203,0.0,0.094
8204,0.0,0.1177
8205,0.0,0.1411
8206,0.0,0.1609
8207,0.0,0.1743
8208,0.0,0.179
8209,0.0,0.1743
8210,0.0,0.1609
8211,0.0,0.1411
8212,0.0,0.1177
8213,0.0,0.094
8214,0.0,0.0723
8215,0.0624,0.0542
8216,0.2962,0.0404
8217,0.4537,0.0306
8218,0.6005,0.0242
8219,0.603,0.0207
8220,0.6881,0.0196
8221,0.612,0.0207
8222,0.6421,0.0242
8223,0.5069,0.0306
8224,0.2607,0.0404
8225,0.0619,0.0542
8226,0.0,0.0723
8227,0.0,0.094
8228,0.0,0.1177
8229,0.0,0.1411
8230,0.0,0.1609
8231,0.0,0.1743
8232,0.0,0.179
8233,0.0,0.1743
8234,0.0,0.1609
8235,0.0,0.1411
8236,0.0,0.1177
8237,0.0,0.094
8238,0.0,0.0723
8239,0.0577,0.0542
8240,0.2802,0.0404
8241,0.4466,0.0306
8242,0.6324,0.0242
8243,0.693,0.0207
8244,0.692,0.0196
8245,0.5919,0.0207
8246,0.6378,0.0242
8247,0.458,0.0306
8248,0.2982,0.0404
8249,0.0559,0.0542
8250,0.0,0.0723
8251,0.0,0.094
8252,0.0,0.1177
8253,0.0,0.1411
8254,0.0,0.1609
8255,0.0,0.1743
8256,0.0,0.179
8257,0.0,0.1743
8258,0.0,0.1609
8259,0.0,0.1411
8260,0.0,0.1177
8261,0.0,0.094
8262,0.0,0.0723
8263,0.0554,0.0542
8264,0.298,0.0404
8265,0.4445,0.0306
8266,0.6767,0.0242
8267,0.6552,0.0207
8268,0.6221,0.0196
8269,0.6104,0.0207
8270,0.6221,0.0242
8271,0.5021,0.0306
8272,0.2713,0.0404
8273,0.0546,0.0542
8274,0.0,0.0723
8275,0.0,0.094
8276,0.0,0.1177
8277,0.0,0.1411
8278,0.0,0.1609
8279,0.0,0.1743
8280,0.0,0.179
8281,0.0,0.1743
8282,0.0,0.1609
8283,0.0,0.1411
8284,0.0,0.1177
8285,0.0,0.094
8286,0.0,0.0723
8287,0.063,0.0542
8288,0.2766,0.0404
8289,0.5112,0.0306
8290,0.5908,0.0242
8291,0.6322,0.0207
8292,0.6613,0.0196
8293,0.6316,0.0207
8294,0.6448,0.0242
8295,0.451,0.0306
8296,0.2611,0.0404
8297,0.0564,0.0542
8298,0.0,0.0723
8299,0.0,0.094
8300,0.0,0.1177
8301,0.0,0.1411
8302,0.0,0.1609
8303,0.0,0.1743
8304,0.0,0.179
8305,0.0,0.1743
8306,0.0,0.1609
8307,0.0,0.1411
8308,0.0,0.1177
8309,0.0,0.094
8310,0.0,0.0723
8311,0.059,0.0542
8312,0.2607,0.0404
8313,0.505,0.0306
8314,0.6049,0.0242
8315,0.615,0.0207
8316,0.6476,0.0196
8317,0.6829,0.0207
8318,0.5891,0.0242
8319,0.4368,0.0306
8320,0.2916,0.0404
8321,0.0614,0.0542
8322,0.0,0.0723
8323,0.0,0.094
8324,0.0,0.1177
8325,0.0,0.1411
8326,0.0,0.1609
8327,0.0,0.1743
8328,0.0,0.179
8329,0.0,0.1743
8330,0.0,0.1609
8331,0.0,0.1411
8332,0.0,0.1177
8333,0.0,0.094
8334,0.0,0.0723
8335,0.0556,0.0542
8336,0.286,0.0404
8337,0.4347,0.0306
8338,0.6416,0.0242
8339,0.5929,0.0207
8340,0.6446,0.0196
8341,0.5934,0.0207
8342,0.6551,0.0242
8343,0.48,0.0306
8344,0.2826,0.0404
8345,0.0546,0.0542
8346,0.0,0.0723
8347,0.0,0.094
8348,0.0,0.1177
8349,0.0,0.1411
8350,0.0,0.1609
8351,0.0,0.1743
8352,0.0,0.179
8353,0.0,0.1743
8354,0.0,0.1609
8355,0.0,0.1411
8356,0.0,0.1177
8357,0.0,0.094
8358,0.0,0.0723
8359,0.0591,0.0542
8360,0.264,0.0404
8361,0.4811,0.0306
8362,0.594,0.0242
8363,0.6424,0.0207
8364,0.6152,0.0196
8365,0.6112,0.0207
8366,0.5869,0.0242
8367,0.4736,0.0306
8368,0.2792,0.0404
8369,0.0551,0.0542
8370,0.0,0.0723
8371,0.0,0.094
8372,0.0,0.1177
8373,0.0,0.1411
8374,0.0,0.1609
8375,0.0,0.1743
8376,0.0,0.179
8377,0.0,0.1743
8378,0.0,0.1609
8379,0.0,0.1411
8380,0.0,0.1177
8381,0.0,0.094
8382,0.0,0.0723
8383,0.0585,0.0542
8384,0.2709,0.0404
8385,0.4564,0.0306
8386,0.6274,0.0242
8387,0.6308,0.0207
8388,0.6842,0.0196
8389,0.6006,0.0207
8390,0.5763,0.0242
8391,0.4394,0.0306
8392,0.2788,0.0404
8393,0.0539,0.0542
8394,0.0,0.0723
8395,0.0,0.094
8396,0.0,0.1177
8397,0.0,0.1411
8398,0.0,0.1609
8399,0.0,0.1743
8400,0.0,0.179
8401,0.0,0.1743
8402,0.0,0.1609
8403,0.0,0.1411
8404,0.0,0.1177
8405,0.0,0.094
8406,0.0,0.0723
8407,0.0525,0.0542
8408,0.2977,0.0404
8409,0.4675,0.0306
8410,0.6257,0.0242
8411,0.6519,0.0207
8412,0.6131,0.0196
8413,0.6493,0.0207
8414,0.6187,0.0242
8415,0.4501,0.0306
8416,0.2915,0.0404
8417,0.059,0.0542
8418,0.0,0.0723
8419,0.0,0.094
8420,0.0,0.1177
8421,0.0,0.1411
8422,0.0,0.1609
8423,0.0,0.1743
8424,0.0,0.179
8425,0.0,0.1743
8426,0.0,0.1609
8427,0.0,0.1411
8428,0.0,0.1177
8429,0.0,0.094
8430,0.0,0.0723
8431,0.0552,0.0542
8432,0.2588,0.0404
8433,0.4649,0.0306
8434,0.5868,0.0242
8435,0.6774,0.0207
8436,0.6222,0.0196
8437,0.6807,0.0207
8438,0.5784,0.0242
8439,0.5049,0.0306
8440,0.2679,0.0404
8441,0.0566,0.0542
8442,0.0,0.0723
8443,0.0,0.094
8444,0.0,0.1177
8445,0.0,0.1411
8446,0.0,0.1609
8447,0.0,0.1743
8448,0.0,0.179
8449,0.0,0.1743
8450,0.0,0.1609
8451,0.0,0.1411
8452,0.0,0.1177
8453,0.0,0.094
8454,0.0,0.0723
8455,0.0535,0.0542
8456,0.2853,0.0404
8457,0.4553,0.0306
8458,0.614,0.0242
8459,0.6461,0.0207
8460,0.6891,0.0196
8461,0.5979,0.0207
8462,0.6106,0.0242
8463,0.4778,0.0306
8464,0.2787,0.0404
8465,0.0604,0.0542
8466,0.0,0.0723
8467,0.0,0.094
8468,0.0,0.1177
8469,0.0,0.1411
8470,0.0,0.1609
8471,0.0,0.1743
8472,0.0,0.179
8473,0.0,0.1743
8474,0.0,0.1609
8475,0.0,0.1411
8476,0.0,0.1177
8477,0.0,0.094
8478,0.0,0.0723
8479,0.0611,0.0542
8480,0.2661,0.0404
8481,0.4545,0.0306
8482,0.6315,0.0242
8483,0.6671,0.0207
8484,0.6413,0.0196
8485,0.6315,0.0207
8486,0.642,0.0242
8487,0.4662,0.0306
8488,0.2976,0.0404
8489,0.0563,0.0542
8490,0.0,0.0723
8491,0.0,0.094
8492,0.0,0.1177
8493,0.0,0.1411
8494,0.0,0.1609
8495,0.0,0.1743
8496,0.0,0.179
8497,0.0,0.1743
8498,0.0,0.1609
8499,0.0,0.1411
8500,0.0,0.1177
8501,0.0,0.094
8502,0.0,0.0723
8503,0.0571,0.0542
8504,0.2793,0.0404
8505,0.4858,0.0306
8506,0.6696,0.0242
8507,0.6211,0.0207
8508,0.6454,0.0196
8509,0.6153,0.0207
8510,0.6088,0.0242
8511,0.5025,0.0306
8512,0.2569,0.0404
8513,0.0556,0.0542
8514,0.0,0.0723
8515,0.0,0.094
8516,0.0,0.1177
8517,0.0,0.1411
8518,0.0,0.1609
8519,0.0,0.1743
8520,0.0,0.179
8521,0.0,0.1743
8522,0.0,0.1609
8523,0.0,0.1411
8524,0.0,0.1177
8525,0.0,0.094
8526,0.0,0.0723
8527,0.0592,0.0542
8528,0.2635,0.0404
8529,0.4446,0.0306
8530,0.6439,0.0242
8531,0.6107,0.0207
8532,0.6927,0.0196
8533,0.6647,0.0207
8534,0.5755,0.0242
8535,0.5078,0.0306
8536,0.293,0.0404
8537,0.0557,0.0542
8538,0.0,0.0723
8539,0.0,0.094
8540,0.0,0.1177
8541,0.0,0.1411
8542,0.0,0.1609
8543,0.0,0.1743
8544,0.0,0.179
8545,0.0,0.1743
8546,0.0,0.1609
8547,0.0,0.1411
8548,0.0,0.1177
8549,0.0,0.094
8550,0.0,0.0723
8551,0.0584,0.0542
8552,0.2586,0.0404
8553,0.4507,0.0306
8554,0.6449,0.0242
8555,0.6232,0.0207
8556,0.681,0.0196
8557,0.6347,0.0207
8558,0.651,0.0242
8559,0.4863,0.0306
8560,0.2847,0.0404
8561,0.0602,0.0542
8562,0.0,0.0723
8563,0.0,0.094
8564,0.0,0.1177
8565,0.0,0.1411
8566,0.0,0.1609
8567,0.0,0.1743
8568,0.0,0.179
8569,0.0,0.1743
8570,0.0,0.1609
8571,0.0,0.1411
8572,0.0,0.1177
8573,0.0,0.094
8574,0.0,0.0723
8575,0.0568,0.0542
8576,0.2735,0.0404
8577,0.4526,0.0306
8578,0.6141,0.0242
8579,0.5967,0.0207
8580,0.6046,0.0196
8581,0.634,0.0207
8582,0.6253,0.0242
8583,0.4919,0.0306
8584,0.2589,0.0404
8585,0.0597,0.0542
8586,0.0,0.0723
8587,0.0,0.094
8588,0.0,0.1177
8589,0.0,0.1411
8590,0.0,0.1609
8591,0.0,0.1743
8592,0.0,0.179
8593,0.0,0.1743
8594,0.0,0.1609
8595,0.0,0.1411
8596,0.0,0.1177
8597,0.0,0.094
8598,0.0,0.0723
8599,0.0578,0.0542
8600,0.2707,0.0404
8601,0.4635,0.0306
8602,0.6284,0.0242
8603,0.6274,0.0207
8604,0.622,0.0196
8605,0.6737,0.0207
8606,0.6358,0.0242
8607,0.4807,0.0306
8608,0.2747,0.0404
8609,0.059,0.0542
8610,0.0,0.0723
8611,0.0,0.094
8612,0.0,0.1177
8613,0.0,0.1411
8614,0.0,0.1609
8615,0.0,0.1743
8616,0.0,0.179
8617,0.0,0.1743
8618,0.0,0.1609
8619,0.0,0.1411
8620,0.0,0.1177
8621,0.0,0.094
8622,0.0,0.0723
8623,0.0603,0.0542
8624,0.2676,0.0404
8625,0.4837,0.0306
8626,0.5845,0.0242
8627,0.6137,0.0207
8628,0.6796,0.0196
8629,0.5977,0.0207
8630,0.586,0.0242
8631,0.4795,0.0306
8632,0.2644,0.0404
8633,0.0559,0.0542
8634,0.0,0.0723
8635,0.0,0.094
8636,0.0,0.1177
8637,0.0,0.1411
8638,0.0,0.1609
8639,0.0,0.1743
8640,0.0,0.179
8641,0.0,0.1743
8642,0.0,0.1609
8643,0.0,0.1411
8644,0.0,0.1177
8645,0.0,0.094
8646,0.0,0.0723
8647,0.0607,0.0542
8648,0.2655,0.0404
8649,0.5016,0.0306
8650,0.649,0.0242
8651,0.6832,0.0207
8652,0.6028,0.0196
8653,0.6606,0.0207
8654,0.5974,0.0242
8655,0.4986,0.0306
8656,0.2559,0.0404
8657,0.0599,0.0542
8658,0.0,0.0723
8659,0.0,0.094
8660,0.0,0.1177
8661,0.0,0.1411
8662,0.0,0.1609
8663,0.0,0.1743
8664,0.0,0.179
8665,0.0,0.1743
8666,0.0,0.1609
8667,0.0,0.1411
8668,0.0,0.1177
8669,0.0,0.094
8670,0.0,0.0723
8671,0.0559,0.0542
8672,0.2737,0.0404
8673,0.5052,0.0306
8674,0.6562,0.0242
8675,0.6791,0.0207
8676,0.6185,0.0196
8677,0.6397,0.0207
8678,0.5925,0.0242
8679,0.5061,0.0306
8680,0.2743,0.0404
8681,0.057,0.0542
8682,0.0,0.0723
8683,0.0,0.094
8684,0.0,0.1177
8685,0.0,0.1411
8686,0.0,0.1609
8687,0.0,0.1743
8688,0.0,0.179
8689,0.0,0.1743
8690,0.0,0.1609
8691,0.0,0.1411
8692,0.0,0.1177
8693,0.0,0.094
8694,0.0,0.0723
8695,0.0624,0.0542
8696,0.2755,0.0404
8697,0.5004,0.0306
8698,0.6349,0.0242
8699,0.6939,0.0207
8700,0.6784,0.0196
8701,0.6197,0.0207
8702,0.6303,0.0242
8703,0.4963,0.0306
8704,0.2804,0.0404
8705,0.0596,0.0542
8706,0.0,0.0723
8707,0.0,0.094
8708,0.0,0.1177
8709,0.0,0.1411
8710,0.0,0.1609
8711,0.0,0.1743
8712,0.0,0.179
8713,0.0,0.1743
8714,0.0,0.1609
8715,0.0,0.1411
8716,0.0,0.1177
8717,0.0,0.094
8718,0.0,0.0723
8719,0.0625,0.0542
8720,0.2961,0.0404
8721,0.4929,0.0306
8722,0.6146,0.0242
8723,0.6527,0.0207
8724,0.5919,0.0196
8725,0.6162,0.0207
8726,0.6201,0.0242
8727,0.474,0.0306
8728,0.2706,0.0404
8729,0.0589,0.0542
8730,0.0,0.0723
8731,0.0,0.094
8732,0.0,0.1177
8733,0.0,0.1411
8734,0.0,0.1609
8735,0.0,0.1743
8736,0.0,0.179
8737,0.0,0.1743
8738,0.0,0.1609
8739,0.0,0.1411
8740,0.0,0.1177
8741,0.0,0.094
8742,0.0,0.0723
8743,0.0555,0.0542
8744,0.2939,0.0404
8745,0.4504,0.0306
8746,0.5784,0.0242
8747,0.621,0.0207
8748,0.6745,0.0196
8749,0.6798,0.0207
8750,0.608,0.0242
8751,0.484,0.0306
8752,0.2787,0.0404
8753,0.0633,0.0542
8754,0.0,0.0723
8755,0.0,0.094
8756,0.0,0.1177
8757,0.0,0.1411
8758,0.0,0.1609
8759,0.0,0.1743
