hour,solar_cf,wind_cf
0,0.0,0.162
1,0.0,0.1577
2,0.0,0.1456
3,0.0,0.1276
4,0.0,0.1065
5,0.0,0.085
6,0.0,0.0654
7,0.0693,0.0491
8,0.3046,0.0365
9,0.5006,0.0276
10,0.6846,0.0219
11,0.6689,0.0187
12,0.6983,0.0177
13,0.7401,0.0187
14,0.6396,0.0219
15,0.4814,0.0276
16,0.3059,0.0365
17,0.0681,0.0491
18,0.0,0.0654
19,0.0,0.085
20,0.0,0.1065
21,0.0,0.1276
22,0.0,0.1456
23,0.0,0.1577
24,0.0,0.162
25,0.0,0.1577
26,0.0,0.1456
27,0.0,0.1276
28,0.0,0.1065
29,0.0,0.085
30,0.0,0.0654
31,0.0604,0.0491
32,0.2922,0.0365
33,0.5253,0.0276
34,0.7164,0.0219
35,0.6983,0.0187
36,0.6635,0.0177
37,0.6988,0.0187
38,0.6597,0.0219
39,0.4728,0.0276
40,0.3037,0.0365
41,0.0688,0.0491
42,0.0,0.0654
43,0.0,0.085
44,0.0,0.1065
45,0.0,0.1276
46,0.0,0.1456
47,0.0,0.1577
48,0.0,0.162
49,0.0,0.1577
50,0.0,0.1456
51,0.0,0.1276
52,0.0,0.1065
53,0.0,0.085
54,0.0,0.0654
55,0.0613,0.0491
56,0.3161,0.0365
57,0.5221,0.0276
58,0.6357,0.0219
59,0.7164,0.0187
60,0.7364,0.0177
61,0.6964,0.0187
62,0.6304,0.0219
63,0.5476,0.0276
64,0.315,0.0365
65,0.0625,0.0491
66,0.0,0.0654
67,0.0,0.085
68,0.0,0.1065
69,0.0,0.1276
70,0.0,0.1456
71,0.0,0.1577
72,0.0,0.162
73,0.0,0.1577
74,0.0,0.1456
75,0.0,0.1276
76,0.0,0.1065
77,0.0,0.085
78,0.0,0.0654
79,0.0631,0.0491
80,0.2953,0.0365
81,0.5356,0.0276
82,0.6246,0.0219
83,0.7215,0.0187
84,0.7094,0.0177
85,0.6485,0.0187
86,0.6442,0.0219
87,0.4915,0.0276
88,0.2786,0.0365
89,0.0704,0.0491
90,0.0,0.0654
91,0.0,0.085
92,0.0,0.1065
93,0.0,0.1276
94,0.0,0.1456
95,0.0,0.1577
96,0.0,0.162
97,0.0,0.1577
98,0.0,0.1456
99,0.0,0.1276
100,0.0,0.1065
101,0.0,0.085
102,0.0,0.0654
103,0.072,0.0491
104,0.2921,0.0365
105,0.5144,0.0276
106,0.6983,0.0219
107,0.6557,0.0187
108,0.7434,0.0177
109,0.6746,0.0187
110,0.6855,0.0219
111,0.5361,0.0276
112,0.2933,0.0365
113,0.064,0.0491
114,0.0,0.0654
115,0.0,0.085
116,0.0,0.1065
117,0.0,0.1276
118,0.0,0.1456
119,0.0,0.1577
120,0.0,0.162
121,0.0,0.1577
122,0.0,0.1456
123,0.0,0.1276
124,0.0,0.1065
125,0.0,0.085
126,0.0,0.0654
127,0.0705,0.0491
128,0.3076,0.0365
129,0.5218,0.0276
130,0.6798,0.0219
131,0.6934,0.0187
132,0.7121,0.0177
133,0.6826,0.0187
134,0.7274,0.0219
135,0.5439,0.0276
136,0.3238,0.0365
137,0.0654,0.0491
138,0.0,0.0654
139,0.0,0.085
140,0.0,0.1065
141,0.0,0.1276
142,0.0,0.1456
143,0.0,0.1577
144,0.0,0.162
145,0.0,0.1577
146,0.0,0.1456
147,0.0,0.1276
148,0.0,0.1065
149,0.0,0.085
150,0.0,0.0654
151,0.0695,0.0491
152,0.2899,0.0365
153,0.5316,0.0276
154,0.7045,0.0219
155,0.6347,0.0187
156,0.6526,0.0177
157,0.7256,0.0187
158,0.6496,0.0219
159,0.5027,0.0276
160,0.3022,0.0365
161,0.0662,0.0491
162,0.0,0.0654
163,0.0,0.085
164,0.0,0.1065
165,0.0,0.1276
166,0.0,0.1456
167,0.0,0.1577
168,0.0,0.162
169,0.0,0.1577
170,0.0,0.1456
171,0.0,0.1276
172,0.0,0.1065
173,0.0,0.085
174,0.0,0.0654
175,0.0727,0.0491
176,0.3022,0.0365
177,0.542,0.0276
178,0.6941,0.0219
179,0.7342,0.0187
180,0.639,0.0177
181,0.7268,0.0187
182,0.6447,0.0219
183,0.4865,0.0276
184,0.288,0.0365
185,0.0685,0.0491
186,0.0,0.0654
187,0.0,0.085
188,0.0,0.1065
189,0.0,0.1276
190,0.0,0.1456
191,0.0,0.1577
192,0.0,0.162
193,0.0,0.1577
194,0.0,0.1456
195,0.0,0.1276
196,0.0,0.1065
197,0.0,0.085
198,0.0,0.0654
199,0.073,0.0491
200,0.3147,0.0365
201,0.5488,0.0276
202,0.7095,0.0219
203,0.6907,0.0187
204,0.6604,0.0177
205,0.7443,0.0187
206,0.6398,0.0219
207,0.5264,0.0276
208,0.3008,0.0365
209,0.0721,0.0491
210,0.0,0.0654
211,0.0,0.085
212,0.0,0.1065
213,0.0,0.1276
214,0.0,0.1456
215,0.0,0.1577
216,0.0,0.162
217,0.0,0.1577
218,0.0,0.1456
219,0.0,0.1276
220,0.0,0.1065
221,0.0,0.085
222,0.0,0.0654
223,0.0705,0.0491
224,0.3197,0.0365
225,0.5377,0.0276
226,0.6917,0.0219
227,0.736,0.0187
228,0.7301,0.0177
229,0.7048,0.0187
230,0.7194,0.0219
231,0.5343,0.0276
232,0.2835,0.0365
233,0.0721,0.0491
234,0.0,0.0654
235,0.0,0.085
236,0.0,0.1065
237,0.0,0.1276
238,0.0,0.1456
239,0.0,0.1577
240,0.0,0.162
241,0.0,0.1577
242,0.0,0.1456
243,0.0,0.1276
244,0.0,0.1065
245,0.0,0.085
246,0.0,0.0654
247,0.0745,0.0491
248,0.3147,0.0365
249,0.5263,0.0276
250,0.6399,0.0219
251,0.6982,0.0187
252,0.6612,0.0177
253,0.7268,0.0187
254,0.6377,0.0219
255,0.5043,0.0276
256,0.3248,0.0365
257,0.0693,0.0491
258,0.0,0.0654
259,0.0,0.085
260,0.0,0.1065
261,0.0,0.1276
262,0.0,0.1456
263,0.0,0.1577
264,0.0,0.162
265,0.0,0.1577
266,0.0,0.1456
267,0.0,0.1276
268,0.0,0.1065
269,0.0,0.085
270,0.0,0.0654
271,0.075,0.0491
272,0.3265,0.0365
273,0.5397,0.0276
274,0.6966,0.0219
275,0.6625,0.0187
276,0.6405,0.0177
277,0.6761,0.0187
278,0.6727,0.0219
279,0.5422,0.0276
280,0.2843,0.0365
281,0.0724,0.0491
282,0.0,0.0654
283,0.0,0.085
284,0.0,0.1065
285,0.0,0.1276
286,0.0,0.1456
287,0.0,0.1577
288,0.0,0.162
289,0.0,0.1577
290,0.0,0.1456
291,0.0,0.1276
292,0.0,0.1065
293,0.0,0.085
294,0.0,0.0654
295,0.0772,0.0491
296,0.3086,0.0365
297,0.506,0.0276
298,0.6362,0.0219
299,0.6418,0.0187
300,0.7149,0.0177
301,0.6669,0.0187
302,0.7041,0.0219
303,0.4934,0.0276
304,0.3073,0.0365
305,0.0781,0.0491
306,0.0,0.0654
307,0.0,0.085
308,0.0,0.1065
309,0.0,0.1276
310,0.0,0.1456
311,0.0,0.1577
312,0.0,0.162
313,0.0,0.1577
314,0.0,0.1456
315,0.0,0.1276
316,0.0,0.1065
317,0.0,0.085
318,0.0,0.0654
319,0.0788,0.0491
320,0.2885,0.0365
321,0.4996,0.0276
322,0.7145,0.0219
323,0.7002,0.0187
324,0.7276,0.0177
325,0.6497,0.0187
326,0.6882,0.0219
327,0.5172,0.0276
328,0.3271,0.0365
329,0.0765,0.0491
330,0.0,0.0654
331,0.0,0.085
332,0.0,0.1065
333,0.0,0.1276
334,0.0,0.1456
335,0.0,0.1577
336,0.0,0.162
337,0.0,0.1577
338,0.0,0.1456
339,0.0,0.1276
340,0.0,0.1065
341,0.0,0.085
342,0.0,0.0654
343,0.0824,0.0491
344,0.3008,0.0365
345,0.486,0.0276
346,0.7114,0.0219
347,0.7036,0.0187
348,0.7123,0.0177
349,0.6505,0.0187
350,0.7164,0.0219
351,0.5501,0.0276
352,0.3204,0.0365
353,0.0741,0.0491
354,0.0,0.0654
355,0.0,0.085
356,0.0,0.1065
357,0.0,0.1276
358,0.0,0.1456
359,0.0,0.1577
360,0.0,0.162
361,0.0,0.1577
362,0.0,0.1456
363,0.0,0.1276
364,0.0,0.1065
365,0.0,0.085
366,0.0,0.0654
367,0.082,0.0491
368,0.2918,0.0365
369,0.5131,0.0276
370,0.7021,0.0219
371,0.7285,0.0187
372,0.6667,0.0177
373,0.7224,0.0187
374,0.6751,0.0219
375,0.5294,0.0276
376,0.3224,0.0365
377,0.0806,0.0491
378,0.0,0.0654
379,0.0,0.085
380,0.0,0.1065
381,0.0,0.1276
382,0.0,0.1456
383,0.0,0.1577
384,0.0,0.162
385,0.0,0.1577
386,0.0,0.1456
387,0.0,0.1276
388,0.0,0.1065
389,0.0,0.085
390,0.0,0.0654
391,0.0782,0.0491
392,0.3249,0.0365
393,0.525,0.0276
394,0.6614,0.0219
395,0.6921,0.0187
396,0.6723,0.0177
397,0.6584,0.0187
398,0.69,0.0219
399,0.4936,0.0276
400,0.2877,0.0365
401,0.0826,0.0491
402,0.0,0.0654
403,0.0,0.085
404,0.0,0.1065
405,0.0,0.1276
406,0.0,0.1456
407,0.0,0.1577
408,0.0,0.162
409,0.0,0.1577
410,0.0,0.1456
411,0.0,0.1276
412,0.0,0.1065
413,0.0,0.085
414,0.0,0.0654
415,0.0769,0.0491
416,0.309,0.0365
417,0.4906,0.0276
418,0.6491,0.0219
419,0.6657,0.0187
420,0.7431,0.0177
421,0.6525,0.0187
422,0.6782,0.0219
423,0.5079,0.0276
424,0.304,0.0365
425,0.0856,0.0491
426,0.0,0.0654
427,0.0,0.085
428,0.0,0.1065
429,0.0,0.1276
430,0.0,0.1456
431,0.0,0.1577
432,0.0,0.162
433,0.0,0.1577
434,0.0,0.1456
435,0.0,0.1276
436,0.0,0.1065
437,0.0,0.085
438,0.0,0.0654
439,0.0822,0.0491
440,0.3081,0.0365
441,0.5108,0.0276
442,0.6469,0.0219
443,0.6746,0.0187
444,0.6952,0.0177
445,0.6633,0.0187
446,0.6474,0.0219
447,0.5246,0.0276
448,0.2967,0.0365
449,0.0769,0.0491
450,0.0,0.0654
451,0.0,0.085
452,0.0,0.1065
453,0.0,0.1276
454,0.0,0.1456
455,0.0,0.1577
456,0.0,0.162
457,0.0,0.1577
458,0.0,0.1456
459,0.0,0.1276
460,0.0,0.1065
461,0.0,0.085
462,0.0,0.0654
463,0.09,0.0491
464,0.2905,0.0365
465,0.5138,0.0276
466,0.6879,0.0219
467,0.6464,0.0187
468,0.6492,0.0177
469,0.7404,0.0187
470,0.7268,0.0219
471,0.5106,0.0276
472,0.2907,0.0365
473,0.0829,0.0491
474,0.0,0.0654
475,0.0,0.085
476,0.0,0.1065
477,0.0,0.1276
478,0.0,0.1456
479,0.0,0.1577
480,0.0,0.162
481,0.0,0.1577
482,0.0,0.1456
483,0.0,0.1276
484,0.0,0.1065
485,0.0,0.085
486,0.0,0.0654
487,0.0803,0.0491
488,0.2922,0.0365
489,0.5151,0.0276
490,0.6551,0.0219
491,0.7155,0.0187
492,0.7327,0.0177
493,0.672,0.0187
494,0.6516,0.0219
495,0.5593,0.0276
496,0.2987,0.0365
497,0.0872,0.0491
498,0.0,0.0654
499,0.0,0.085
500,0.0,0.1065
501,0.0,0.1276
502,0.0,0.1456
503,0.0,0.1577
504,0.0,0.162
505,0.0,0.1577
506,0.0,0.1456
507,0.0,0.1276
508,0.0,0.1065
509,0.0,0.085
510,0.0,0.0654
511,0.0808,0.0491
512,0.342,0.0365
513,0.5182,0.0276
514,0.6406,0.0219
515,0.6428,0.0187
516,0.7441,0.0177
517,0.7208,0.0187
518,0.6369,0.0219
519,0.5126,0.0276
520,0.3364,0.0365
521,0.0794,0.0491
522,0.0,0.0654
523,0.0,0.085
524,0.0,0.1065
525,0.0,0.1276
526,0.0,0.1456
527,0.0,0.1577
528,0.0,0.162
529,0.0,0.1577
530,0.0,0.1456
531,0.0,0.1276
532,0.0,0.1065
533,0.0,0.085
534,0.0,0.0654
535,0.0861,0.0491
536,0.3289,0.0365
537,0.4829,0.0276
538,0.7328,0.0219
539,0.729,0.0187
540,0.6993,0.0177
541,0.6873,0.0187
542,0.7031,0.0219
543,0.5363,0.0276
544,0.3428,0.0365
545,0.0907,0.0491
546,0.0,0.0654
547,0.0,0.085
548,0.0,0.1065
549,0.0,0.1276
550,0.0,0.1456
551,0.0,0.1577
552,0.0,0.162
553,0.0,0.1577
554,0.0,0.1456
555,0.0,0.1276
556,0.0,0.1065
557,0.0,0.085
558,0.0,0.0654
559,0.0854,0.0491
560,0.3207,0.0365
561,0.5414,0.0276
562,0.7017,0.0219
563,0.7262,0.0187
564,0.645,0.0177
565,0.734,0.0187
566,0.6968,0.0219
567,0.5018,0.0276
568,0.332,0.0365
569,0.0907,0.0491
570,0.0,0.0654
571,0.0,0.085
572,0.0,0.1065
573,0.0,0.1276
574,0.0,0.1456
575,0.0,0.1577
576,0.0,0.162
577,0.0,0.1577
578,0.0,0.1456
579,0.0,0.1276
580,0.0,0.1065
581,0.0,0.085
582,0.0,0.0654
583,0.0966,0.0491
584,0.33,0.0365
585,0.5304,0.0276
586,0.641,0.0219
587,0.7337,0.0187
588,0.746,0.0177
589,0.6929,0.0187
590,0.714,0.0219
591,0.5378,0.0276
592,0.3006,0.0365
593,0.091,0.0491
594,0.0,0.0654
595,0.0,0.085
596,0.0,0.1065
597,0.0,0.1276
598,0.0,0.1456
599,0.0,0.1577
600,0.0,0.162
601,0.0,0.1577
602,0.0,0.1456
603,0.0,0.1276
604,0.0,0.1065
605,0.0,0.085
606,0.0,0.0654
607,0.0876,0.0491
608,0.3203,0.0365
609,0.5433,0.0276
610,0.6352,0.0219
611,0.6777,0.0187
612,0.7055,0.0177
613,0.6523,0.0187
614,0.7252,0.0219
615,0.5173,0.0276
616,0.3341,0.0365
617,0.0962,0.0491
618,0.0,0.0654
619,0.0,0.085
620,0.0,0.1065
621,0.0,0.1276
622,0.0,0.1456
623,0.0,0.1577
624,0.0,0.162
625,0.0,0.1577
626,0.0,0.1456
627,0.0,0.1276
628,0.0,0.1065
629,0.0,0.085
630,0.0,0.0654
631,0.0954,0.0491
632,0.3133,0.0365
633,0.4964,0.0276
634,0.6317,0.0219
635,0.7239,0.0187
636,0.6589,0.0177
637,0.7315,0.0187
638,0.6333,0.0219
639,0.5195,0.0276
640,0.3318,0.0365
641,0.0929,0.0491
642,0.0,0.0654
643,0.0,0.085
644,0.0,0.1065
645,0.0,0.1276
646,0.0,0.1456
647,0.0,0.1577
648,0.0,0.162
649,0.0,0.1577
650,0.0,0.1456
651,0.0,0.1276
652,0.0,0.1065
653,0.0,0.085
654,0.0,0.0654
655,0.1021,0.0491
656,0.3205,0.0365
657,0.5282,0.0276
658,0.7132,0.0219
659,0.7142,0.0187
660,0.6676,0.0177
661,0.733,0.0187
662,0.6621,0.0219
663,0.5321,0.0276
664,0.3113,0.0365
665,0.0929,0.0491
666,0.0,0.0654
667,0.0,0.085
668,0.0,0.1065
669,0.0,0.1276
670,0.0,0.1456
671,0.0,0.1577
672,0.0,0.162
673,0.0,0.1577
674,0.0,0.1456
675,0.0,0.1276
676,0.0,0.1065
677,0.0,0.085
678,0.0,0.0654
679,0.101,0.0491
680,0.3467,0.0365
681,0.5103,0.0276
682,0.6526,0.0219
683,0.6846,0.0187
684,0.7079,0.0177
685,0.6891,0.0187
686,0.6489,0.0219
687,0.4947,0.0276
688,0.3086,0.0365
689,0.0956,0.0491
690,0.0,0.0654
691,0.0,0.085
692,0.0,0.1065
693,0.0,0.1276
694,0.0,0.1456
695,0.0,0.1577
696,0.0,0.162
697,0.0,0.1577
698,0.0,0.1456
699,0.0,0.1276
700,0.0,0.1065
701,0.0,0.085
702,0.0,0.0654
703,0.1017,0.0491
704,0.3081,0.0365
705,0.5046,0.0276
706,0.7196,0.0219
707,0.6368,0.0187
708,0.722,0.0177
709,0.681,0.0187
710,0.6756,0.0219
711,0.5403,0.0276
712,0.3455,0.0365
713,0.1028,0.0491
714,0.0,0.0654
715,0.0,0.085
716,0.0,0.1065
717,0.0,0.1276
718,0.0,0.1456
719,0.0,0.1577
720,0.0,0.162
721,0.0,0.1577
722,0.0,0.1456
723,0.0,0.1276
724,0.0,0.1065
725,0.0,0.085
726,0.0,0.0654
727,0.1083,0.0491
728,0.3517,0.0365
729,0.5314,0.0276
730,0.6804,0.0219
731,0.6838,0.0187
732,0.6983,0.0177
733,0.6793,0.0187
734,0.677,0.0219
735,0.5035,0.0276
736,0.3254,0.0365
737,0.0971,0.0491
738,0.0,0.0654
739,0.0,0.085
740,0.0,0.1065
741,0.0,0.1276
742,0.0,0.1456
743,0.0,0.1577
744,0.0,0.162
745,0.0,0.1577
746,0.0,0.1456
747,0.0,0.1276
748,0.0,0.1065
749,0.0,0.085
750,0.0,0.0654
751,0.1031,0.0491
752,0.3397,0.0365
753,0.5037,0.0276
754,0.652,0.0219
755,0.7386,0.0187
756,0.6731,0.0177
757,0.6993,0.0187
758,0.6854,0.0219
759,0.557,0.0276
760,0.3286,0.0365
761,0.0961,0.0491
762,0.0,0.0654
763,0.0,0.085
764,0.0,0.1065
765,0.0,0.1276
766,0.0,0.1456
767,0.0,0.1577
768,0.0,0.162
769,0.0,0.1577
770,0.0,0.1456
771,0.0,0.1276
772,0.0,0.1065
773,0.0,0.085
774,0.0,0.0654
775,0.1065,0.0491
776,0.3513,0.0365
777,0.4992,0.0276
778,0.7136,0.0219
779,0.7311,0.0187
780,0.6652,0.0177
781,0.7285,0.0187
782,0.6855,0.0219
783,0.492,0.0276
784,0.3541,0.0365
785,0.1035,0.0491
786,0.0,0.0654
787,0.0,0.085
788,0.0,0.1065
789,0.0,0.1276
790,0.0,0.1456
791,0.0,0.1577
792,0.0,0.162
793,0.0,0.1577
794,0.0,0.1456
795,0.0,0.1276
796,0.0,0.1065
797,0.0,0.085
798,0.0,0.0654
799,0.1142,0.0491
800,0.3406,0.0365
801,0.5129,0.0276
802,0.6797,0.0219
803,0.718,0.0187
804,0.6865,0.0177
805,0.6723,0.0187
806,0.6683,0.0219
807,0.5122,0.0276
808,0.3071,0.0365
809,0.1146,0.0491
810,0.0,0.0654
811,0.0,0.085
812,0.0,0.1065
813,0.0,0.1276
814,0.0,0.1456
815,0.0,0.1577
816,0.0,0.162
817,0.0,0.1577
818,0.0,0.1456
819,0.0,0.1276
820,0.0,0.1065
821,0.0,0.085
822,0.0,0.0654
823,0.1023,0.0491
824,0.3362,0.0365
825,0.4968,0.0276
826,0.6754,0.0219
827,0.7031,0.0187
828,0.684,0.0177
829,0.7142,0.0187
830,0.6515,0.0219
831,0.5281,0.0276
832,0.3441,0.0365
833,0.1142,0.0491
834,0.0,0.0654
835,0.0,0.085
836,0.0,0.1065
837,0.0,0.1276
838,0.0,0.1456
839,0.0,0.1577
840,0.0,0.162
841,0.0,0.1577
842,0.0,0.1456
843,0.0,0.1276
844,0.0,0.1065
845,0.0,0.085
846,0.0,0.0654
847,0.1146,0.0491
848,0.319,0.0365
849,0.5646,0.0276
850,0.7172,0.0219
851,0.7102,0.0187
852,0.7077,0.0177
853,0.6557,0.0187
854,0.6657,0.0219
855,0.5426,0.0276
856,0.3103,0.0365
857,0.1147,0.0491
858,0.0,0.0654
859,0.0,0.085
860,0.0,0.1065
861,0.0,0.1276
862,0.0,0.1456
863,0.0,0.1577
864,0.0,0.162
865,0.0,0.1577
866,0.0,0.1456
867,0.0,0.1276
868,0.0,0.1065
869,0.0,0.085
870,0.0,0.0654
871,0.1172,0.0491
872,0.3279,0.0365
873,0.5351,0.0276
874,0.654,0.0219
875,0.6472,0.0187
876,0.6417,0.0177
877,0.7335,0.0187
878,0.7122,0.0219
879,0.5447,0.0276
880,0.3467,0.0365
881,0.1203,0.0491
882,0.0,0.0654
883,0.0,0.085
884,0.0,0.1065
885,0.0,0.1276
886,0.0,0.1456
887,0.0,0.1577
888,0.0,0.162
889,0.0,0.1577
890,0.0,0.1456
891,0.0,0.1276
892,0.0,0.1065
893,0.0,0.085
894,0.0,0.0654
895,0.1231,0.0491
896,0.3152,0.0365
897,0.5188,0.0276
898,0.6954,0.0219
899,0.6676,0.0187
900,0.6965,0.0177
901,0.7257,0.0187
902,0.6943,0.0219
903,0.5508,0.0276
904,0.3317,0.0365
905,0.1083,0.0491
906,0.0,0.0654
907,0.0,0.085
908,0.0,0.1065
909,0.0,0.1276
910,0.0,0.1456
911,0.0,0.1577
912,0.0,0.162
913,0.0,0.1577
914,0.0,0.1456
915,0.0,0.1276
916,0.0,0.1065
917,0.0,0.085
918,0.0,0.0654
919,0.1184,0.0491
920,0.3359,0.0365
921,0.5308,0.0276
922,0.7166,0.0219
923,0.6838,0.0187
924,0.7346,0.0177
925,0.7319,0.0187
926,0.6912,0.0219
927,0.573,0.0276
928,0.3138,0.0365
929,0.1176,0.0491
930,0.0,0.0654
931,0.0,0.085
932,0.0,0.1065
933,0.0,0.1276
934,0.0,0.1456
935,0.0,0.1577
936,0.0,0.162
937,0.0,0.1577
938,0.0,0.1456
939,0.0,0.1276
940,0.0,0.1065
941,0.0,0.085
942,0.0,0.0654
943,0.1211,0.0491
944,0.3439,0.0365
945,0.5336,0.0276
946,0.641,0.0219
947,0.7296,0.0187
948,0.7099,0.0177
949,0.641,0.0187
950,0.7098,0.0219
951,0.4989,0.0276
952,0.3456,0.0365
953,0.1249,0.0491
954,0.0,0.0654
955,0.0,0.085
956,0.0,0.1065
957,0.0,0.1276
958,0.0,0.1456
959,0.0,0.1577
960,0.0,0.162
961,0.0,0.1577
962,0.0,0.1456
963,0.0,0.1276
964,0.0,0.1065
965,0.0,0.085
966,0.0,0.0654
967,0.1252,0.0491
968,0.3558,0.0365
969,0.5194,0.0276
970,0.7256,0.0219
971,0.6578,0.0187
972,0.6962,0.0177
973,0.6785,0.0187
974,0.6916,0.0219
975,0.532,0.0276
976,0.3665,0.0365
977,0.1268,0.0491
978,0.0,0.0654
979,0.0,0.085
980,0.0,0.1065
981,0.0,0.1276
982,0.0,0.1456
983,0.0,0.1577
984,0.0,0.162
985,0.0,0.1577
986,0.0,0.1456
987,0.0,0.1276
988,0.0,0.1065
989,0.0,0.085
990,0.0,0.0654
991,0.1171,0.0491
992,0.3449,0.0365
993,0.5291,0.0276
994,0.709,0.0219
995,0.6775,0.0187
996,0.7125,0.0177
997,0.7349,0.0187
998,0.7262,0.0219
999,0.5499,0.0276
1000,0.3593,0.0365
1001,0.125,0.0491
1002,0.0,0.0654
1003,0.0,0.085
1004,0.0,0.1065
1005,0.0,0.1276
1006,0.0,0.1456
1007,0.0,0.1577
1008,0.0,0.162
1009,0.0,0.1577
1010,0.0,0.1456
1011,0.0,0.1276
1012,0.0,0.1065
1013,0.0,0.085
1014,0.0,0.0654
1015,0.1287,0.0491
1016,0.3681,0.0365
1017,0.5503,0.0276
1018,0.6505,0.0219
1019,0.6757,0.0187
1020,0.6608,0.0177
1021,0.6507,0.0187
1022,0.7155,0.0219
1023,0.5084,0.0276
1024,0.3665,0.0365
1025,0.1306,0.0491
1026,0.0,0.0654
1027,0.0,0.085
1028,0.0,0.1065
1029,0.0,0.1276
1030,0.0,0.1456
1031,0.0,0.1577
1032,0.0,0.162
1033,0.0,0.1577
1034,0.0,0.1456
1035,0.0,0.1276
1036,0.0,0.1065
1037,0.0,0.085
1038,0.0,0.0654
1039,0.1235,0.0491
1040,0.3377,0.0365
1041,0.5137,0.0276
1042,0.6826,0.0219
1043,0.7027,0.0187
1044,0.6885,0.0177
1045,0.6454,0.0187
1046,0.6873,0.0219
1047,0.496,0.0276
1048,0.3642,0.0365
1049,0.1249,0.0491
1050,0.0,0.0654
1051,0.0,0.085
1052,0.0,0.1065
1053,0.0,0.1276
1054,0.0,0.1456
1055,0.0,0.1577
1056,0.0,0.162
1057,0.0,0.1577
1058,0.0,0.1456
1059,0.0,0.1276
1060,0.0,0.1065
1061,0.0,0.085
1062,0.0,0.0654
1063,0.1381,0.0491
1064,0.3451,0.0365
1065,0.5267,0.0276
1066,0.6396,0.0219
1067,0.6472,0.0187
1068,0.6532,0.0177
1069,0.6406,0.0187
1070,0.7344,0.0219
1071,0.4963,0.0276
1072,0.3304,0.0365
1073,0.124,0.0491
1074,0.0,0.0654
1075,0.0,0.085
1076,0.0,0.1065
1077,0.0,0.1276
1078,0.0,0.1456
1079,0.0,0.1577
1080,0.0,0.162
1081,0.0,0.1577
1082,0.0,0.1456
1083,0.0,0.1276
1084,0.0,0.1065
1085,0.0,0.085
1086,0.0,0.0654
1087,0.1226,0.0491
1088,0.3449,0.0365
1089,0.5429,0.0276
1090,0.641,0.0219
1091,0.7211,0.0187
1092,0.7426,0.0177
1093,0.6702,0.0187
1094,0.6633,0.0219
1095,0.5339,0.0276
1096,0.3587,0.0365
1097,0.1225,0.0491
1098,0.0,0.0654
1099,0.0,0.085
1100,0.0,0.1065
1101,0.0,0.1276
1102,0.0,0.1456
1103,0.0,0.1577
1104,0.0,0.162
1105,0.0,0.1577
1106,0.0,0.1456
1107,0.0,0.1276
1108,0.0,0.1065
1109,0.0,0.085
1110,0.0,0.0654
1111,0.1342,0.0491
1112,0.3611,0.0365
1113,0.5658,0.0276
1114,0.7395,0.0219
1115,0.7142,0.0187
1116,0.6862,0.0177
1117,0.6606,0.0187
1118,0.6718,0.0219
1119,0.5583,0.0276
1120,0.3779,0.0365
1121,0.1378,0.0491
1122,0.0,0.0654
1123,0.0,0.085
1124,0.0,0.1065
1125,0.0,0.1276
1126,0.0,0.1456
1127,0.0,0.1577
1128,0.0,0.162
1129,0.0,0.1577
1130,0.0,0.1456
1131,0.0,0.1276
1132,0.0,0.1065
1133,0.0,0.085
1134,0.0,0.0654
1135,0.1259,0.0491
1136,0.3301,0.0365
1137,0.5238,0.0276
1138,0.725,0.0219
1139,0.6871,0.0187
1140,0.6608,0.0177
1141,0.6829,0.0187
1142,0.6882,0.0219
1143,0.5229,0.0276
1144,0.3516,0.0365
1145,0.1384,0.0491
1146,0.0,0.0654
1147,0.0,0.085
1148,0.0,0.1065
1149,0.0,0.1276
1150,0.0,0.1456
1151,0.0,0.1577
1152,0.0,0.162
1153,0.0,0.1577
1154,0.0,0.1456
1155,0.0,0.1276
1156,0.0,0.1065
1157,0.0,0.085
1158,0.0,0.0654
1159,0.1291,0.0491
1160,0.3744,0.0365
1161,0.5338,0.0276
1162,0.6803,0.0219
1163,0.6805,0.0187
1164,0.6518,0.0177
1165,0.665,0.0187
1166,0.6599,0.0219
1167,0.5719,0.0276
1168,0.3566,0.0365
1169,0.1291,0.0491
1170,0.0,0.0654
1171,0.0,0.085
1172,0.0,0.1065
1173,0.0,0.1276
1174,0.0,0.1456
1175,0.0,0.1577
1176,0.0,0.162
1177,0.0,0.1577
1178,0.0,0.1456
1179,0.0,0.1276
1180,0.0,0.1065
1181,0.0,0.085
1182,0.0,0.0654
1183,0.1384,0.0491
1184,0.3764,0.0365
1185,0.5423,0.0276
1186,0.7004,0.0219
1187,0.7195,0.0187
1188,0.6948,0.0177
1189,0.683,0.0187
1190,0.7119,0.0219
1191,0.5508,0.0276
1192,0.3777,0.0365
1193,0.1307,0.0491
1194,0.0,0.0654
1195,0.0,0.085
1196,0.0,0.1065
1197,0.0,0.1276
1198,0.0,0.1456
1199,0.0,0.1577
1200,0.0,0.162
1201,0.0,0.1577
1202,0.0,0.1456
1203,0.0,0.1276
1204,0.0,0.1065
1205,0.0,0.085
1206,0.0,0.0654
1207,0.1394,0.0491
1208,0.3813,0.0365
1209,0.5341,0.0276
1210,0.6723,0.0219
1211,0.6398,0.0187
1212,0.6433,0.0177
1213,0.7148,0.0187
1214,0.7428,0.0219
1215,0.537,0.0276
1216,0.3676,0.0365
1217,0.1449,0.0491
1218,0.0,0.0654
1219,0.0,0.085
1220,0.0,0.1065
1221,0.0,0.1276
1222,0.0,0.1456
1223,0.0,0.1577
1224,0.0,0.162
1225,0.0,0.1577
1226,0.0,0.1456
1227,0.0,0.1276
1228,0.0,0.1065
1229,0.0,0.085
1230,0.0,0.0654
1231,0.1495,0.0491
1232,0.3314,0.0365
1233,0.5807,0.0276
1234,0.7251,0.0219
1235,0.7416,0.0187
1236,0.6569,0.0177
1237,0.7257,0.0187
1238,0.6839,0.0219
1239,0.5457,0.0276
1240,0.3537,0.0365
1241,0.1486,0.0491
1242,0.0,0.0654
1243,0.0,0.085
1244,0.0,0.1065
1245,0.0,0.1276
1246,0.0,0.1456
1247,0.0,0.1577
1248,0.0,0.162
1249,0.0,0.1577
1250,0.0,0.1456
1251,0.0,0.1276
1252,0.0,0.1065
1253,0.0,0.085
1254,0.0,0.0654
1255,0.1354,0.0491
1256,0.3619,0.0365
1257,0.5064,0.0276
1258,0.7025,0.0219
1259,0.6651,0.0187
1260,0.642,0.0177
1261,0.67,0.0187
1262,0.7421,0.0219
1263,0.582,0.0276
1264,0.3754,0.0365
1265,0.1561,0.0491
1266,0.0,0.0654
1267,0.0,0.085
1268,0.0,0.1065
1269,0.0,0.1276
1270,0.0,0.1456
1271,0.0,0.1577
1272,0.0,0.162
1273,0.0,0.1577
1274,0.0,0.1456
1275,0.0,0.1276
1276,0.0,0.1065
1277,0.0,0.085
1278,0.0,0.0654
1279,0.1509,0.0491
1280,0.3589,0.0365
1281,0.5494,0.0276
1282,0.6657,0.0219
1283,0.724,0.0187
1284,0.7112,0.0177
1285,0.729,0.0187
1286,0.6656,0.0219
1287,0.5457,0.0276
1288,0.3857,0.0365
1289,0.1593,0.0491
1290,0.0,0.0654
1291,0.0,0.085
1292,0.0,0.1065
1293,0.0,0.1276
1294,0.0,0.1456
1295,0.0,0.1577
1296,0.0,0.162
1297,0.0,0.1577
1298,0.0,0.1456
1299,0.0,0.1276
1300,0.0,0.1065
1301,0.0,0.085
1302,0.0,0.0654
1303,0.1578,0.0491
1304,0.3574,0.0365
1305,0.5343,0.0276
1306,0.7085,0.0219
1307,0.7231,0.0187
1308,0.6613,0.0177
1309,0.7017,0.0187
1310,0.7148,0.0219
1311,0.5588,0.0276
1312,0.3674,0.0365
1313,0.1599,0.0491
1314,0.0,0.0654
1315,0.0,0.085
1316,0.0,0.1065
1317,0.0,0.1276
1318,0.0,0.1456
1319,0.0,0.1577
1320,0.0,0.162
1321,0.0,0.1577
1322,0.0,0.1456
1323,0.0,0.1276
1324,0.0,0.1065
1325,0.0,0.085
1326,0.0,0.0654
1327,0.1648,0.0491
1328,0.3862,0.0365
1329,0.5214,0.0276
1330,0.6919,0.0219
1331,0.653,0.0187
1332,0.7355,0.0177
1333,0.6764,0.0187
1334,0.6656,0.0219
1335,0.5272,0.0276
1336,0.3473,0.0365
1337,0.15,0.0491
1338,0.0,0.0654
1339,0.0,0.085
1340,0.0,0.1065
1341,0.0,0.1276
1342,0.0,0.1456
1343,0.0,0.1577
1344,0.0,0.162
1345,0.0,0.1577
1346,0.0,0.1456
1347,0.0,0.1276
1348,0.0,0.1065
1349,0.0,0.085
1350,0.0,0.0654
1351,0.1456,0.0491
1352,0.3638,0.0365
1353,0.5433,0.0276
1354,0.6679,0.0219
1355,0.7383,0.0187
1356,0.652,0.0177
1357,0.6371,0.0187
1358,0.6882,0.0219
1359,0.5529,0.0276
1360,0.3812,0.0365
1361,0.1652,0.0491
1362,0.0,0.0654
1363,0.0,0.085
1364,0.0,0.1065
1365,0.0,0.1276
1366,0.0,0.1456
1367,0.0,0.1577
1368,0.0,0.162
1369,0.0,0.1577
1370,0.0,0.1456
1371,0.0,0.1276
1372,0.0,0.1065
1373,0.0,0.085
1374,0.0,0.0654
1375,0.1579,0.0491
1376,0.386,0.0365
1377,0.5707,0.0276
1378,0.6893,0.0219
1379,0.698,0.0187
1380,0.6629,0.0177
1381,0.7249,0.0187
1382,0.6943,0.0219
1383,0.5334,0.0276
1384,0.3602,0.0365
1385,0.1465,0.0491
1386,0.0,0.0654
1387,0.0,0.085
1388,0.0,0.1065
1389,0.0,0.1276
1390,0.0,0.1456
1391,0.0,0.1577
1392,0.0,0.162
1393,0.0,0.1577
1394,0.0,0.1456
1395,0.0,0.1276
1396,0.0,0.1065
1397,0.0,0.085
1398,0.0,0.0654
1399,0.1508,0.0491
1400,0.374,0.0365
1401,0.5513,0.0276
1402,0.6476,0.0219
1403,0.6555,0.0187
1404,0.6536,0.0177
1405,0.702,0.0187
1406,0.7179,0.0219
1407,0.5699,0.0276
1408,0.3697,0.0365
1409,0.1694,0.0491
1410,0.0,0.0654
1411,0.0,0.085
1412,0.0,0.1065
1413,0.0,0.1276
1414,0.0,0.1456
1415,0.0,0.1577
1416,0.0,0.162
1417,0.0,0.1577
1418,0.0,0.1456
1419,0.0,0.1276
1420,0.0,0.1065
1421,0.0,0.085
1422,0.0,0.0654
1423,0.1657,0.0491
1424,0.3735,0.0365
1425,0.525,0.0276
1426,0.7194,0.0219
1427,0.7395,0.0187
1428,0.7202,0.0177
1429,0.6508,0.0187
1430,0.6674,0.0219
1431,0.5837,0.0276
1432,0.3499,0.0365
1433,0.1656,0.0491
1434,0.0,0.0654
1435,0.0,0.085
1436,0.0,0.1065
1437,0.0,0.1276
1438,0.0,0.1456
1439,0.0,0.1577
1440,0.0,0.162
1441,0.0,0.1577
1442,0.0,0.1456
1443,0.0,0.1276
1444,0.0,0.1065
1445,0.0,0.085
1446,0.0,0.0654
1447,0.1639,0.0491
1448,0.3677,0.0365
1449,0.5229,0.0276
1450,0.7227,0.0219
1451,0.6761,0.0187
1452,0.6429,0.0177
1453,0.6733,0.0187
1454,0.7263,0.0219
1455,0.5363,0.0276
1456,0.3552,0.0365
1457,0.1692,0.0491
1458,0.0,0.0654
1459,0.0,0.085
1460,0.0,0.1065
1461,0.0,0.1276
1462,0.0,0.1456
1463,0.0,0.1577
1464,0.0,0.162
1465,0.0,0.1577
1466,0.0,0.1456
1467,0.0,0.1276
1468,0.0,0.1065
1469,0.0,0.085
1470,0.0,0.0654
1471,0.1739,0.0491
1472,0.3772,0.0365
1473,0.5746,0.0276
1474,0.7088,0.0219
1475,0.7156,0.0187
1476,0.6844,0.0177
1477,0.7161,0.0187
1478,0.7361,0.0219
1479,0.5954,0.0276
1480,0.3775,0.0365
1481,0.1594,0.0491
1482,0.0,0.0654
1483,0.0,0.085
1484,0.0,0.1065
1485,0.0,0.1276
1486,0.0,0.1456
1487,0.0,0.1577
1488,0.0,0.162
1489,0.0,0.1577
1490,0.0,0.1456
1491,0.0,0.1276
1492,0.0,0.1065
1493,0.0,0.085
1494,0.0,0.0654
1495,0.1665,0.0491
1496,0.3971,0.0365
1497,0.5337,0.0276
1498,0.7247,0.0219
1499,0.6541,0.0187
1500,0.6971,0.0177
1501,0.6633,0.0187
1502,0.7053,0.0219
1503,0.5973,0.0276
1504,0.3934,0.0365
1505,0.1827,0.0491
1506,0.0,0.0654
1507,0.0,0.085
1508,0.0,0.1065
1509,0.0,0.1276
1510,0.0,0.1456
1511,0.0,0.1577
1512,0.0,0.162
1513,0.0,0.1577
1514,0.0,0.1456
1515,0.0,0.1276
1516,0.0,0.1065
1517,0.0,0.085
1518,0.0,0.0654
1519,0.1584,0.0491
1520,0.3534,0.0365
1521,0.5968,0.0276
1522,0.6755,0.0219
1523,0.6762,0.0187
1524,0.7304,0.0177
1525,0.6952,0.0187
1526,0.6568,0.0219
1527,0.5395,0.0276
1528,0.3976,0.0365
1529,0.1776,0.0491
1530,0.0,0.0654
1531,0.0,0.085
1532,0.0,0.1065
1533,0.0,0.1276
1534,0.0,0.1456
1535,0.0,0.1577
1536,0.0,0.162
1537,0.0,0.1577
1538,0.0,0.1456
1539,0.0,0.1276
1540,0.0,0.1065
1541,0.0,0.085
1542,0.0,0.0654
1543,0.1797,0.0491
1544,0.4069,0.0365
1545,0.5758,0.0276
1546,0.6788,0.0219
1547,0.6585,0.0187
1548,0.6469,0.0177
1549,0.653,0.0187
1550,0.6661,0.0219
1551,0.5185,0.0276
1552,0.367,0.0365
1553,0.17,0.0491
1554,0.0,0.0654
1555,0.0,0.085
1556,0.0,0.1065
1557,0.0,0.1276
1558,0.0,0.1456
1559,0.0,0.1577
1560,0.0,0.162
1561,0.0,0.1577
1562,0.0,0.1456
1563,0.0,0.1276
1564,0.0,0.1065
1565,0.0,0.085
1566,0.0,0.0654
1567,0.174,0.0491
1568,0.4094,0.0365
1569,0.5436,0.0276
1570,0.7045,0.0219
1571,0.7029,0.0187
1572,0.6854,0.0177
1573,0.6437,0.0187
1574,0.7321,0.0219
1575,0.5177,0.0276
1576,0.3582,0.0365
1577,0.1749,0.0491
1578,0.0,0.0654
1579,0.0,0.085
1580,0.0,0.1065
1581,0.0,0.1276
1582,0.0,0.1456
1583,0.0,0.1577
1584,0.0,0.162
1585,0.0,0.1577
1586,0.0,0.1456
1587,0.0,0.1276
1588,0.0,0.1065
1589,0.0,0.085
1590,0.0,0.0654
1591,0.1853,0.0491
1592,0.3575,0.0365
1593,0.5384,0.0276
1594,0.7371,0.0219
1595,0.7284,0.0187
1596,0.6585,0.0177
1597,0.7437,0.0187
1598,0.7338,0.0219
1599,0.5993,0.0276
1600,0.3676,0.0365
1601,0.1812,0.0491
1602,0.0,0.0654
1603,0.0,0.085
1604,0.0,0.1065
1605,0.0,0.1276
1606,0.0,0.1456
1607,0.0,0.1577
1608,0.0,0.162
1609,0.0,0.1577
1610,0.0,0.1456
1611,0.0,0.1276
1612,0.0,0.1065
1613,0.0,0.085
1614,0.0,0.0654
1615,0.1828,0.0491
1616,0.4166,0.0365
1617,0.5953,0.0276
1618,0.722,0.0219
1619,0.6875,0.0187
1620,0.7165,0.0177
1621,0.727,0.0187
1622,0.6573,0.0219
1623,0.5706,0.0276
1624,0.3553,0.0365
1625,0.186,0.0491
1626,0.0,0.0654
1627,0.0,0.085
1628,0.0,0.1065
1629,0.0,0.1276
1630,0.0,0.1456
1631,0.0,0.1577
1632,0.0,0.162
1633,0.0,0.1577
1634,0.0,0.1456
1635,0.0,0.1276
1636,0.0,0.1065
1637,0.0,0.085
1638,0.0,0.0654
1639,0.1721,0.0491
1640,0.3741,0.0365
1641,0.5229,0.0276
1642,0.6687,0.0219
1643,0.7335,0.0187
1644,0.6429,0.0177
1645,0.6463,0.0187
1646,0.6635,0.0219
1647,0.5963,0.0276
1648,0.4068,0.0365
1649,0.1834,0.0491
1650,0.0,0.0654
1651,0.0,0.085
1652,0.0,0.1065
1653,0.0,0.1276
1654,0.0,0.1456
1655,0.0,0.1577
1656,0.0,0.162
1657,0.0,0.1577
1658,0.0,0.1456
1659,0.0,0.1276
1660,0.0,0.1065
1661,0.0,0.085
1662,0.0,0.0654
1663,0.1906,0.0491
1664,0.3887,0.0365
1665,0.5356,0.0276
1666,0.693,0.0219
1667,0.7417,0.0187
1668,0.677,0.0177
1669,0.6724,0.0187
1670,0.673,0.0219
1671,0.5339,0.0276
1672,0.4069,0.0365
1673,0.2007,0.0491
1674,0.0,0.0654
1675,0.0,0.085
1676,0.0,0.1065
1677,0.0,0.1276
1678,0.0,0.1456
1679,0.0,0.1577
1680,0.0,0.162
1681,0.0,0.1577
1682,0.0,0.1456
1683,0.0,0.1276
1684,0.0,0.1065
1685,0.0,0.085
1686,0.0,0.0654
1687,0.187,0.0491
1688,0.4154,0.0365
1689,0.5731,0.0276
1690,0.7134,0.0219
1691,0.7258,0.0187
1692,0.7412,0.0177
1693,0.659,0.0187
1694,0.6726,0.0219
1695,0.603,0.0276
1696,0.3869,0.0365
1697,0.1747,0.0491
1698,0.0,0.0654
1699,0.0,0.085
1700,0.0,0.1065
1701,0.0,0.1276
1702,0.0,0.1456
1703,0.0,0.1577
1704,0.0,0.162
1705,0.0,0.1577
1706,0.0,0.1456
1707,0.0,0.1276
1708,0.0,0.1065
1709,0.0,0.085
1710,0.0,0.0654
1711,0.1809,0.0491
1712,0.4218,0.0365
1713,0.5211,0.0276
1714,0.7008,0.0219
1715,0.6577,0.0187
1716,0.6637,0.0177
1717,0.7413,0.0187
1718,0.7363,0.0219
1719,0.5908,0.0276
1720,0.4035,0.0365
1721,0.2032,0.0491
1722,0.0,0.0654
1723,0.0,0.085
1724,0.0,0.1065
1725,0.0,0.1276
1726,0.0,0.1456
1727,0.0,0.1577
1728,0.0,0.162
1729,0.0,0.1577
1730,0.0,0.1456
1731,0.0,0.1276
1732,0.0,0.1065
1733,0.0,0.085
1734,0.0,0.0654
1735,0.1933,0.0491
1736,0.3706,0.0365
1737,0.5447,0.0276
1738,0.6606,0.0219
1739,0.6826,0.0187
1740,0.7368,0.0177
1741,0.6637,0.0187
1742,0.6519,0.0219
1743,0.5654,0.0276
1744,0.3787,0.0365
1745,0.193,0.0491
1746,0.0,0.0654
1747,0.0,0.085
1748,0.0,0.1065
1749,0.0,0.1276
1750,0.0,0.1456
1751,0.0,0.1577
1752,0.0,0.162
1753,0.0,0.1577
1754,0.0,0.1456
1755,0.0,0.1276
1756,0.0,0.1065
1757,0.0,0.085
1758,0.0,0.0654
1759,0.1882,0.0491
1760,0.3935,0.0365
1761,0.5498,0.0276
1762,0.7138,0.0219
1763,0.6517,0.0187
1764,0.706,0.0177
1765,0.7105,0.0187
1766,0.6558,0.0219
1767,0.5519,0.0276
1768,0.3685,0.0365
1769,0.1799,0.0491
1770,0.0,0.0654
1771,0.0,0.085
1772,0.0,0.1065
1773,0.0,0.1276
1774,0.0,0.1456
1775,0.0,0.1577
1776,0.0,0.162
1777,0.0,0.1577
1778,0.0,0.1456
1779,0.0,0.1276
1780,0.0,0.1065
1781,0.0,0.085
1782,0.0,0.0654
1783,0.1822,0.0491
1784,0.4186,0.0365
1785,0.5606,0.0276
1786,0.6756,0.0219
1787,0.6552,0.0187
1788,0.6353,0.0177
1789,0.6448,0.0187
1790,0.7179,0.0219
1791,0.5481,0.0276
1792,0.3976,0.0365
1793,0.1814,0.0491
1794,0.0,0.0654
1795,0.0,0.085
1796,0.0,0.1065
1797,0.0,0.1276
1798,0.0,0.1456
1799,0.0,0.1577
1800,0.0,0.162
1801,0.0,0.1577
1802,0.0,0.1456
1803,0.0,0.1276
1804,0.0,0.1065
1805,0.0,0.085
1806,0.0,0.0654
1807,0.2069,0.0491
1808,0.3857,0.0365
1809,0.6008,0.0276
1810,0.6723,0.0219
1811,0.6882,0.0187
1812,0.6903,0.0177
1813,0.6381,0.0187
1814,0.722,0.0219
1815,0.6082,0.0276
1816,0.406,0.0365
1817,0.2118,0.0491
1818,0.0,0.0654
1819,0.0,0.085
1820,0.0,0.1065
1821,0.0,0.1276
1822,0.0,0.1456
1823,0.0,0.1577
1824,0.0,0.162
1825,0.0,0.1577
1826,0.0,0.1456
1827,0.0,0.1276
1828,0.0,0.1065
1829,0.0,0.085
1830,0.0,0.0654
1831,0.1912,0.0491
1832,0.4325,0.0365
1833,0.591,0.0276
1834,0.733,0.0219
1835,0.6769,0.0187
1836,0.7029,0.0177
1837,0.7101,0.0187
1838,0.6837,0.0219
1839,0.5924,0.0276
1840,0.4326,0.0365
1841,0.1868,0.0491
1842,0.0,0.0654
1843,0.0,0.085
1844,0.0,0.1065
1845,0.0,0.1276
1846,0.0,0.1456
1847,0.0,0.1577
1848,0.0,0.162
1849,0.0,0.1577
1850,0.0,0.1456
1851,0.0,0.1276
1852,0.0,0.1065
1853,0.0,0.085
1854,0.0,0.0654
1855,0.2137,0.0491
1856,0.4168,0.0365
1857,0.5265,0.0276
1858,0.6665,0.0219
1859,0.7242,0.0187
1860,0.6511,0.0177
1861,0.7392,0.0187
1862,0.717,0.0219
1863,0.5781,0.0276
1864,0.4314,0.0365
1865,0.218,0.0491
1866,0.0,0.0654
1867,0.0,0.085
1868,0.0,0.1065
1869,0.0,0.1276
1870,0.0,0.1456
1871,0.0,0.1577
1872,0.0,0.162
1873,0.0,0.1577
1874,0.0,0.1456
1875,0.0,0.1276
1876,0.0,0.1065
1877,0.0,0.085
1878,0.0,0.0654
1879,0.2113,0.0491
1880,0.4216,0.0365
1881,0.5825,0.0276
1882,0.7249,0.0219
1883,0.707,0.0187
1884,0.6543,0.0177
1885,0.6374,0.0187
1886,0.6638,0.0219
1887,0.6001,0.0276
1888,0.3753,0.0365
1889,0.208,0.0491
1890,0.0,0.0654
1891,0.0,0.085
1892,0.0,0.1065
1893,0.0,0.1276
1894,0.0,0.1456
1895,0.0,0.1577
1896,0.0,0.162
1897,0.0,0.1577
1898,0.0,0.1456
1899,0.0,0.1276
1900,0.0,0.1065
1901,0.0,0.085
1902,0.0,0.0654
1903,0.2205,0.0491
1904,0.3837,0.0365
1905,0.5531,0.0276
1906,0.7072,0.0219
1907,0.725,0.0187
1908,0.6445,0.0177
1909,0.6784,0.0187
1910,0.698,0.0219
1911,0.5466,0.0276
1912,0.4199,0.0365
1913,0.1943,0.0491
1914,0.0,0.0654
1915,0.0,0.085
1916,0.0,0.1065
1917,0.0,0.1276
1918,0.0,0.1456
1919,0.0,0.1577
1920,0.0,0.162
1921,0.0,0.1577
1922,0.0,0.1456
1923,0.0,0.1276
1924,0.0,0.1065
1925,0.0,0.085
1926,0.0,0.0654
1927,0.2168,0.0491
1928,0.4383,0.0365
1929,0.6174,0.0276
1930,0.7367,0.0219
1931,0.6739,0.0187
1932,0.6454,0.0177
1933,0.6688,0.0187
1934,0.7337,0.0219
1935,0.5997,0.0276
1936,0.3909,0.0365
1937,0.1965,0.0491
1938,0.0,0.0654
1939,0.0,0.085
1940,0.0,0.1065
1941,0.0,0.1276
1942,0.0,0.1456
1943,0.0,0.1577
1944,0.0,0.162
1945,0.0,0.1577
1946,0.0,0.1456
1947,0.0,0.1276
1948,0.0,0.1065
1949,0.0,0.085
1950,0.0028,0.0654
1951,0.2092,0.0491
1952,0.4004,0.0365
1953,0.5908,0.0276
1954,0.6493,0.0219
1955,0.7322,0.0187
1956,0.7442,0.0177
1957,0.6593,0.0187
1958,0.7143,0.0219
1959,0.5326,0.0276
1960,0.4052,0.0365
1961,0.2014,0.0491
1962,0.0029,0.0654
1963,0.0,0.085
1964,0.0,0.1065
1965,0.0,0.1276
1966,0.0,0.1456
1967,0.0,0.1577
1968,0.0,0.162
1969,0.0,0.1577
1970,0.0,0.1456
1971,0.0,0.1276
1972,0.0,0.1065
1973,0.0,0.085
1974,0.0056,0.0654
1975,0.1996,0.0491
1976,0.4322,0.0365
1977,0.5528,0.0276
1978,0.644,0.0219
1979,0.694,0.0187
1980,0.6347,0.0177
1981,0.6687,0.0187
1982,0.66,0.0219
1983,0.6062,0.0276
1984,0.4122,0.0365
1985,0.2213,0.0491
1986,0.0051,0.0654
1987,0.0,0.085
1988,0.0,0.1065
1989,0.0,0.1276
1990,0.0,0.1456
1991,0.0,0.1577
1992,0.0,0.162
1993,0.0,0.1577
1994,0.0,0.1456
1995,0.0,0.1276
1996,0.0,0.1065
1997,0.0,0.085
1998,0.0088,0.0654
1999,0.2236,0.0491
2000,0.4355,0.0365
2001,0.5414,0.0276
2002,0.6774,0.0219
2003,0.6428,0.0187
2004,0.6684,0.0177
2005,0.7112,0.0187
2006,0.658,0.0219
2007,0.6253,0.0276
2008,0.4444,0.0365
2009,0.2222,0.0491
2010,0.0079,0.0654
2011,0.0,0.085
2012,0.0,0.1065
2013,0.0,0.1276
2014,0.0,0.1456
2015,0.0,0.1577
2016,0.0,0.162
2017,0.0,0.1577
2018,0.0,0.1456
2019,0.0,0.1276
2020,0.0,0.1065
2021,0.0,0.085
2022,0.0101,0.0654
2023,0.231,0.0491
2024,0.4032,0.0365
2025,0.5351,0.0276
2026,0.6887,0.0219
2027,0.7082,0.0187
2028,0.7049,0.0177
2029,0.6406,0.0187
2030,0.706,0.0219
2031,0.6213,0.0276
2032,0.4016,0.0365
2033,0.2313,0.0491
2034,0.0109,0.0654
2035,0.0,0.085
2036,0.0,0.1065
2037,0.0,0.1276
2038,0.0,0.1456
2039,0.0,0.1577
2040,0.0,0.162
2041,0.0,0.1577
2042,0.0,0.1456
2043,0.0,0.1276
2044,0.0,0.1065
2045,0.0,0.085
2046,0.0137,0.0654
2047,0.2141,0.0491
2048,0.3984,0.0365
2049,0.6194,0.0276
2050,0.641,0.0219
2051,0.697,0.0187
2052,0.6793,0.0177
2053,0.6497,0.0187
2054,0.7401,0.0219
2055,0.6203,0.0276
2056,0.4398,0.0365
2057,0.2333,0.0491
2058,0.0134,0.0654
2059,0.0,0.085
2060,0.0,0.1065
2061,0.0,0.1276
2062,0.0,0.1456
2063,0.0,0.1577
2064,0.0,0.162
2065,0.0,0.1577
2066,0.0,0.1456
2067,0.0,0.1276
2068,0.0,0.1065
2069,0.0,0.085
2070,0.0157,0.0654
2071,0.2368,0.0491
2072,0.4158,0.0365
2073,0.6066,0.0276
2074,0.7378,0.0219
2075,0.656,0.0187
2076,0.6675,0.0177
2077,0.6446,0.0187
2078,0.7333,0.0219
2079,0.5593,0.0276
2080,0.4277,0.0365
2081,0.2141,0.0491
2082,0.0169,0.0654
2083,0.0,0.085
2084,0.0,0.1065
2085,0.0,0.1276
2086,0.0,0.1456
2087,0.0,0.1577
2088,0.0,0.162
2089,0.0,0.1577
2090,0.0,0.1456
2091,0.0,0.1276
2092,0.0,0.1065
2093,0.0,0.085
2094,0.0185,0.0654
2095,0.2163,0.0491
2096,0.4227,0.0365
2097,0.5562,0.0276
2098,0.6712,0.0219
2099,0.6756,0.0187
2100,0.6875,0.0177
2101,0.7377,0.0187
2102,0.652,0.0219
2103,0.5707,0.0276
2104,0.4343,0.0365
2105,0.2152,0.0491
2106,0.0203,0.0654
2107,0.0,0.085
2108,0.0,0.1065
2109,0.0,0.1276
2110,0.0,0.1456
2111,0.0,0.1577
2112,0.0,0.162
2113,0.0,0.1577
2114,0.0,0.1456
2115,0.0,0.1276
2116,0.0,0.1065
2117,0.0,0.085
2118,0.0231,0.0654
2119,0.2259,0.0491
2120,0.4082,0.0365
2121,0.6269,0.0276
2122,0.729,0.0219
2123,0.7377,0.0187
2124,0.6412,0.0177
2125,0.6645,0.0187
2126,0.7181,0.0219
2127,0.5581,0.0276
2128,0.4197,0.0365
2129,0.2431,0.0491
2130,0.0201,0.0654
2131,0.0,0.085
2132,0.0,0.1065
2133,0.0,0.1276
2134,0.0,0.1456
2135,0.0,0.1577
2136,0.0,0.162
2137,0.0,0.1577
2138,0.0,0.1456
2139,0.0,0.1276
2140,0.0,0.1065
2141,0.0,0.085
2142,0.0251,0.0654
2143,0.2165,0.0491
2144,0.4061,0.0365
2145,0.6049,0.0276
2146,0.7081,0.0219
2147,0.6953,0.0187
2148,0.6783,0.0177
2149,0.6699,0.0187
2150,0.7255,0.0219
2151,0.5688,0.0276
2152,0.4092,0.0365
2153,0.2277,0.0491
2154,0.0247,0.0654
2155,0.0,0.085
2156,0.0,0.1065
2157,0.0,0.1276
2158,0.0,0.1456
2159,0.0,0.1577
2160,0.0,0.162
2161,0.0,0.1577
2162,0.0,0.1456
2163,0.0,0.1276
2164,0.0,0.1065
2165,0.0,0.085
2166,0.0263,0.0654
2167,0.2379,0.0491
2168,0.4266,0.0365
2169,0.6049,0.0276
2170,0.646,0.0219
2171,0.6979,0.0187
2172,0.7108,0.0177
2173,0.6701,0.0187
2174,0.676,0.0219
2175,0.5984,0.0276
2176,0.4228,0.0365
2177,0.2399,0.0491
2178,0.0273,0.0654
2179,0.0,0.085
2180,0.0,0.1065
2181,0.0,0.1276
2182,0.0,0.1456
2183,0.0,0.1577
2184,0.0,0.162
2185,0.0,0.1577
2186,0.0,0.1456
2187,0.0,0.1276
2188,0.0,0.1065
2189,0.0,0.085
2190,0.0302,0.0654
2191,0.2264,0.0491
2192,0.4059,0.0365
2193,0.6244,0.0276
2194,0.722,0.0219
2195,0.7362,0.0187
2196,0.647,0.0177
2197,0.6712,0.0187
2198,0.6948,0.0219
2199,0.5979,0.0276
2200,0.4462,0.0365
2201,0.2154,0.0491
2202,0.0282,0.0654
2203,0.0,0.085
2204,0.0,0.1065
2205,0.0,0.1276
2206,0.0,0.1456
2207,0.0,0.1577
2208,0.0,0.162
2209,0.0,0.1577
2210,0.0,0.1456
2211,0.0,0.1276
2212,0.0,0.1065
2213,0.0,0.085
2214,0.0322,0.0654
2215,0.2388,0.0491
2216,0.4218,0.0365
2217,0.6109,0.0276
2218,0.6657,0.0219
2219,0.7252,0.0187
2220,0.6479,0.0177
2221,0.7238,0.0187
2222,0.7243,0.0219
2223,0.5798,0.0276
2224,0.4094,0.0365
2225,0.2365,0.0491
2226,0.0327,0.0654
2227,0.0,0.085
2228,0.0,0.1065
2229,0.0,0.1276
2230,0.0,0.1456
2231,0.0,0.1577
2232,0.0,0.162
2233,0.0,0.1577
2234,0.0,0.1456
2235,0.0,0.1276
2236,0.0,0.1065
2237,0.0,0.085
2238,0.0321,0.0654
2239,0.2233,0.0491
2240,0.4575,0.0365
2241,0.5638,0.0276
2242,0.7333,0.0219
2243,0.7378,0.0187
2244,0.635,0.0177
2245,0.7299,0.0187
2246,0.6506,0.0219
2247,0.5681,0.0276
2248,0.3927,0.0365
2249,0.2236,0.0491
2250,0.0328,0.0654
2251,0.0,0.085
2252,0.0,0.1065
2253,0.0,0.1276
2254,0.0,0.1456
2255,0.0,0.1577
2256,0.0,0.162
2257,0.0,0.1577
2258,0.0,0.1456
2259,0.0,0.1276
2260,0.0,0.1065
2261,0.0,0.085
2262,0.0386,0.0654
2263,0.2399,0.0491
2264,0.4125,0.0365
2265,0.5683,0.0276
2266,0.7369,0.0219
2267,0.6852,0.0187
2268,0.6543,0.0177
2269,0.7115,0.0187
2270,0.6948,0.0219
2271,0.5666,0.0276
2272,0.4389,0.0365
2273,0.2574,0.0491
2274,0.0398,0.0654
2275,0.0,0.085
2276,0.0,0.1065
2277,0.0,0.1276
2278,0.0,0.1456
2279,0.0,0.1577
2280,0.0,0.162
2281,0.0,0.1577
2282,0.0,0.1456
2283,0.0,0.1276
2284,0.0,0.1065
2285,0.0,0.085
2286,0.0371,0.0654
2287,0.2564,0.0491
2288,0.4383,0.0365
2289,0.5924,0.0276
2290,0.6607,0.0219
2291,0.7356,0.0187
2292,0.7297,0.0177
2293,0.6546,0.0187
2294,0.6483,0.0219
2295,0.6182,0.0276
2296,0.4202,0.0365
2297,0.2269,0.0491
2298,0.042,0.0654
2299,0.0,0.085
2300,0.0,0.1065
2301,0.0,0.1276
2302,0.0,0.1456
2303,0.0,0.1577
2304,0.0,0.162
2305,0.0,0.1577
2306,0.0,0.1456
2307,0.0,0.1276
2308,0.0,0.1065
2309,0.0,0.085
2310,0.0401,0.0654
2311,0.2485,0.0491
2312,0.4142,0.0365
2313,0.5868,0.0276
2314,0.6531,0.0219
2315,0.737,0.0187
2316,0.6749,0.0177
2317,0.7272,0.0187
2318,0.6936,0.0219
2319,0.6374,0.0276
2320,0.4121,0.0365
2321,0.2345,0.0491
2322,0.0412,0.0654
2323,0.0,0.085
2324,0.0,0.1065
2325,0.0,0.1276
2326,0.0,0.1456
2327,0.0,0.1577
2328,0.0,0.162
2329,0.0,0.1577
2330,0.0,0.1456
2331,0.0,0.1276
2332,0.0,0.1065
2333,0.0,0.085
2334,0.0426,0.0654
2335,0.2566,0.0491
2336,0.4418,0.0365
2337,0.5764,0.0276
2338,0.7174,0.0219
2339,0.6384,0.0187
2340,0.7027,0.0177
2341,0.7457,0.0187
2342,0.6796,0.0219
2343,0.5895,0.0276
2344,0.434,0.0365
2345,0.2523,0.0491
2346,0.0425,0.0654
2347,0.0,0.085
2348,0.0,0.1065
2349,0.0,0.1276
2350,0.0,0.1456
2351,0.0,0.1577
2352,0.0,0.162
2353,0.0,0.1577
2354,0.0,0.1456
2355,0.0,0.1276
2356,0.0,0.1065
2357,0.0,0.085
2358,0.0499,0.0654
2359,0.2358,0.0491
2360,0.4182,0.0365
2361,0.5969,0.0276
2362,0.6704,0.0219
2363,0.6899,0.0187
2364,0.7013,0.0177
2365,0.7075,0.0187
2366,0.6691,0.0219
2367,0.581,0.0276
2368,0.4184,0.0365
2369,0.2664,0.0491
2370,0.0459,0.0654
2371,0.0,0.085
2372,0.0,0.1065
2373,0.0,0.1276
2374,0.0,0.1456
2375,0.0,0.1577
2376,0.0,0.162
2377,0.0,0.1577
2378,0.0,0.1456
2379,0.0,0.1276
2380,0.0,0.1065
2381,0.0,0.085
2382,0.0487,0.0654
2383,0.2559,0.0491
2384,0.4285,0.0365
2385,0.5525,0.0276
2386,0.6519,0.0219
2387,0.6605,0.0187
2388,0.6928,0.0177
2389,0.68,0.0187
2390,0.6921,0.0219
2391,0.5523,0.0276
2392,0.458,0.0365
2393,0.2607,0.0491
2394,0.0466,0.0654
2395,0.0,0.085
2396,0.0,0.1065
2397,0.0,0.1276
2398,0.0,0.1456
2399,0.0,0.1577
2400,0.0,0.162
2401,0.0,0.1577
2402,0.0,0.1456
2403,0.0,0.1276
2404,0.0,0.1065
2405,0.0,0.085
2406,0.0547,0.0654
2407,0.2532,0.0491
2408,0.423,0.0365
2409,0.5753,0.0276
2410,0.7045,0.0219
2411,0.6401,0.0187
2412,0.7367,0.0177
2413,0.6489,0.0187
2414,0.6961,0.0219
2415,0.5789,0.0276
2416,0.4118,0.0365
2417,0.2432,0.0491
2418,0.0523,0.0654
2419,0.0,0.085
2420,0.0,0.1065
2421,0.0,0.1276
2422,0.0,0.1456
2423,0.0,0.1577
2424,0.0,0.162
2425,0.0,0.1577
2426,0.0,0.1456
2427,0.0,0.1276
2428,0.0,0.1065
2429,0.0,0.085
2430,0.0536,0.0654
2431,0.236,0.0491
2432,0.4271,0.0365
2433,0.6374,0.0276
2434,0.6412,0.0219
2435,0.7383,0.0187
2436,0.675,0.0177
2437,0.7387,0.0187
2438,0.651,0.0219
2439,0.5998,0.0276
2440,0.4108,0.0365
2441,0.2583,0.0491
2442,0.0569,0.0654
2443,0.0,0.085
2444,0.0,0.1065
2445,0.0,0.1276
2446,0.0,0.1456
2447,0.0,0.1577
2448,0.0,0.162
2449,0.0,0.1577
2450,0.0,0.1456
2451,0.0,0.1276
2452,0.0,0.1065
2453,0.0,0.085
2454,0.0596,0.0654
2455,0.254,0.0491
2456,0.418,0.0365
2457,0.6316,0.0276
2458,0.696,0.0219
2459,0.7262,0.0187
2460,0.7074,0.0177
2461,0.6536,0.0187
2462,0.7415,0.0219
2463,0.6431,0.0276
2464,0.4745,0.0365
2465,0.2609,0.0491
2466,0.0556,0.0654
2467,0.0,0.085
2468,0.0,0.1065
2469,0.0,0.1276
2470,0.0,0.1456
2471,0.0,0.1577
2472,0.0,0.162
2473,0.0,0.1577
2474,0.0,0.1456
2475,0.0,0.1276
2476,0.0,0.1065
2477,0.0,0.085
2478,0.056,0.0654
2479,0.2391,0.0491
2480,0.4494,0.0365
2481,0.6304,0.0276
2482,0.6839,0.0219
2483,0.6347,0.0187
2484,0.6561,0.0177
2485,0.7428,0.0187
2486,0.7078,0.0219
2487,0.5674,0.0276
2488,0.4171,0.0365
2489,0.2567,0.0491
2490,0.0576,0.0654
2491,0.0,0.085
2492,0.0,0.1065
2493,0.0,0.1276
2494,0.0,0.1456
2495,0.0,0.1577
2496,0.0,0.162
2497,0.0,0.1577
2498,0.0,0.1456
2499,0.0,0.1276
2500,0.0,0.1065
2501,0.0,0.085
2502,0.0579,0.0654
2503,0.2538,0.0491
2504,0.413,0.0365
2505,0.5778,0.0276
2506,0.6672,0.0219
2507,0.7381,0.0187
2508,0.6997,0.0177
2509,0.6998,0.0187
2510,0.6968,0.0219
2511,0.5731,0.0276
2512,0.4153,0.0365
2513,0.2463,0.0491
2514,0.057,0.0654
2515,0.0,0.085
2516,0.0,0.1065
2517,0.0,0.1276
2518,0.0,0.1456
2519,0.0,0.1577
2520,0.0,0.162
2521,0.0,0.1577
2522,0.0,0.1456
2523,0.0,0.1276
2524,0.0,0.1065
2525,0.0,0.085
2526,0.0683,0.0654
2527,0.2735,0.0491
2528,0.4176,0.0365
2529,0.602,0.0276
2530,0.6959,0.0219
2531,0.6558,0.0187
2532,0.7384,0.0177
2533,0.7003,0.0187
2534,0.6739,0.0219
2535,0.6326,0.0276
2536,0.4448,0.0365
2537,0.2622,0.0491
2538,0.0612,0.0654
2539,0.0,0.085
2540,0.0,0.1065
2541,0.0,0.1276
2542,0.0,0.1456
2543,0.0,0.1577
2544,0.0,0.162
2545,0.0,0.1577
2546,0.0,0.1456
2547,0.0,0.1276
2548,0.0,0.1065
2549,0.0,0.085
2550,0.0651,0.0654
2551,0.2813,0.0491
2552,0.4801,0.0365
2553,0.6465,0.0276
2554,0.7024,0.0219
2555,0.637,0.0187
2556,0.7189,0.0177
2557,0.6937,0.0187
2558,0.7287,0.0219
2559,0.6203,0.0276
2560,0.4232,0.0365
2561,0.2711,0.0491
2562,0.0649,0.0654
2563,0.0,0.085
2564,0.0,0.1065
2565,0.0,0.1276
2566,0.0,0.1456
2567,0.0,0.1577
2568,0.0,0.162
2569,0.0,0.1577
2570,0.0,0.1456
2571,0.0,0.1276
2572,0.0,0.1065
2573,0.0,0.085
2574,0.0709,0.0654
2575,0.244,0.0491
2576,0.4097,0.0365
2577,0.5731,0.0276
2578,0.7216,0.0219
2579,0.7383,0.0187
2580,0.712,0.0177
2581,0.725,0.0187
2582,0.691,0.0219
2583,0.58,0.0276
2584,0.439,0.0365
2585,0.2708,0.0491
2586,0.069,0.0654
2587,0.0,0.085
2588,0.0,0.1065
2589,0.0,0.1276
2590,0.0,0.1456
2591,0.0,0.1577
2592,0.0,0.162
2593,0.0,0.1577
2594,0.0,0.1456
2595,0.0,0.1276
2596,0.0,0.1065
2597,0.0,0.085
2598,0.0742,0.0654
2599,0.2877,0.0491
2600,0.4633,0.0365
2601,0.6309,0.0276
2602,0.7378,0.0219
2603,0.6958,0.0187
2604,0.6481,0.0177
2605,0.6809,0.0187
2606,0.7122,0.0219
2607,0.6449,0.0276
2608,0.4338,0.0365
2609,0.2877,0.0491
2610,0.0702,0.0654
2611,0.0,0.085
2612,0.0,0.1065
2613,0.0,0.1276
2614,0.0,0.1456
2615,0.0,0.1577
2616,0.0,0.162
2617,0.0,0.1577
2618,0.0,0.1456
2619,0.0,0.1276
2620,0.0,0.1065
2621,0.0,0.085
2622,0.0705,0.0654
2623,0.2695,0.0491
2624,0.453,0.0365
2625,0.5653,0.0276
2626,0.7044,0.0219
2627,0.7051,0.0187
2628,0.6413,0.0177
2629,0.7137,0.0187
2630,0.6793,0.0219
2631,0.6207,0.0276
2632,0.4626,0.0365
2633,0.2866,0.0491
2634,0.0667,0.0654
2635,0.0,0.085
2636,0.0,0.1065
2637,0.0,0.1276
2638,0.0,0.1456
2639,0.0,0.1577
2640,0.0,0.162
2641,0.0,0.1577
2642,0.0,0.1456
2643,0.0,0.1276
2644,0.0,0.1065
2645,0.0,0.085
2646,0.0765,0.0654
2647,0.2568,0.0491
2648,0.4572,0.0365
2649,0.6421,0.0276
2650,0.6364,0.0219
2651,0.642,0.0187
2652,0.6708,0.0177
2653,0.6752,0.0187
2654,0.7091,0.0219
2655,0.6297,0.0276
2656,0.4549,0.0365
2657,0.2811,0.0491
2658,0.0779,0.0654
2659,0.0,0.085
2660,0.0,0.1065
2661,0.0,0.1276
2662,0.0,0.1456
2663,0.0,0.1577
2664,0.0,0.162
2665,0.0,0.1577
2666,0.0,0.1456
2667,0.0,0.1276
2668,0.0,0.1065
2669,0.0,0.085
2670,0.077,0.0654
2671,0.2839,0.0491
2672,0.4236,0.0365
2673,0.6142,0.0276
2674,0.7165,0.0219
2675,0.6371,0.0187
2676,0.7309,0.0177
2677,0.7259,0.0187
2678,0.71,0.0219
2679,0.5629,0.0276
2680,0.4144,0.0365
2681,0.2571,0.0491
2682,0.0727,0.0654
2683,0.0,0.085
2684,0.0,0.1065
2685,0.0,0.1276
2686,0.0,0.1456
2687,0.0,0.1577
2688,0.0,0.162
2689,0.0,0.1577
2690,0.0,0.1456
2691,0.0,0.1276
2692,0.0,0.1065
2693,0.0,0.085
2694,0.0794,0.0654
2695,0.2686,0.0491
2696,0.4173,0.0365
2697,0.6205,0.0276
2698,0.7201,0.0219
2699,0.7195,0.0187
2700,0.6964,0.0177
2701,0.6797,0.0187
2702,0.6451,0.0219
2703,0.6077,0.0276
2704,0.4201,0.0365
2705,0.2787,0.0491
2706,0.0791,0.0654
2707,0.0,0.085
2708,0.0,0.1065
2709,0.0,0.1276
2710,0.0,0.1456
2711,0.0,0.1577
2712,0.0,0.162
2713,0.0,0.1577
2714,0.0,0.1456
2715,0.0,0.1276
2716,0.0,0.1065
2717,0.0,0.085
2718,0.0776,0.0654
2719,0.2829,0.0491
2720,0.4208,0.0365
2721,0.5727,0.0276
2722,0.6388,0.0219
2723,0.6731,0.0187
2724,0.6352,0.0177
2725,0.6596,0.0187
2726,0.732,0.0219
2727,0.6271,0.0276
2728,0.4725,0.0365
2729,0.2863,0.0491
2730,0.0845,0.0654
2731,0.0,0.085
2732,0.0,0.1065
2733,0.0,0.1276
2734,0.0,0.1456
2735,0.0,0.1577
2736,0.0,0.162
2737,0.0,0.1577
2738,0.0,0.1456
2739,0.0,0.1276
2740,0.0,0.1065
2741,0.0,0.085
2742,0.0791,0.0654
2743,0.2591,0.0491
2744,0.4905,0.0365
2745,0.5745,0.0276
2746,0.6423,0.0219
2747,0.714,0.0187
2748,0.6357,0.0177
2749,0.6956,0.0187
2750,0.6859,0.0219
2751,0.6308,0.0276
2752,0.4528,0.0365
2753,0.2923,0.0491
2754,0.077,0.0654
2755,0.0,0.085
2756,0.0,0.1065
2757,0.0,0.1276
2758,0.0,0.1456
2759,0.0,0.1577
2760,0.0,0.162
2761,0.0,0.1577
2762,0.0,0.1456
2763,0.0,0.1276
2764,0.0,0.1065
2765,0.0,0.085
2766,0.0862,0.0654
2767,0.2978,0.0491
2768,0.4561,0.0365
2769,0.6125,0.0276
2770,0.7006,0.0219
2771,0.7153,0.0187
2772,0.6888,0.0177
2773,0.6792,0.0187
2774,0.6408,0.0219
2775,0.6203,0.0276
2776,0.48,0.0365
2777,0.299,0.0491
2778,0.082,0.0654
2779,0.0,0.085
2780,0.0,0.1065
2781,0.0,0.1276
2782,0.0,0.1456
2783,0.0,0.1577
2784,0.0,0.162
2785,0.0,0.1577
2786,0.0,0.1456
2787,0.0,0.1276
2788,0.0,0.1065
2789,0.0,0.085
2790,0.0866,0.0654
2791,0.2908,0.0491
2792,0.4891,0.0365
2793,0.6249,0.0276
2794,0.6881,0.0219
2795,0.745,0.0187
2796,0.6979,0.0177
2797,0.7288,0.0187
2798,0.7274,0.0219
2799,0.5813,0.0276
2800,0.4646,0.0365
2801,0.2839,0.0491
2802,0.0829,0.0654
2803,0.0,0.085
2804,0.0,0.1065
2805,0.0,0.1276
2806,0.0,0.1456
2807,0.0,0.1577
2808,0.0,0.162
2809,0.0,0.1577
2810,0.0,0.1456
2811,0.0,0.1276
2812,0.0,0.1065
2813,0.0,0.085
2814,0.0884,0.0654
2815,0.2668,0.0491
2816,0.4895,0.0365
2817,0.5616,0.0276
2818,0.66,0.0219
2819,0.656,0.0187
2820,0.6623,0.0177
2821,0.6391,0.0187
2822,0.6755,0.0219
2823,0.5598,0.0276
2824,0.4579,0.0365
2825,0.2693,0.0491
2826,0.0883,0.0654
2827,0.0,0.085
2828,0.0,0.1065
2829,0.0,0.1276
2830,0.0,0.1456
2831,0.0,0.1577
2832,0.0,0.162
2833,0.0,0.1577
2834,0.0,0.1456
2835,0.0,0.1276
2836,0.0,0.1065
2837,0.0,0.085
2838,0.0856,0.0654
2839,0.272,0.0491
2840,0.4789,0.0365
2841,0.6375,0.0276
2842,0.7436,0.0219
2843,0.7066,0.0187
2844,0.7403,0.0177
2845,0.6371,0.0187
2846,0.7313,0.0219
2847,0.6307,0.0276
2848,0.49,0.0365
2849,0.2601,0.0491
2850,0.0937,0.0654
2851,0.0,0.085
2852,0.0,0.1065
2853,0.0,0.1276
2854,0.0,0.1456
2855,0.0,0.1577
2856,0.0,0.162
2857,0.0,0.1577
2858,0.0,0.1456
2859,0.0,0.1276
2860,0.0,0.1065
2861,0.0,0.085
2862,0.0977,0.0654
2863,0.2789,0.0491
2864,0.4882,0.0365
2865,0.6248,0.0276
2866,0.696,0.0219
2867,0.6825,0.0187
2868,0.7117,0.0177
2869,0.7344,0.0187
2870,0.692,0.0219
2871,0.5793,0.0276
2872,0.4744,0.0365
2873,0.3025,0.0491
2874,0.0885,0.0654
2875,0.0,0.085
2876,0.0,0.1065
2877,0.0,0.1276
2878,0.0,0.1456
2879,0.0,0.1577
2880,0.0,0.162
2881,0.0,0.1577
2882,0.0,0.1456
2883,0.0,0.1276
2884,0.0,0.1065
2885,0.0,0.085
2886,0.0917,0.0654
2887,0.2655,0.0491
2888,0.4938,0.0365
2889,0.6377,0.0276
2890,0.6426,0.0219
2891,0.6559,0.0187
2892,0.7315,0.0177
2893,0.6405,0.0187
2894,0.7125,0.0219
2895,0.5818,0.0276
2896,0.4784,0.0365
2897,0.2915,0.0491
2898,0.0988,0.0654
2899,0.0,0.085
2900,0.0,0.1065
2901,0.0,0.1276
2902,0.0,0.1456
2903,0.0,0.1577
2904,0.0,0.162
2905,0.0,0.1577
2906,0.0,0.1456
2907,0.0,0.1276
2908,0.0,0.1065
2909,0.0,0.085
2910,0.1012,0.0654
2911,0.2979,0.0491
2912,0.4631,0.0365
2913,0.5818,0.0276
2914,0.6749,0.0219
2915,0.6724,0.0187
2916,0.6615,0.0177
2917,0.6985,0.0187
2918,0.6429,0.0219
2919,0.5993,0.0276
2920,0.4309,0.0365
2921,0.2644,0.0491
2922,0.1016,0.0654
2923,0.0,0.085
2924,0.0,0.1065
2925,0.0,0.1276
2926,0.0,0.1456
2927,0.0,0.1577
2928,0.0,0.162
2929,0.0,0.1577
2930,0.0,0.1456
2931,0.0,0.1276
2932,0.0,0.1065
2933,0.0,0.085
2934,0.0938,0.0654
2935,0.2907,0.0491
2936,0.4573,0.0365
2937,0.6326,0.0276
2938,0.7012,0.0219
2939,0.6908,0.0187
2940,0.6401,0.0177
2941,0.6794,0.0187
2942,0.7078,0.0219
2943,0.6529,0.0276
2944,0.4757,0.0365
2945,0.2834,0.0491
2946,0.1017,0.0654
2947,0.0,0.085
2948,0.0,0.1065
2949,0.0,0.1276
2950,0.0,0.1456
2951,0.0,0.1577
2952,0.0,0.162
2953,0.0,0.1577
2954,0.0,0.1456
2955,0.0,0.1276
2956,0.0,0.1065
2957,0.0,0.085
2958,0.0954,0.0654
2959,0.2739,0.0491
2960,0.4897,0.0365
2961,0.617,0.0276
2962,0.6718,0.0219
2963,0.7406,0.0187
2964,0.7196,0.0177
2965,0.6779,0.0187
2966,0.6506,0.0219
2967,0.5971,0.0276
2968,0.4969,0.0365
2969,0.2711,0.0491
2970,0.1001,0.0654
2971,0.0,0.085
2972,0.0,0.1065
2973,0.0,0.1276
2974,0.0,0.1456
2975,0.0,0.1577
2976,0.0,0.162
2977,0.0,0.1577
2978,0.0,0.1456
2979,0.0,0.1276
2980,0.0,0.1065
2981,0.0,0.085
2982,0.1032,0.0654
2983,0.293,0.0491
2984,0.497,0.0365
2985,0.5692,0.0276
2986,0.6975,0.0219
2987,0.6531,0.0187
2988,0.6369,0.0177
2989,0.6361,0.0187
2990,0.668,0.0219
2991,0.6195,0.0276
2992,0.4459,0.0365
2993,0.274,0.0491
2994,0.1047,0.0654
2995,0.0,0.085
2996,0.0,0.1065
2997,0.0,0.1276
2998,0.0,0.1456
2999,0.0,0.1577
3000,0.0,0.162
3001,0.0,0.1577
3002,0.0,0.1456
3003,0.0,0.1276
3004,0.0,0.1065
3005,0.0,0.085
3006,0.103,0.0654
3007,0.3057,0.0491
3008,0.4498,0.0365
3009,0.6327,0.0276
3010,0.7092,0.0219
3011,0.6442,0.0187
3012,0.6474,0.0177
3013,0.6915,0.0187
3014,0.704,0.0219
3015,0.573,0.0276
3016,0.5021,0.0365
3017,0.2935,0.0491
3018,0.1008,0.0654
3019,0.0,0.085
3020,0.0,0.1065
3021,0.0,0.1276
3022,0.0,0.1456
3023,0.0,0.1577
3024,0.0,0.162
3025,0.0,0.1577
3026,0.0,0.1456
3027,0.0,0.1276
3028,0.0,0.1065
3029,0.0,0.085
3030,0.1084,0.0654
3031,0.2781,0.0491
3032,0.4417,0.0365
3033,0.6341,0.0276
3034,0.7294,0.0219
3035,0.7264,0.0187
3036,0.6366,0.0177
3037,0.7203,0.0187
3038,0.6534,0.0219
3039,0.6148,0.0276
3040,0.481,0.0365
3041,0.3161,0.0491
3042,0.1012,0.0654
3043,0.0,0.085
3044,0.0,0.1065
3045,0.0,0.1276
3046,0.0,0.1456
3047,0.0,0.1577
3048,0.0,0.162
3049,0.0,0.1577
3050,0.0,0.1456
3051,0.0,0.1276
3052,0.0,0.1065
3053,0.0,0.085
3054,0.1023,0.0654
3055,0.2917,0.0491
3056,0.4395,0.0365
3057,0.616,0.0276
3058,0.7274,0.0219
3059,0.6609,0.0187
3060,0.6518,0.0177
3061,0.7411,0.0187
3062,0.7165,0.0219
3063,0.5986,0.0276
3064,0.5015,0.0365
3065,0.3159,0.0491
3066,0.1123,0.0654
3067,0.0,0.085
3068,0.0,0.1065
3069,0.0,0.1276
3070,0.0,0.1456
3071,0.0,0.1577
3072,0.0,0.162
3073,0.0,0.1577
3074,0.0,0.1456
3075,0.0,0.1276
3076,0.0,0.1065
3077,0.0,0.085
3078,0.1135,0.0654
3079,0.2891,0.0491
3080,0.5009,0.0365
3081,0.6017,0.0276
3082,0.6889,0.0219
3083,0.7459,0.0187
3084,0.6936,0.0177
3085,0.6677,0.0187
3086,0.7326,0.0219
3087,0.6031,0.0276
3088,0.4782,0.0365
3089,0.284,0.0491
3090,0.1045,0.0654
3091,0.0,0.085
3092,0.0,0.1065
3093,0.0,0.1276
3094,0.0,0.1456
3095,0.0,0.1577
3096,0.0,0.162
3097,0.0,0.1577
3098,0.0,0.1456
3099,0.0,0.1276
3100,0.0,0.1065
3101,0.0,0.085
3102,0.1158,0.0654
3103,0.2779,0.0491
3104,0.4667,0.0365
3105,0.6461,0.0276
3106,0.6998,0.0219
3107,0.7009,0.0187
3108,0.742,0.0177
3109,0.7033,0.0187
3110,0.7215,0.0219
3111,0.5795,0.0276
3112,0.4988,0.0365
3113,0.3076,0.0491
3114,0.1028,0.0654
3115,0.0,0.085
3116,0.0,0.1065
3117,0.0,0.1276
3118,0.0,0.1456
3119,0.0,0.1577
3120,0.0,0.162
3121,0.0,0.1577
3122,0.0,0.1456
3123,0.0,0.1276
3124,0.0,0.1065
3125,0.0,0.085
3126,0.1178,0.0654
3127,0.2885,0.0491
3128,0.479,0.0365
3129,0.61,0.0276
3130,0.6722,0.0219
3131,0.6938,0.0187
3132,0.6758,0.0177
3133,0.7173,0.0187
3134,0.6353,0.0219
3135,0.6031,0.0276
3136,0.4752,0.0365
3137,0.3217,0.0491
3138,0.1036,0.0654
3139,0.0,0.085
3140,0.0,0.1065
3141,0.0,0.1276
3142,0.0,0.1456
3143,0.0,0.1577
3144,0.0,0.162
3145,0.0,0.1577
3146,0.0,0.1456
3147,0.0,0.1276
3148,0.0,0.1065
3149,0.0,0.085
3150,0.1093,0.0654
3151,0.2964,0.0491
3152,0.5021,0.0365
3153,0.5846,0.0276
3154,0.7359,0.0219
3155,0.6619,0.0187
3156,0.7003,0.0177
3157,0.7137,0.0187
3158,0.6366,0.0219
3159,0.5857,0.0276
3160,0.4914,0.0365
3161,0.3157,0.0491
3162,0.1103,0.0654
3163,0.0,0.085
3164,0.0,0.1065
3165,0.0,0.1276
3166,0.0,0.1456
3167,0.0,0.1577
3168,0.0,0.162
3169,0.0,0.1577
3170,0.0,0.1456
3171,0.0,0.1276
3172,0.0,0.1065
3173,0.0,0.085
3174,0.1121,0.0654
3175,0.2984,0.0491
3176,0.4488,0.0365
3177,0.6,0.0276
3178,0.7455,0.0219
3179,0.6697,0.0187
3180,0.7139,0.0177
3181,0.681,0.0187
3182,0.6519,0.0219
3183,0.6482,0.0276
3184,0.4636,0.0365
3185,0.3133,0.0491
3186,0.1177,0.0654
3187,0.0,0.085
3188,0.0,0.1065
3189,0.0,0.1276
3190,0.0,0.1456
3191,0.0,0.1577
3192,0.0,0.162
3193,0.0,0.1577
3194,0.0,0.1456
3195,0.0,0.1276
3196,0.0,0.1065
3197,0.0,0.085
3198,0.1151,0.0654
3199,0.3018,0.0491
3200,0.4426,0.0365
3201,0.651,0.0276
3202,0.6689,0.0219
3203,0.7388,0.0187
3204,0.7245,0.0177
3205,0.72,0.0187
3206,0.675,0.0219
3207,0.5905,0.0276
3208,0.4878,0.0365
3209,0.2778,0.0491
3210,0.1217,0.0654
3211,0.0,0.085
3212,0.0,0.1065
3213,0.0,0.1276
3214,0.0,0.1456
3215,0.0,0.1577
3216,0.0,0.162
3217,0.0,0.1577
3218,0.0,0.1456
3219,0.0,0.1276
3220,0.0,0.1065
3221,0.0,0.085
3222,0.1083,0.0654
3223,0.326,0.0491
3224,0.4778,0.0365
3225,0.5881,0.0276
3226,0.6737,0.0219
3227,0.6727,0.0187
3228,0.6673,0.0177
3229,0.6499,0.0187
3230,0.7412,0.0219
3231,0.6431,0.0276
3232,0.5095,0.0365
3233,0.3145,0.0491
3234,0.1217,0.0654
3235,0.0,0.085
3236,0.0,0.1065
3237,0.0,0.1276
3238,0.0,0.1456
3239,0.0,0.1577
3240,0.0,0.162
3241,0.0,0.1577
3242,0.0,0.1456
3243,0.0,0.1276
3244,0.0,0.1065
3245,0.0,0.085
3246,0.1261,0.0654
3247,0.2804,0.0491
3248,0.4909,0.0365
3249,0.609,0.0276
3250,0.6947,0.0219
3251,0.6826,0.0187
3252,0.7273,0.0177
3253,0.7194,0.0187
3254,0.6739,0.0219
3255,0.6406,0.0276
3256,0.4376,0.0365
3257,0.285,0.0491
3258,0.1086,0.0654
3259,0.0,0.085
3260,0.0,0.1065
3261,0.0,0.1276
3262,0.0,0.1456
3263,0.0,0.1577
3264,0.0,0.162
3265,0.0,0.1577
3266,0.0,0.1456
3267,0.0,0.1276
3268,0.0,0.1065
3269,0.0,0.085
3270,0.1191,0.0654
3271,0.3181,0.0491
3272,0.4655,0.0365
3273,0.6007,0.0276
3274,0.6431,0.0219
3275,0.691,0.0187
3276,0.7233,0.0177
3277,0.7011,0.0187
3278,0.6776,0.0219
3279,0.6109,0.0276
3280,0.4925,0.0365
3281,0.2944,0.0491
3282,0.1277,0.0654
3283,0.0,0.085
3284,0.0,0.1065
3285,0.0,0.1276
3286,0.0,0.1456
3287,0.0,0.1577
3288,0.0,0.162
3289,0.0,0.1577
3290,0.0,0.1456
3291,0.0,0.1276
3292,0.0,0.1065
3293,0.0,0.085
3294,0.1277,0.0654
3295,0.3244,0.0491
3296,0.4899,0.0365
3297,0.5994,0.0276
3298,0.6861,0.0219
3299,0.6936,0.0187
3300,0.6566,0.0177
3301,0.6429,0.0187
3302,0.6378,0.0219
3303,0.6196,0.0276
3304,0.4877,0.0365
3305,0.283,0.0491
3306,0.1179,0.0654
3307,0.0,0.085
3308,0.0,0.1065
3309,0.0,0.1276
3310,0.0,0.1456
3311,0.0,0.1577
3312,0.0,0.162
3313,0.0,0.1577
3314,0.0,0.1456
3315,0.0,0.1276
3316,0.0,0.1065
3317,0.0,0.085
3318,0.1223,0.0654
3319,0.2967,0.0491
3320,0.4396,0.0365
3321,0.6283,0.0276
3322,0.6978,0.0219
3323,0.7149,0.0187
3324,0.6943,0.0177
3325,0.668,0.0187
3326,0.643,0.0219
3327,0.661,0.0276
3328,0.4841,0.0365
3329,0.291,0.0491
3330,0.1241,0.0654
3331,0.0,0.085
3332,0.0,0.1065
3333,0.0,0.1276
3334,0.0,0.1456
3335,0.0,0.1577
3336,0.0,0.162
3337,0.0,0.1577
3338,0.0,0.1456
3339,0.0,0.1276
3340,0.0,0.1065
3341,0.0,0.085
3342,0.1211,0.0654
3343,0.2924,0.0491
3344,0.4568,0.0365
3345,0.6363,0.0276
3346,0.6374,0.0219
3347,0.734,0.0187
3348,0.7416,0.0177
3349,0.7079,0.0187
3350,0.7126,0.0219
3351,0.6654,0.0276
3352,0.4981,0.0365
3353,0.3183,0.0491
3354,0.1195,0.0654
3355,0.0,0.085
3356,0.0,0.1065
3357,0.0,0.1276
3358,0.0,0.1456
3359,0.0,0.1577
3360,0.0,0.162
3361,0.0,0.1577
3362,0.0,0.1456
3363,0.0,0.1276
3364,0.0,0.1065
3365,0.0,0.085
3366,0.118,0.0654
3367,0.3085,0.0491
3368,0.5015,0.0365
3369,0.6653,0.0276
3370,0.6489,0.0219
3371,0.6931,0.0187
3372,0.6736,0.0177
3373,0.6834,0.0187
3374,0.7335,0.0219
3375,0.6022,0.0276
3376,0.4495,0.0365
3377,0.2867,0.0491
3378,0.1322,0.0654
3379,0.0,0.085
3380,0.0,0.1065
3381,0.0,0.1276
3382,0.0,0.1456
3383,0.0,0.1577
3384,0.0,0.162
3385,0.0,0.1577
3386,0.0,0.1456
3387,0.0,0.1276
3388,0.0,0.1065
3389,0.0,0.085
3390,0.1158,0.0654
3391,0.2858,0.0491
3392,0.506,0.0365
3393,0.6382,0.0276
3394,0.6447,0.0219
3395,0.7064,0.0187
3396,0.6745,0.0177
3397,0.6484,0.0187
3398,0.6389,0.0219
3399,0.6313,0.0276
3400,0.4893,0.0365
3401,0.3306,0.0491
3402,0.1301,0.0654
3403,0.0,0.085
3404,0.0,0.1065
3405,0.0,0.1276
3406,0.0,0.1456
3407,0.0,0.1577
3408,0.0,0.162
3409,0.0,0.1577
3410,0.0,0.1456
3411,0.0,0.1276
3412,0.0,0.1065
3413,0.0,0.085
3414,0.1178,0.0654
3415,0.323,0.0491
3416,0.4916,0.0365
3417,0.6468,0.0276
3418,0.7117,0.0219
3419,0.6818,0.0187
3420,0.6601,0.0177
3421,0.7311,0.0187
3422,0.7182,0.0219
3423,0.6036,0.0276
3424,0.5078,0.0365
3425,0.3068,0.0491
3426,0.1311,0.0654
3427,0.0,0.085
3428,0.0,0.1065
3429,0.0,0.1276
3430,0.0,0.1456
3431,0.0,0.1577
3432,0.0,0.162
3433,0.0,0.1577
3434,0.0,0.1456
3435,0.0,0.1276
3436,0.0,0.1065
3437,0.0,0.085
3438,0.1242,0.0654
3439,0.3181,0.0491
3440,0.516,0.0365
3441,0.5851,0.0276
3442,0.7268,0.0219
3443,0.7045,0.0187
3444,0.6999,0.0177
3445,0.7214,0.0187
3446,0.6536,0.0219
3447,0.6379,0.0276
3448,0.4727,0.0365
3449,0.3038,0.0491
3450,0.1325,0.0654
3451,0.0,0.085
3452,0.0,0.1065
3453,0.0,0.1276
3454,0.0,0.1456
3455,0.0,0.1577
3456,0.0,0.162
3457,0.0,0.1577
3458,0.0,0.1456
3459,0.0,0.1276
3460,0.0,0.1065
3461,0.0,0.085
3462,0.1343,0.0654
3463,0.3114,0.0491
3464,0.4655,0.0365
3465,0.6149,0.0276
3466,0.742,0.0219
3467,0.6773,0.0187
3468,0.7126,0.0177
3469,0.6724,0.0187
3470,0.7229,0.0219
3471,0.5927,0.0276
3472,0.4674,0.0365
3473,0.2913,0.0491
3474,0.1303,0.0654
3475,0.0,0.085
3476,0.0,0.1065
3477,0.0,0.1276
3478,0.0,0.1456
3479,0.0,0.1577
3480,0.0,0.162
3481,0.0,0.1577
3482,0.0,0.1456
3483,0.0,0.1276
3484,0.0,0.1065
3485,0.0,0.085
3486,0.1335,0.0654
3487,0.3338,0.0491
3488,0.5081,0.0365
3489,0.6514,0.0276
3490,0.6931,0.0219
3491,0.7237,0.0187
3492,0.6881,0.0177
3493,0.6454,0.0187
3494,0.7062,0.0219
3495,0.6674,0.0276
3496,0.483,0.0365
3497,0.338,0.0491
3498,0.1322,0.0654
3499,0.0,0.085
3500,0.0,0.1065
3501,0.0,0.1276
3502,0.0,0.1456
3503,0.0,0.1577
3504,0.0,0.162
3505,0.0,0.1577
3506,0.0,0.1456
3507,0.0,0.1276
3508,0.0,0.1065
3509,0.0,0.085
3510,0.1243,0.0654
3511,0.323,0.0491
3512,0.4519,0.0365
3513,0.6163,0.0276
3514,0.6804,0.0219
3515,0.6664,0.0187
3516,0.7032,0.0177
3517,0.7348,0.0187
3518,0.6858,0.0219
3519,0.5702,0.0276
3520,0.4694,0.0365
3521,0.3031,0.0491
3522,0.1256,0.0654
3523,0.0,0.085
3524,0.0,0.1065
3525,0.0,0.1276
3526,0.0,0.1456
3527,0.0,0.1577
3528,0.0,0.162
3529,0.0,0.1577
3530,0.0,0.1456
3531,0.0,0.1276
3532,0.0,0.1065
3533,0.0,0.085
3534,0.1348,0.0654
3535,0.3285,0.0491
3536,0.462,0.0365
3537,0.6136,0.0276
3538,0.746,0.0219
3539,0.6461,0.0187
3540,0.6573,0.0177
3541,0.7193,0.0187
3542,0.7153,0.0219
3543,0.5812,0.0276
3544,0.4614,0.0365
3545,0.3102,0.0491
3546,0.1281,0.0654
3547,0.0,0.085
3548,0.0,0.1065
3549,0.0,0.1276
3550,0.0,0.1456
3551,0.0,0.1577
3552,0.0,0.162
3553,0.0,0.1577
3554,0.0,0.1456
3555,0.0,0.1276
3556,0.0,0.1065
3557,0.0,0.085
3558,0.1347,0.0654
3559,0.3377,0.0491
3560,0.4733,0.0365
3561,0.6209,0.0276
3562,0.6394,0.0219
3563,0.6353,0.0187
3564,0.6656,0.0177
3565,0.6861,0.0187
3566,0.7359,0.0219
3567,0.6254,0.0276
3568,0.5068,0.0365
3569,0.2989,0.0491
3570,0.1393,0.0654
3571,0.0,0.085
3572,0.0,0.1065
3573,0.0,0.1276
3574,0.0,0.1456
3575,0.0,0.1577
3576,0.0,0.162
3577,0.0,0.1577
3578,0.0,0.1456
3579,0.0,0.1276
3580,0.0,0.1065
3581,0.0,0.085
3582,0.1312,0.0654
3583,0.3201,0.0491
3584,0.4748,0.0365
3585,0.6051,0.0276
3586,0.6704,0.0219
3587,0.6416,0.0187
3588,0.7457,0.0177
3589,0.6478,0.0187
3590,0.6847,0.0219
3591,0.6236,0.0276
3592,0.4694,0.0365
3593,0.3276,0.0491
3594,0.1292,0.0654
3595,0.0,0.085
3596,0.0,0.1065
3597,0.0,0.1276
3598,0.0,0.1456
3599,0.0,0.1577
3600,0.0,1.0
3601,0.0,1.0
3602,0.0,1.0
3603,0.0,1.0
3604,0.0,1.0
3605,0.0,0.9053
3606,0.1286,0.6965
3607,0.3257,0.5225
3608,0.4451,0.389
3609,0.588,0.2943
3610,0.65,0.2331
3611,0.6893,0.1994
3612,0.6466,0.1887
3613,0.6846,0.1994
3614,0.7019,0.2331
3615,0.5929,0.2943
3616,0.5075,0.389
3617,0.3293,0.5225
3618,0.1312,0.6965
3619,0.0,0.9053
3620,0.0,1.0
3621,0.0,1.0
3622,0.0,1.0
3623,0.0,1.0
3624,0.0,1.0
3625,0.0,1.0
3626,0.0,1.0
3627,0.0,1.0
3628,0.0,1.0
3629,0.0,0.9053
3630,0.124,0.6965
3631,0.3283,0.5225
3632,0.4937,0.389
3633,0.6127,0.2943
3634,0.6682,0.2331
3635,0.7408,0.1994
3636,0.6578,0.1887
3637,0.6595,0.1994
3638,0.7204,0.2331
3639,0.6706,0.2943
3640,0.4789,0.389
3641,0.3377,0.5225
3642,0.1445,0.6965
3643,0.0,0.9053
3644,0.0,1.0
3645,0.0,1.0
3646,0.0,1.0
3647,0.0,1.0
3648,0.0,1.0
3649,0.0,1.0
3650,0.0,1.0
3651,0.0,1.0
3652,0.0,1.0
3653,0.0,0.9053
3654,0.1418,0.6965
3655,0.3029,0.5225
3656,0.469,0.389
3657,0.6408,0.2943
3658,0.6673,0.2331
3659,0.7223,0.1994
3660,0.7092,0.1887
3661,0.6776,0.1994
3662,0.7133,0.2331
3663,0.6375,0.2943
3664,0.4456,0.389
3665,0.3404,0.5225
3666,0.1314,0.6965
3667,0.0,0.9053
3668,0.0,1.0
3669,0.0,1.0
3670,0.0,1.0
3671,0.0,1.0
3672,0.0,1.0
3673,0.0,1.0
3674,0.0,1.0
3675,0.0,1.0
3676,0.0,1.0
3677,0.0,0.9053
3678,0.1382,0.6965
3679,0.321,0.5225
3680,0.4851,0.389
3681,0.6582,0.2943
3682,0.7242,0.2331
3683,0.6882,0.1994
3684,0.7345,0.1887
3685,0.6718,0.1994
3686,0.6861,0.2331
3687,0.5746,0.2943
3688,0.5058,0.389
3689,0.3161,0.5225
3690,0.1371,0.6965
3691,0.0,0.9053
3692,0.0,1.0
3693,0.0,1.0
3694,0.0,1.0
3695,0.0,1.0
3696,0.0,1.0
3697,0.0,1.0
3698,0.0,1.0
3699,0.0,1.0
3700,0.0,1.0
3701,0.0,0.9053
3702,0.1307,0.6965
3703,0.3366,0.5225
3704,0.4531,0.389
3705,0.6401,0.2943
3706,0.744,0.2331
3707,0.6525,0.1994
3708,0.6703,0.1887
3709,0.7215,0.1994
3710,0.7001,0.2331
3711,0.655,0.2943
3712,0.4618,0.389
3713,0.298,0.5225
3714,0.1343,0.6965
3715,0.0,0.9053
3716,0.0,1.0
3717,0.0,1.0
3718,0.0,1.0
3719,0.0,1.0
3720,0.0,1.0
3721,0.0,1.0
3722,0.0,1.0
3723,0.0,1.0
3724,0.0,1.0
3725,0.0,0.9053
3726,0.1364,0.6965
3727,0.3134,0.5225
3728,0.4777,0.389
3729,0.58,0.2943
3730,0.7112,0.2331
3731,0.7054,0.1994
3732,0.6631,0.1887
3733,0.6578,0.1994
3734,0.7178,0.2331
3735,0.6111,0.2943
3736,0.4491,0.389
3737,0.3042,0.5225
3738,0.1464,0.6965
3739,0.0,0.9053
3740,0.0,1.0
3741,0.0,1.0
3742,0.0,1.0
3743,0.0,1.0
3744,0.0,1.0
3745,0.0,1.0
3746,0.0,1.0
3747,0.0,1.0
3748,0.0,1.0
3749,0.0,0.9053
3750,0.148,0.6965
3751,0.3303,0.5225
3752,0.4775,0.389
3753,0.5855,0.2943
3754,0.7002,0.2331
3755,0.6564,0.1994
3756,0.6568,0.1887
3757,0.6523,0.1994
3758,0.703,0.2331
3759,0.6578,0.2943
3760,0.4819,0.389
3761,0.3433,0.5225
3762,0.1371,0.6965
3763,0.0,0.9053
3764,0.0,1.0
3765,0.0,1.0
3766,0.0,1.0
3767,0.0,1.0
3768,0.0,1.0
3769,0.0,1.0
3770,0.0,1.0
3771,0.0,1.0
3772,0.0,1.0
3773,0.0,0.9053
3774,0.1317,0.6965
3775,0.3103,0.5225
3776,0.4479,0.389
3777,0.5981,0.2943
3778,0.6456,0.2331
3779,0.6637,0.1994
3780,0.7379,0.1887
3781,0.6876,0.1994
3782,0.7279,0.2331
3783,0.58,0.2943
3784,0.4709,0.389
3785,0.3247,0.5225
3786,0.1397,0.6965
3787,0.0,0.9053
3788,0.0,1.0
3789,0.0,1.0
3790,0.0,1.0
3791,0.0,1.0
3792,0.0,1.0
3793,0.0,1.0
3794,0.0,1.0
3795,0.0,1.0
3796,0.0,1.0
3797,0.0,0.9053
3798,0.1454,0.6965
3799,0.3278,0.5225
3800,0.4657,0.389
3801,0.6021,0.2943
3802,0.7304,0.2331
3803,0.7431,0.1994
3804,0.7027,0.1887
3805,0.6563,0.1994
3806,0.7249,0.2331
3807,0.6087,0.2943
3808,0.4624,0.389
3809,0.3215,0.5225
3810,0.1369,0.6965
3811,0.0,0.9053
3812,0.0,1.0
3813,0.0,1.0
3814,0.0,1.0
3815,0.0,1.0
3816,0.0,1.0
3817,0.0,1.0
3818,0.0,1.0
3819,0.0,1.0
3820,0.0,1.0
3821,0.0,0.9053
3822,0.1364,0.6965
3823,0.312,0.5225
3824,0.4672,0.389
3825,0.6288,0.2943
3826,0.7439,0.2331
3827,0.6401,0.1994
3828,0.6636,0.1887
3829,0.7185,0.1994
3830,0.678,0.2331
3831,0.6617,0.2943
3832,0.5209,0.389
3833,0.3058,0.5225
3834,0.1378,0.6965
3835,0.0,0.9053
3836,0.0,1.0
3837,0.0,1.0
3838,0.0,1.0
3839,0.0,1.0
3840,0.0,1.0
3841,0.0,1.0
3842,0.0,1.0
3843,0.0,1.0
3844,0.0,1.0
3845,0.0,0.9053
3846,0.129,0.6965
3847,0.3276,0.5225
3848,0.4933,0.389
3849,0.6512,0.2943
3850,0.6839,0.2331
3851,0.6714,0.1994
3852,0.742,0.1887
3853,0.6937,0.1994
3854,0.6851,0.2331
3855,0.5873,0.2943
3856,0.4477,0.389
3857,0.3237,0.5225
3858,0.1397,0.6965
3859,0.0,0.9053
3860,0.0,1.0
3861,0.0,1.0
3862,0.0,1.0
3863,0.0,1.0
3864,0.0,1.0
3865,0.0,1.0
3866,0.0,1.0
3867,0.0,1.0
3868,0.0,1.0
3869,0.0,0.9053
3870,0.1399,0.6965
3871,0.3262,0.5225
3872,0.503,0.389
3873,0.6182,0.2943
3874,0.7411,0.2331
3875,0.6746,0.1994
3876,0.7255,0.1887
3877,0.7269,0.1994
3878,0.6922,0.2331
3879,0.6008,0.2943
3880,0.5014,0.389
3881,0.3232,0.5225
3882,0.1429,0.6965
3883,0.0,0.9053
3884,0.0,1.0
3885,0.0,1.0
3886,0.0,1.0
3887,0.0,1.0
3888,0.0,1.0
3889,0.0,1.0
3890,0.0,1.0
3891,0.0,1.0
3892,0.0,1.0
3893,0.0,0.9053
3894,0.1475,0.6965
3895,0.3257,0.5225
3896,0.4861,0.389
3897,0.6409,0.2943
3898,0.6656,0.2331
3899,0.7063,0.1994
3900,0.6775,0.1887
3901,0.696,0.1994
3902,0.7436,0.2331
3903,0.6064,0.2943
3904,0.4912,0.389
3905,0.3097,0.5225
3906,0.1325,0.6965
3907,0.0,0.9053
3908,0.0,1.0
3909,0.0,1.0
3910,0.0,1.0
3911,0.0,1.0
3912,0.0,1.0
3913,0.0,1.0
3914,0.0,1.0
3915,0.0,1.0
3916,0.0,1.0
3917,0.0,0.9053
3918,0.1434,0.6965
3919,0.2963,0.5225
3920,0.5013,0.389
3921,0.6721,0.2943
3922,0.6454,0.2331
3923,0.6551,0.1994
3924,0.6944,0.1887
3925,0.7061,0.1994
3926,0.6688,0.2331
3927,0.5854,0.2943
3928,0.5217,0.389
3929,0.3286,0.5225
3930,0.1451,0.6965
3931,0.0,0.9053
3932,0.0,1.0
3933,0.0,1.0
3934,0.0,1.0
3935,0.0,1.0
3936,0.0,1.0
3937,0.0,1.0
3938,0.0,1.0
3939,0.0,1.0
3940,0.0,1.0
3941,0.0,0.9053
3942,0.1463,0.6965
3943,0.302,0.5225
3944,0.5183,0.389
3945,0.6633,0.2943
3946,0.6812,0.2331
3947,0.6715,0.1994
3948,0.7055,0.1887
3949,0.6784,0.1994
3950,0.7236,0.2331
3951,0.6092,0.2943
3952,0.5063,0.389
3953,0.3413,0.5225
3954,0.1301,0.6965
3955,0.0,0.9053
3956,0.0,1.0
3957,0.0,1.0
3958,0.0,1.0
3959,0.0,1.0
3960,0.0,1.0
3961,0.0,1.0
3962,0.0,1.0
3963,0.0,1.0
3964,0.0,1.0
3965,0.0,0.9053
3966,0.1519,0.6965
3967,0.2968,0.5225
3968,0.464,0.389
3969,0.6652,0.2943
3970,0.7395,0.2331
3971,0.7168,0.1994
3972,0.6384,0.1887
3973,0.7408,0.1994
3974,0.7172,0.2331
3975,0.6127,0.2943
3976,0.5133,0.389
3977,0.3114,0.5225
3978,0.1423,0.6965
3979,0.0,0.9053
3980,0.0,1.0
3981,0.0,1.0
3982,0.0,1.0
3983,0.0,1.0
3984,0.0,1.0
3985,0.0,1.0
3986,0.0,1.0
3987,0.0,1.0
3988,0.0,1.0
3989,0.0,0.9053
3990,0.1329,0.6965
3991,0.311,0.5225
3992,0.4578,0.389
3993,0.5964,0.2943
3994,0.6906,0.2331
3995,0.7223,0.1994
3996,0.6817,0.1887
3997,0.7307,0.1994
3998,0.6543,0.2331
3999,0.6666,0.2943
4000,0.4492,0.389
4001,0.3179,0.5225
4002,0.1354,0.6965
4003,0.0,0.9053
4004,0.0,1.0
4005,0.0,1.0
4006,0.0,1.0
4007,0.0,1.0
4008,0.0,1.0
4009,0.0,1.0
4010,0.0,1.0
4011,0.0,1.0
4012,0.0,1.0
4013,0.0,0.9053
4014,0.1484,0.6965
4015,0.3215,0.5225
4016,0.4697,0.389
4017,0.5948,0.2943
4018,0.6801,0.2331
4019,0.7219,0.1994
4020,0.7173,0.1887
4021,0.663,0.1994
4022,0.7215,0.2331
4023,0.6604,0.2943
4024,0.4589,0.389
4025,0.3168,0.5225
4026,0.1458,0.6965
4027,0.0,0.9053
4028,0.0,1.0
4029,0.0,1.0
4030,0.0,1.0
4031,0.0,1.0
4032,0.0,1.0
4033,0.0,1.0
4034,0.0,1.0
4035,0.0,1.0
4036,0.0,1.0
4037,0.0,0.9053
4038,0.1407,0.6965
4039,0.3156,0.5225
4040,0.5079,0.389
4041,0.5861,0.2943
4042,0.6844,0.2331
4043,0.6738,0.1994
4044,0.733,0.1887
4045,0.6789,0.1994
4046,0.641,0.2331
4047,0.6493,0.2943
4048,0.4898,0.389
4049,0.3137,0.5225
4050,0.1333,0.6965
4051,0.0,0.9053
4052,0.0,1.0
4053,0.0,1.0
4054,0.0,1.0
4055,0.0,1.0
4056,0.0,1.0
4057,0.0,1.0
4058,0.0,1.0
4059,0.0,1.0
4060,0.0,1.0
4061,0.0,0.9053
4062,0.1359,0.6965
4063,0.2974,0.5225
4064,0.5038,0.389
4065,0.611,0.2943
4066,0.6783,0.2331
4067,0.743,0.1994
4068,0.7044,0.1887
4069,0.7051,0.1994
4070,0.7098,0.2331
4071,0.5996,0.2943
4072,0.5043,0.389
4073,0.336,0.5225
4074,0.1334,0.6965
4075,0.0,0.9053
4076,0.0,1.0
4077,0.0,1.0
4078,0.0,1.0
4079,0.0,1.0
4080,0.0,1.0
4081,0.0,1.0
4082,0.0,1.0
4083,0.0,1.0
4084,0.0,1.0
4085,0.0,0.9053
4086,0.1336,0.6965
4087,0.3066,0.5225
4088,0.5173,0.389
4089,0.5824,0.2943
4090,0.7131,0.2331
4091,0.6561,0.1994
4092,0.7082,0.1887
4093,0.7293,0.1994
4094,0.6757,0.2331
4095,0.5736,0.2943
4096,0.4841,0.389
4097,0.3044,0.5225
4098,0.148,0.6965
4099,0.0,0.9053
4100,0.0,1.0
4101,0.0,1.0
4102,0.0,1.0
4103,0.0,1.0
4104,0.0,1.0
4105,0.0,1.0
4106,0.0,1.0
4107,0.0,1.0
4108,0.0,1.0
4109,0.0,0.9053
4110,0.1515,0.6965
4111,0.3416,0.5225
4112,0.4503,0.389
4113,0.6383,0.2943
4114,0.7391,0.2331
4115,0.6351,0.1994
4116,0.6485,0.1887
4117,0.694,0.1994
4118,0.6481,0.2331
4119,0.6154,0.2943
4120,0.4739,0.389
4121,0.3066,0.5225
4122,0.1477,0.6965
4123,0.0,0.9053
4124,0.0,1.0
4125,0.0,1.0
4126,0.0,1.0
4127,0.0,1.0
4128,0.0,1.0
4129,0.0,1.0
4130,0.0,1.0
4131,0.0,1.0
4132,0.0,1.0
4133,0.0,0.9053
4134,0.1451,0.6965
4135,0.3373,0.5225
4136,0.5114,0.389
4137,0.5816,0.2943
4138,0.6343,0.2331
4139,0.7062,0.1994
4140,0.7175,0.1887
4141,0.6392,0.1994
4142,0.7335,0.2331
4143,0.6032,0.2943
4144,0.469,0.389
4145,0.3186,0.5225
4146,0.1463,0.6965
4147,0.0,0.9053
4148,0.0,1.0
4149,0.0,1.0
4150,0.0,1.0
4151,0.0,1.0
4152,0.0,1.0
4153,0.0,1.0
4154,0.0,1.0
4155,0.0,1.0
4156,0.0,1.0
4157,0.0,0.9053
4158,0.1512,0.6965
4159,0.3145,0.5225
4160,0.4849,0.389
4161,0.6245,0.2943
4162,0.6804,0.2331
4163,0.7146,0.1994
4164,0.6423,0.1887
4165,0.6584,0.1994
4166,0.6536,0.2331
4167,0.6355,0.2943
4168,0.4685,0.389
4169,0.338,0.5225
4170,0.131,0.6965
4171,0.0,0.9053
4172,0.0,1.0
4173,0.0,1.0
4174,0.0,1.0
4175,0.0,1.0
4176,0.0,1.0
4177,0.0,1.0
4178,0.0,1.0
4179,0.0,1.0
4180,0.0,1.0
4181,0.0,0.9053
4182,0.1347,0.6965
4183,0.2983,0.5225
4184,0.477,0.389
4185,0.627,0.2943
4186,0.7032,0.2331
4187,0.7129,0.1994
4188,0.6632,0.1887
4189,0.6388,0.1994
4190,0.6432,0.2331
4191,0.6564,0.2943
4192,0.4782,0.389
4193,0.3372,0.5225
4194,0.136,0.6965
4195,0.0,0.9053
4196,0.0,1.0
4197,0.0,1.0
4198,0.0,1.0
4199,0.0,1.0
4200,0.0,1.0
4201,0.0,1.0
4202,0.0,1.0
4203,0.0,1.0
4204,0.0,1.0
4205,0.0,0.9053
4206,0.1339,0.6965
4207,0.3102,0.5225
4208,0.4527,0.389
4209,0.6443,0.2943
4210,0.6529,0.2331
4211,0.7236,0.1994
4212,0.6753,0.1887
4213,0.7269,0.1994
4214,0.7308,0.2331
4215,0.6686,0.2943
4216,0.4959,0.389
4217,0.3187,0.5225
4218,0.1297,0.6965
4219,0.0,0.9053
4220,0.0,1.0
4221,0.0,1.0
4222,0.0,1.0
4223,0.0,1.0
4224,0.0,1.0
4225,0.0,1.0
4226,0.0,1.0
4227,0.0,1.0
4228,0.0,1.0
4229,0.0,0.9053
4230,0.1419,0.6965
4231,0.3449,0.5225
4232,0.4646,0.389
4233,0.648,0.2943
4234,0.6886,0.2331
4235,0.6855,0.1994
4236,0.6612,0.1887
4237,0.6601,0.1994
4238,0.6351,0.2331
4239,0.6521,0.2943
4240,0.4816,0.389
4241,0.3246,0.5225
4242,0.1381,0.6965
4243,0.0,0.9053
4244,0.0,1.0
4245,0.0,1.0
4246,0.0,1.0
4247,0.0,1.0
4248,0.0,1.0
4249,0.0,1.0
4250,0.0,1.0
4251,0.0,1.0
4252,0.0,1.0
4253,0.0,0.9053
4254,0.1412,0.6965
4255,0.2983,0.5225
4256,0.4863,0.389
4257,0.6344,0.2943
4258,0.6955,0.2331
4259,0.6866,0.1994
4260,0.694,0.1887
4261,0.7134,0.1994
4262,0.711,0.2331
4263,0.6185,0.2943
4264,0.5078,0.389
4265,0.3462,0.5225
4266,0.1447,0.6965
4267,0.0,0.9053
4268,0.0,1.0
4269,0.0,1.0
4270,0.0,1.0
4271,0.0,1.0
4272,0.0,1.0
4273,0.0,1.0
4274,0.0,1.0
4275,0.0,1.0
4276,0.0,1.0
4277,0.0,0.9053
4278,0.1385,0.6965
4279,0.3352,0.5225
4280,0.5237,0.389
4281,0.6674,0.2943
4282,0.6743,0.2331
4283,0.6634,0.1994
4284,0.6367,0.1887
4285,0.6632,0.1994
4286,0.6558,0.2331
4287,0.6007,0.2943
4288,0.459,0.389
4289,0.3189,0.5225
4290,0.1418,0.6965
4291,0.0,0.9053
4292,0.0,1.0
4293,0.0,1.0
4294,0.0,1.0
4295,0.0,1.0
4296,0.0,1.0
4297,0.0,1.0
4298,0.0,1.0
4299,0.0,1.0
4300,0.0,1.0
4301,0.0,0.9053
4302,0.1359,0.6965
4303,0.334,0.5225
4304,0.5057,0.389
4305,0.6709,0.2943
4306,0.6567,0.2331
4307,0.7435,0.1994
4308,0.6795,0.1887
4309,0.6899,0.1994
4310,0.662,0.2331
4311,0.6604,0.2943
4312,0.5122,0.389
4313,0.2998,0.5225
4314,0.1516,0.6965
4315,0.0,0.9053
4316,0.0,1.0
4317,0.0,1.0
4318,0.0,1.0
4319,0.0,1.0
4320,0.0,1.0
4321,0.0,1.0
4322,0.0,1.0
4323,0.0,1.0
4324,0.0,1.0
4325,0.0,0.9053
4326,0.1386,0.6965
4327,0.2968,0.5225
4328,0.4657,0.389
4329,0.6472,0.2943
4330,0.6594,0.2331
4331,0.7124,0.1994
4332,0.6807,0.1887
4333,0.6685,0.1994
4334,0.6955,0.2331
4335,0.5766,0.2943
4336,0.4941,0.389
4337,0.2957,0.5225
4338,0.1362,0.6965
4339,0.0,0.9053
4340,0.0,1.0
4341,0.0,1.0
4342,0.0,1.0
4343,0.0,1.0
4344,0.0,1.0
4345,0.0,1.0
4346,0.0,1.0
4347,0.0,1.0
4348,0.0,1.0
4349,0.0,0.9053
4350,0.1466,0.6965
4351,0.3424,0.5225
4352,0.5091,0.389
4353,0.6075,0.2943
4354,0.7011,0.2331
4355,0.6887,0.1994
4356,0.742,0.1887
4357,0.6999,0.1994
4358,0.6724,0.2331
4359,0.6191,0.2943
4360,0.4762,0.389
4361,0.3412,0.5225
4362,0.1384,0.6965
4363,0.0,0.9053
4364,0.0,1.0
4365,0.0,1.0
4366,0.0,1.0
4367,0.0,1.0
4368,0.0,1.0
4369,0.0,1.0
4370,0.0,1.0
4371,0.0,1.0
4372,0.0,1.0
4373,0.0,0.9053
4374,0.1451,0.6965
4375,0.2961,0.5225
4376,0.4857,0.389
4377,0.5876,0.2943
4378,0.6693,0.2331
4379,0.6558,0.1994
4380,0.722,0.1887
4381,0.7286,0.1994
4382,0.6506,0.2331
4383,0.6478,0.2943
4384,0.5045,0.389
4385,0.3457,0.5225
4386,0.1426,0.6965
4387,0.0,0.9053
4388,0.0,1.0
4389,0.0,1.0
4390,0.0,1.0
4391,0.0,1.0
4392,0.0,1.0
4393,0.0,1.0
4394,0.0,1.0
4395,0.0,1.0
4396,0.0,1.0
4397,0.0,0.9053
4398,0.1444,0.6965
4399,0.3029,0.5225
4400,0.4942,0.389
4401,0.656,0.2943
4402,0.7148,0.2331
4403,0.7351,0.1994
4404,0.7207,0.1887
4405,0.6392,0.1994
4406,0.6652,0.2331
4407,0.5733,0.2943
4408,0.4534,0.389
4409,0.3228,0.5225
4410,0.1359,0.6965
4411,0.0,0.9053
4412,0.0,1.0
4413,0.0,1.0
4414,0.0,1.0
4415,0.0,1.0
4416,0.0,1.0
4417,0.0,1.0
4418,0.0,1.0
4419,0.0,1.0
4420,0.0,1.0
4421,0.0,0.9053
4422,0.1454,0.6965
4423,0.2973,0.5225
4424,0.4916,0.389
4425,0.6493,0.2943
4426,0.6646,0.2331
4427,0.7148,0.1994
4428,0.71,0.1887
4429,0.6995,0.1994
4430,0.6754,0.2331
4431,0.6559,0.2943
4432,0.4498,0.389
4433,0.3125,0.5225
4434,0.1344,0.6965
4435,0.0,0.9053
4436,0.0,1.0
4437,0.0,1.0
4438,0.0,1.0
4439,0.0,1.0
4440,0.0,1.0
4441,0.0,1.0
4442,0.0,1.0
4443,0.0,1.0
4444,0.0,1.0
4445,0.0,0.9053
4446,0.1311,0.6965
4447,0.3012,0.5225
4448,0.5062,0.389
4449,0.5993,0.2943
4450,0.6375,0.2331
4451,0.7335,0.1994
4452,0.7308,0.1887
4453,0.7245,0.1994
4454,0.7179,0.2331
4455,0.612,0.2943
4456,0.4577,0.389
4457,0.3458,0.5225
4458,0.1422,0.6965
4459,0.0,0.9053
4460,0.0,1.0
4461,0.0,1.0
4462,0.0,1.0
4463,0.0,1.0
4464,0.0,1.0
4465,0.0,1.0
4466,0.0,1.0
4467,0.0,1.0
4468,0.0,1.0
4469,0.0,0.9053
4470,0.1332,0.6965
4471,0.341,0.5225
4472,0.4872,0.389
4473,0.6352,0.2943
4474,0.6632,0.2331
4475,0.6566,0.1994
4476,0.7269,0.1887
4477,0.6637,0.1994
4478,0.7325,0.2331
4479,0.6261,0.2943
4480,0.4673,0.389
4481,0.3336,0.5225
4482,0.1413,0.6965
4483,0.0,0.9053
4484,0.0,1.0
4485,0.0,1.0
4486,0.0,1.0
4487,0.0,1.0
4488,0.0,1.0
4489,0.0,1.0
4490,0.0,1.0
4491,0.0,1.0
4492,0.0,1.0
4493,0.0,0.9053
4494,0.1415,0.6965
4495,0.335,0.5225
4496,0.4679,0.389
4497,0.6251,0.2943
4498,0.6441,0.2331
4499,0.7431,0.1994
4500,0.7183,0.1887
4501,0.7349,0.1994
4502,0.6437,0.2331
4503,0.5807,0.2943
4504,0.5008,0.389
4505,0.3267,0.5225
4506,0.1378,0.6965
4507,0.0,0.9053
4508,0.0,1.0
4509,0.0,1.0
4510,0.0,1.0
4511,0.0,1.0
4512,0.0,1.0
4513,0.0,1.0
4514,0.0,1.0
4515,0.0,1.0
4516,0.0,1.0
4517,0.0,0.9053
4518,0.1348,0.6965
4519,0.3131,0.5225
4520,0.4692,0.389
4521,0.6092,0.2943
4522,0.727,0.2331
4523,0.678,0.1994
4524,0.7188,0.1887
4525,0.6567,0.1994
4526,0.6777,0.2331
4527,0.605,0.2943
4528,0.4976,0.389
4529,0.3283,0.5225
4530,0.1301,0.6965
4531,0.0,0.9053
4532,0.0,1.0
4533,0.0,1.0
4534,0.0,1.0
4535,0.0,1.0
4536,0.0,1.0
4537,0.0,1.0
4538,0.0,1.0
4539,0.0,1.0
4540,0.0,1.0
4541,0.0,0.9053
4542,0.1404,0.6965
4543,0.2995,0.5225
4544,0.4685,0.389
4545,0.608,0.2943
4546,0.7323,0.2331
4547,0.6852,0.1994
4548,0.6956,0.1887
4549,0.6417,0.1994
4550,0.7279,0.2331
4551,0.6251,0.2943
4552,0.5141,0.389
4553,0.3352,0.5225
4554,0.1369,0.6965
4555,0.0,0.9053
4556,0.0,1.0
4557,0.0,1.0
4558,0.0,1.0
4559,0.0,1.0
4560,0.0,1.0
4561,0.0,1.0
4562,0.0,1.0
4563,0.0,1.0
4564,0.0,1.0
4565,0.0,0.9053
4566,0.1252,0.6965
4567,0.326,0.5225
4568,0.4696,0.389
4569,0.579,0.2943
4570,0.7044,0.2331
4571,0.6405,0.1994
4572,0.7427,0.1887
4573,0.6929,0.1994
4574,0.7114,0.2331
4575,0.6065,0.2943
4576,0.449,0.389
4577,0.3209,0.5225
4578,0.1271,0.6965
4579,0.0,0.9053
4580,0.0,1.0
4581,0.0,1.0
4582,0.0,1.0
4583,0.0,1.0
4584,0.0,1.0
4585,0.0,1.0
4586,0.0,1.0
4587,0.0,1.0
4588,0.0,1.0
4589,0.0,0.9053
4590,0.13,0.6965
4591,0.314,0.5225
4592,0.4769,0.389
4593,0.6386,0.2943
4594,0.6763,0.2331
4595,0.7087,0.1994
4596,0.7097,0.1887
4597,0.6982,0.1994
4598,0.7421,0.2331
4599,0.639,0.2943
4600,0.4961,0.389
4601,0.3214,0.5225
4602,0.1333,0.6965
4603,0.0,0.9053
4604,0.0,1.0
4605,0.0,1.0
4606,0.0,1.0
4607,0.0,1.0
4608,0.0,1.0
4609,0.0,1.0
4610,0.0,1.0
4611,0.0,1.0
4612,0.0,1.0
4613,0.0,0.9053
4614,0.1396,0.6965
4615,0.292,0.5225
4616,0.4682,0.389
4617,0.5946,0.2943
4618,0.709,0.2331
4619,0.7168,0.1994
4620,0.7167,0.1887
4621,0.6932,0.1994
4622,0.6904,0.2331
4623,0.6481,0.2943
4624,0.4903,0.389
4625,0.3111,0.5225
4626,0.1388,0.6965
4627,0.0,0.9053
4628,0.0,1.0
4629,0.0,1.0
4630,0.0,1.0
4631,0.0,1.0
4632,0.0,1.0
4633,0.0,1.0
4634,0.0,1.0
4635,0.0,1.0
4636,0.0,1.0
4637,0.0,0.9053
4638,0.1397,0.6965
4639,0.3307,0.5225
4640,0.444,0.389
4641,0.6687,0.2943
4642,0.7193,0.2331
4643,0.6947,0.1994
4644,0.6795,0.1887
4645,0.6768,0.1994
4646,0.6843,0.2331
4647,0.6494,0.2943
4648,0.4945,0.389
4649,0.2912,0.5225
4650,0.1358,0.6965
4651,0.0,0.9053
4652,0.0,1.0
4653,0.0,1.0
4654,0.0,1.0
4655,0.0,1.0
4656,0.0,1.0
4657,0.0,1.0
4658,0.0,1.0
4659,0.0,1.0
4660,0.0,1.0
4661,0.0,0.9053
4662,0.1303,0.6965
4663,0.2945,0.5225
4664,0.4863,0.389
4665,0.6537,0.2943
4666,0.7207,0.2331
4667,0.6637,0.1994
4668,0.7271,0.1887
4669,0.7112,0.1994
4670,0.6924,0.2331
4671,0.6574,0.2943
4672,0.4632,0.389
4673,0.2909,0.5225
4674,0.1269,0.6965
4675,0.0,0.9053
4676,0.0,1.0
4677,0.0,1.0
4678,0.0,1.0
4679,0.0,1.0
4680,0.0,1.0
4681,0.0,1.0
4682,0.0,1.0
4683,0.0,1.0
4684,0.0,1.0
4685,0.0,0.9053
4686,0.1375,0.6965
4687,0.3182,0.5225
4688,0.4479,0.389
4689,0.5923,0.2943
4690,0.7387,0.2331
4691,0.7205,0.1994
4692,0.7397,0.1887
4693,0.7103,0.1994
4694,0.7164,0.2331
4695,0.64,0.2943
4696,0.4877,0.389
4697,0.3354,0.5225
4698,0.1353,0.6965
4699,0.0,0.9053
4700,0.0,1.0
4701,0.0,1.0
4702,0.0,1.0
4703,0.0,1.0
4704,0.0,1.0
4705,0.0,1.0
4706,0.0,1.0
4707,0.0,1.0
4708,0.0,1.0
4709,0.0,0.9053
4710,0.1232,0.6965
4711,0.3368,0.5225
4712,0.4657,0.389
4713,0.5885,0.2943
4714,0.7214,0.2331
4715,0.7406,0.1994
4716,0.6846,0.1887
4717,0.6384,0.1994
4718,0.7056,0.2331
4719,0.6566,0.2943
4720,0.5021,0.389
4721,0.2912,0.5225
4722,0.1253,0.6965
4723,0.0,0.9053
4724,0.0,1.0
4725,0.0,1.0
4726,0.0,1.0
4727,0.0,1.0
4728,0.0,1.0
4729,0.0,1.0
4730,0.0,1.0
4731,0.0,1.0
4732,0.0,1.0
4733,0.0,0.9053
4734,0.1343,0.6965
4735,0.3174,0.5225
4736,0.4837,0.389
4737,0.6106,0.2943
4738,0.6885,0.2331
4739,0.7025,0.1994
4740,0.6894,0.1887
4741,0.6421,0.1994
4742,0.7405,0.2331
4743,0.6221,0.2943
4744,0.4672,0.389
4745,0.3349,0.5225
4746,0.1394,0.6965
4747,0.0,0.9053
4748,0.0,1.0
4749,0.0,1.0
4750,0.0,1.0
4751,0.0,1.0
4752,0.0,1.0
4753,0.0,1.0
4754,0.0,1.0
4755,0.0,1.0
4756,0.0,1.0
4757,0.0,0.9053
4758,0.1245,0.6965
4759,0.299,0.5225
4760,0.471,0.389
4761,0.6055,0.2943
4762,0.7209,0.2331
4763,0.6567,0.1994
4764,0.7184,0.1887
4765,0.7127,0.1994
4766,0.6364,0.2331
4767,0.6102,0.2943
4768,0.4722,0.389
4769,0.3222,0.5225
4770,0.1308,0.6965
4771,0.0,0.9053
4772,0.0,1.0
4773,0.0,1.0
4774,0.0,1.0
4775,0.0,1.0
4776,0.0,1.0
4777,0.0,1.0
4778,0.0,1.0
4779,0.0,1.0
4780,0.0,1.0
4781,0.0,0.9053
4782,0.1275,0.6965
4783,0.2878,0.5225
4784,0.4615,0.389
4785,0.6313,0.2943
4786,0.7168,0.2331
4787,0.6382,0.1994
4788,0.6666,0.1887
4789,0.6923,0.1994
4790,0.6849,0.2331
4791,0.574,0.2943
4792,0.4533,0.389
4793,0.3075,0.5225
4794,0.1327,0.6965
4795,0.0,0.9053
4796,0.0,1.0
4797,0.0,1.0
4798,0.0,1.0
4799,0.0,1.0
4800,0.0,1.0
4801,0.0,1.0
4802,0.0,1.0
4803,0.0,1.0
4804,0.0,1.0
4805,0.0,0.9053
4806,0.1218,0.6965
4807,0.2993,0.5225
4808,0.4394,0.389
4809,0.5818,0.2943
4810,0.7137,0.2331
4811,0.7299,0.1994
4812,0.7264,0.1887
4813,0.6579,0.1994
4814,0.6692,0.2331
4815,0.576,0.2943
4816,0.4555,0.389
4817,0.3241,0.5225
4818,0.1296,0.6965
4819,0.0,0.9053
4820,0.0,1.0
4821,0.0,1.0
4822,0.0,1.0
4823,0.0,1.0
4824,0.0,1.0
4825,0.0,1.0
4826,0.0,1.0
4827,0.0,1.0
4828,0.0,1.0
4829,0.0,0.9053
4830,0.1189,0.6965
4831,0.3006,0.5225
4832,0.483,0.389
4833,0.6036,0.2943
4834,0.7021,0.2331
4835,0.6981,0.1994
4836,0.7193,0.1887
4837,0.6387,0.1994
4838,0.7358,0.2331
4839,0.6574,0.2943
4840,0.4944,0.389
4841,0.3015,0.5225
4842,0.1176,0.6965
4843,0.0,0.9053
4844,0.0,1.0
4845,0.0,1.0
4846,0.0,1.0
4847,0.0,1.0
4848,0.0,1.0
4849,0.0,1.0
4850,0.0,1.0
4851,0.0,1.0
4852,0.0,1.0
4853,0.0,0.9053
4854,0.1329,0.6965
4855,0.3193,0.5225
4856,0.4841,0.389
4857,0.6244,0.2943
4858,0.7459,0.2331
4859,0.6887,0.1994
4860,0.7064,0.1887
4861,0.7207,0.1994
4862,0.6626,0.2331
4863,0.6162,0.2943
4864,0.4491,0.389
4865,0.3232,0.5225
4866,0.1163,0.6965
4867,0.0,0.9053
4868,0.0,1.0
4869,0.0,1.0
4870,0.0,1.0
4871,0.0,1.0
4872,0.0,1.0
4873,0.0,1.0
4874,0.0,1.0
4875,0.0,1.0
4876,0.0,1.0
4877,0.0,0.9053
4878,0.1295,0.6965
4879,0.3152,0.5225
4880,0.4658,0.389
4881,0.6463,0.2943
4882,0.6816,0.2331
4883,0.7205,0.1994
4884,0.6787,0.1887
4885,0.6428,0.1994
4886,0.7237,0.2331
4887,0.6583,0.2943
4888,0.4944,0.389
4889,0.2863,0.5225
4890,0.1313,0.6965
4891,0.0,0.9053
4892,0.0,1.0
4893,0.0,1.0
4894,0.0,1.0
4895,0.0,1.0
4896,0.0,1.0
4897,0.0,1.0
4898,0.0,1.0
4899,0.0,1.0
4900,0.0,1.0
4901,0.0,0.9053
4902,0.1284,0.6965
4903,0.3049,0.5225
4904,0.4467,0.389
4905,0.5901,0.2943
4906,0.6361,0.2331
4907,0.7184,0.1994
4908,0.7444,0.1887
4909,0.6361,0.1994
4910,0.6901,0.2331
4911,0.5859,0.2943
4912,0.4607,0.389
4913,0.3094,0.5225
4914,0.1276,0.6965
4915,0.0,0.9053
4916,0.0,1.0
4917,0.0,1.0
4918,0.0,1.0
4919,0.0,1.0
4920,0.0,1.0
4921,0.0,1.0
4922,0.0,1.0
4923,0.0,1.0
4924,0.0,1.0
4925,0.0,0.9053
4926,0.1138,0.6965
4927,0.3209,0.5225
4928,0.5012,0.389
4929,0.5679,0.2943
4930,0.64,0.2331
4931,0.6698,0.1994
4932,0.6897,0.1887
4933,0.7413,0.1994
4934,0.6694,0.2331
4935,0.6067,0.2943
4936,0.441,0.389
4937,0.3135,0.5225
4938,0.1259,0.6965
4939,0.0,0.9053
4940,0.0,1.0
4941,0.0,1.0
4942,0.0,1.0
4943,0.0,1.0
4944,0.0,1.0
4945,0.0,1.0
4946,0.0,1.0
4947,0.0,1.0
4948,0.0,1.0
4949,0.0,0.9053
4950,0.1152,0.6965
4951,0.3026,0.5225
4952,0.4745,0.389
4953,0.6339,0.2943
4954,0.7169,0.2331
4955,0.6584,0.1994
4956,0.6906,0.1887
4957,0.7264,0.1994
4958,0.6762,0.2331
4959,0.595,0.2943
4960,0.4811,0.389
4961,0.2864,0.5225
4962,0.1229,0.6965
4963,0.0,0.9053
4964,0.0,1.0
4965,0.0,1.0
4966,0.0,1.0
4967,0.0,1.0
4968,0.0,1.0
4969,0.0,1.0
4970,0.0,1.0
4971,0.0,1.0
4972,0.0,1.0
4973,0.0,0.9053
4974,0.1186,0.6965
4975,0.301,0.5225
4976,0.51,0.389
4977,0.6416,0.2943
4978,0.6694,0.2331
4979,0.7006,0.1994
4980,0.7068,0.1887
4981,0.6841,0.1994
4982,0.7125,0.2331
4983,0.6215,0.2943
4984,0.4723,0.389
4985,0.3241,0.5225
4986,0.116,0.6965
4987,0.0,0.9053
4988,0.0,1.0
4989,0.0,1.0
4990,0.0,1.0
4991,0.0,1.0
4992,0.0,1.0
4993,0.0,1.0
4994,0.0,1.0
4995,0.0,1.0
4996,0.0,1.0
4997,0.0,0.9053
4998,0.1217,0.6965
4999,0.3089,0.5225
5000,0.4778,0.389
5001,0.5934,0.2943
5002,0.662,0.2331
5003,0.6555,0.1994
5004,0.734,0.1887
5005,0.6368,0.1994
5006,0.6618,0.2331
5007,0.5827,0.2943
5008,0.4443,0.389
5009,0.3245,0.5225
5010,0.1237,0.6965
5011,0.0,0.9053
5012,0.0,1.0
5013,0.0,1.0
5014,0.0,1.0
5015,0.0,1.0
5016,0.0,1.0
5017,0.0,1.0
5018,0.0,1.0
5019,0.0,1.0
5020,0.0,1.0
5021,0.0,0.9053
5022,0.1165,0.6965
5023,0.3038,0.5225
5024,0.4613,0.389
5025,0.6202,0.2943
5026,0.7382,0.2331
5027,0.6919,0.1994
5028,0.6696,0.1887
5029,0.643,0.1994
5030,0.6705,0.2331
5031,0.5979,0.2943
5032,0.4365,0.389
5033,0.3076,0.5225
5034,0.1108,0.6965
5035,0.0,0.9053
5036,0.0,1.0
5037,0.0,1.0
5038,0.0,1.0
5039,0.0,1.0
5040,0.0,1.0
5041,0.0,1.0
5042,0.0,1.0
5043,0.0,1.0
5044,0.0,1.0
5045,0.0,0.9053
5046,0.1129,0.6965
5047,0.2938,0.5225
5048,0.4356,0.389
5049,0.5814,0.2943
5050,0.6349,0.2331
5051,0.6956,0.1994
5052,0.7199,0.1887
5053,0.6759,0.1994
5054,0.648,0.2331
5055,0.5707,0.2943
5056,0.4757,0.389
5057,0.3211,0.5225
5058,0.1064,0.6965
5059,0.0,0.9053
5060,0.0,1.0
5061,0.0,1.0
5062,0.0,1.0
5063,0.0,1.0
5064,0.0,1.0
5065,0.0,1.0
5066,0.0,1.0
5067,0.0,1.0
5068,0.0,1.0
5069,0.0,0.9053
5070,0.1069,0.6965
5071,0.2969,0.5225
5072,0.4844,0.389
5073,0.617,0.2943
5074,0.64,0.2331
5075,0.6943,0.1994
5076,0.6968,0.1887
5077,0.6388,0.1994
5078,0.7018,0.2331
5079,0.593,0.2943
5080,0.4489,0.389
5081,0.3219,0.5225
5082,0.112,0.6965
5083,0.0,0.9053
5084,0.0,1.0
5085,0.0,1.0
5086,0.0,1.0
5087,0.0,1.0
5088,0.0,1.0
5089,0.0,1.0
5090,0.0,1.0
5091,0.0,1.0
5092,0.0,1.0
5093,0.0,0.9053
5094,0.1134,0.6965
5095,0.2928,0.5225
5096,0.4576,0.389
5097,0.6255,0.2943
5098,0.6921,0.2331
5099,0.6814,0.1994
5100,0.7282,0.1887
5101,0.6849,0.1994
5102,0.7094,0.2331
5103,0.6409,0.2943
5104,0.4714,0.389
5105,0.2887,0.5225
5106,0.1167,0.6965
5107,0.0,0.9053
5108,0.0,1.0
5109,0.0,1.0
5110,0.0,1.0
5111,0.0,1.0
5112,0.0,1.0
5113,0.0,1.0
5114,0.0,1.0
5115,0.0,1.0
5116,0.0,1.0
5117,0.0,0.9053
5118,0.1116,0.6965
5119,0.2894,0.5225
5120,0.4558,0.389
5121,0.6367,0.2943
5122,0.6392,0.2331
5123,0.7337,0.1994
5124,0.7432,0.1887
5125,0.7394,0.1994
5126,0.6736,0.2331
5127,0.6541,0.2943
5128,0.437,0.389
5129,0.2966,0.5225
5130,0.1148,0.6965
5131,0.0,0.9053
5132,0.0,1.0
5133,0.0,1.0
5134,0.0,1.0
5135,0.0,1.0
5136,0.0,1.0
5137,0.0,1.0
5138,0.0,1.0
5139,0.0,1.0
5140,0.0,1.0
5141,0.0,0.9053
5142,0.1128,0.6965
5143,0.2926,0.5225
5144,0.5031,0.389
5145,0.5697,0.2943
5146,0.7391,0.2331
5147,0.6972,0.1994
5148,0.7292,0.1887
5149,0.6626,0.1994
5150,0.7251,0.2331
5151,0.6431,0.2943
5152,0.461,0.389
5153,0.2825,0.5225
5154,0.1054,0.6965
5155,0.0,0.9053
5156,0.0,1.0
5157,0.0,1.0
5158,0.0,1.0
5159,0.0,1.0
5160,0.0,1.0
5161,0.0,1.0
5162,0.0,1.0
5163,0.0,1.0
5164,0.0,1.0
5165,0.0,0.9053
5166,0.1009,0.6965
5167,0.2722,0.5225
5168,0.4379,0.389
5169,0.5867,0.2943
5170,0.7,0.2331
5171,0.6499,0.1994
5172,0.6575,0.1887
5173,0.7125,0.1994
5174,0.703,0.2331
5175,0.5782,0.2943
5176,0.4894,0.389
5177,0.2779,0.5225
5178,0.1141,0.6965
5179,0.0,0.9053
5180,0.0,1.0
5181,0.0,1.0
5182,0.0,1.0
5183,0.0,1.0
5184,0.0,1.0
5185,0.0,1.0
5186,0.0,1.0
5187,0.0,1.0
5188,0.0,1.0
5189,0.0,0.9053
5190,0.1043,0.6965
5191,0.3017,0.5225
5192,0.5016,0.389
5193,0.5884,0.2943
5194,0.686,0.2331
5195,0.6579,0.1994
5196,0.6539,0.1887
5197,0.7004,0.1994
5198,0.6417,0.2331
5199,0.6028,0.2943
5200,0.4413,0.389
5201,0.3025,0.5225
5202,0.1065,0.6965
5203,0.0,0.9053
5204,0.0,1.0
5205,0.0,1.0
5206,0.0,1.0
5207,0.0,1.0
5208,0.0,1.0
5209,0.0,1.0
5210,0.0,1.0
5211,0.0,1.0
5212,0.0,1.0
5213,0.0,0.9053
5214,0.1011,0.6965
5215,0.2889,0.5225
5216,0.4691,0.389
5217,0.5731,0.2943
5218,0.6591,0.2331
5219,0.7456,0.1994
5220,0.6347,0.1887
5221,0.7064,0.1994
5222,0.7051,0.2331
5223,0.6461,0.2943
5224,0.4932,0.389
5225,0.2844,0.5225
5226,0.0992,0.6965
5227,0.0,0.9053
5228,0.0,1.0
5229,0.0,1.0
5230,0.0,1.0
5231,0.0,1.0
5232,0.0,1.0
5233,0.0,1.0
5234,0.0,1.0
5235,0.0,1.0
5236,0.0,1.0
5237,0.0,0.9053
5238,0.1027,0.6965
5239,0.2816,0.5225
5240,0.4583,0.389
5241,0.6273,0.2943
5242,0.7369,0.2331
5243,0.7292,0.1994
5244,0.6489,0.1887
5245,0.6879,0.1994
5246,0.717,0.2331
5247,0.6585,0.2943
5248,0.455,0.389
5249,0.3129,0.5225
5250,0.0977,0.6965
5251,0.0,0.9053
5252,0.0,1.0
5253,0.0,1.0
5254,0.0,1.0
5255,0.0,1.0
5256,0.0,1.0
5257,0.0,1.0
5258,0.0,1.0
5259,0.0,1.0
5260,0.0,1.0
5261,0.0,0.9053
5262,0.1079,0.6965
5263,0.2814,0.5225
5264,0.4754,0.389
5265,0.61,0.2943
5266,0.677,0.2331
5267,0.6692,0.1994
5268,0.7347,0.1887
5269,0.6436,0.1994
5270,0.6854,0.2331
5271,0.6509,0.2943
5272,0.4812,0.389
5273,0.2669,0.5225
5274,0.0991,0.6965
5275,0.0,0.9053
5276,0.0,1.0
5277,0.0,1.0
5278,0.0,1.0
5279,0.0,1.0
5280,0.0,1.0
5281,0.0,1.0
5282,0.0,1.0
5283,0.0,1.0
5284,0.0,1.0
5285,0.0,0.9053
5286,0.1019,0.6965
5287,0.2817,0.5225
5288,0.471,0.389
5289,0.5814,0.2943
5290,0.7446,0.2331
5291,0.6377,0.1994
5292,0.6855,0.1887
5293,0.71,0.1994
5294,0.7392,0.2331
5295,0.6186,0.2943
5296,0.4851,0.389
5297,0.2779,0.5225
5298,0.0933,0.6965
5299,0.0,0.9053
5300,0.0,1.0
5301,0.0,1.0
5302,0.0,1.0
5303,0.0,1.0
5304,0.0,1.0
5305,0.0,1.0
5306,0.0,1.0
5307,0.0,1.0
5308,0.0,1.0
5309,0.0,0.9053
5310,0.1004,0.6965
5311,0.2938,0.5225
5312,0.4669,0.389
5313,0.569,0.2943
5314,0.7088,0.2331
5315,0.716,0.1994
5316,0.7019,0.1887
5317,0.6904,0.1994
5318,0.7042,0.2331
5319,0.5824,0.2943
5320,0.4391,0.389
5321,0.2967,0.5225
5322,0.098,0.6965
5323,0.0,0.9053
5324,0.0,1.0
5325,0.0,1.0
5326,0.0,1.0
5327,0.0,1.0
5328,0.0,1.0
5329,0.0,1.0
5330,0.0,1.0
5331,0.0,1.0
5332,0.0,1.0
5333,0.0,0.9053
5334,0.0965,0.6965
5335,0.2872,0.5225
5336,0.4322,0.389
5337,0.6013,0.2943
5338,0.7423,0.2331
5339,0.7105,0.1994
5340,0.6615,0.1887
5341,0.7318,0.1994
5342,0.7056,0.2331
5343,0.6031,0.2943
5344,0.4527,0.389
5345,0.2958,0.5225
5346,0.1002,0.6965
5347,0.0,0.9053
5348,0.0,1.0
5349,0.0,1.0
5350,0.0,1.0
5351,0.0,1.0
5352,0.0,1.0
5353,0.0,1.0
5354,0.0,1.0
5355,0.0,1.0
5356,0.0,1.0
5357,0.0,0.9053
5358,0.0987,0.6965
5359,0.278,0.5225
5360,0.4553,0.389
5361,0.626,0.2943
5362,0.6963,0.2331
5363,0.6979,0.1994
5364,0.6775,0.1887
5365,0.7118,0.1994
5366,0.671,0.2331
5367,0.5764,0.2943
5368,0.4393,0.389
5369,0.28,0.5225
5370,0.0908,0.6965
5371,0.0,0.9053
5372,0.0,1.0
5373,0.0,1.0
5374,0.0,1.0
5375,0.0,1.0
5376,0.0,1.0
5377,0.0,1.0
5378,0.0,1.0
5379,0.0,1.0
5380,0.0,1.0
5381,0.0,0.9053
5382,0.0917,0.6965
5383,0.295,0.5225
5384,0.4854,0.389
5385,0.6433,0.2943
5386,0.7032,0.2331
5387,0.7305,0.1994
5388,0.7335,0.1887
5389,0.6503,0.1994
5390,0.7181,0.2331
5391,0.6495,0.2943
5392,0.4353,0.389
5393,0.2607,0.5225
5394,0.086,0.6965
5395,0.0,0.9053
5396,0.0,1.0
5397,0.0,1.0
5398,0.0,1.0
5399,0.0,1.0
5400,0.0,1.0
5401,0.0,1.0
5402,0.0,1.0
5403,0.0,1.0
5404,0.0,1.0
5405,0.0,0.9053
5406,0.0877,0.6965
5407,0.27,0.5225
5408,0.4235,0.389
5409,0.5848,0.2943
5410,0.645,0.2331
5411,0.6491,0.1994
5412,0.7146,0.1887
5413,0.7314,0.1994
5414,0.6625,0.2331
5415,0.6517,0.2943
5416,0.4228,0.389
5417,0.293,0.5225
5418,0.0901,0.6965
5419,0.0,0.9053
5420,0.0,1.0
5421,0.0,1.0
5422,0.0,1.0
5423,0.0,1.0
5424,0.0,1.0
5425,0.0,1.0
5426,0.0,1.0
5427,0.0,1.0
5428,0.0,1.0
5429,0.0,0.9053
5430,0.0924,0.6965
5431,0.3001,0.5225
5432,0.4203,0.389
5433,0.6164,0.2943
5434,0.7198,0.2331
5435,0.667,0.1994
5436,0.6985,0.1887
5437,0.717,0.1994
5438,0.6954,0.2331
5439,0.5589,0.2943
5440,0.4284,0.389
5441,0.2597,0.5225
5442,0.0915,0.6965
5443,0.0,0.9053
5444,0.0,1.0
5445,0.0,1.0
5446,0.0,1.0
5447,0.0,1.0
5448,0.0,1.0
5449,0.0,1.0
5450,0.0,1.0
5451,0.0,1.0
5452,0.0,1.0
5453,0.0,0.9053
5454,0.0789,0.6965
5455,0.2932,0.5225
5456,0.4252,0.389
5457,0.6303,0.2943
5458,0.6373,0.2331
5459,0.6863,0.1994
5460,0.7049,0.1887
5461,0.7055,0.1994
5462,0.6916,0.2331
5463,0.5903,0.2943
5464,0.4645,0.389
5465,0.2839,0.5225
5466,0.0795,0.6965
5467,0.0,0.9053
5468,0.0,1.0
5469,0.0,1.0
5470,0.0,1.0
5471,0.0,1.0
5472,0.0,1.0
5473,0.0,1.0
5474,0.0,1.0
5475,0.0,1.0
5476,0.0,1.0
5477,0.0,0.9053
5478,0.0797,0.6965
5479,0.2557,0.5225
5480,0.4745,0.389
5481,0.5918,0.2943
5482,0.6343,0.2331
5483,0.674,0.1994
5484,0.655,0.1887
5485,0.6659,0.1994
5486,0.7307,0.2331
5487,0.5893,0.2943
5488,0.4379,0.389
5489,0.2554,0.5225
5490,0.0798,0.6965
5491,0.0,0.9053
5492,0.0,1.0
5493,0.0,1.0
5494,0.0,1.0
5495,0.0,1.0
5496,0.0,1.0
5497,0.0,1.0
5498,0.0,1.0
5499,0.0,1.0
5500,0.0,1.0
5501,0.0,0.9053
5502,0.0848,0.6965
5503,0.2953,0.5225
5504,0.4343,0.389
5505,0.5946,0.2943
5506,0.6589,0.2331
5507,0.7143,0.1994
5508,0.7383,0.1887
5509,0.7084,0.1994
5510,0.7175,0.2331
5511,0.5559,0.2943
5512,0.4756,0.389
5513,0.2849,0.5225
5514,0.0803,0.6965
5515,0.0,0.9053
5516,0.0,1.0
5517,0.0,1.0
5518,0.0,1.0
5519,0.0,1.0
5520,0.0,1.0
5521,0.0,1.0
5522,0.0,1.0
5523,0.0,1.0
5524,0.0,1.0
5525,0.0,0.9053
5526,0.0837,0.6965
5527,0.2915,0.5225
5528,0.4244,0.389
5529,0.577,0.2943
5530,0.6348,0.2331
5531,0.6442,0.1994
5532,0.6419,0.1887
5533,0.641,0.1994
5534,0.641,0.2331
5535,0.621,0.2943
5536,0.4383,0.389
5537,0.2849,0.5225
5538,0.0841,0.6965
5539,0.0,0.9053
5540,0.0,1.0
5541,0.0,1.0
5542,0.0,1.0
5543,0.0,1.0
5544,0.0,1.0
5545,0.0,1.0
5546,0.0,1.0
5547,0.0,1.0
5548,0.0,1.0
5549,0.0,0.9053
5550,0.0771,0.6965
5551,0.2867,0.5225
5552,0.4667,0.389
5553,0.6409,0.2943
5554,0.6379,0.2331
5555,0.7037,0.1994
5556,0.733,0.1887
5557,0.6599,0.1994
5558,0.6351,0.2331
5559,0.6066,0.2943
5560,0.471,0.389
5561,0.2506,0.5225
5562,0.0769,0.6965
5563,0.0,0.9053
5564,0.0,1.0
5565,0.0,1.0
5566,0.0,1.0
5567,0.0,1.0
5568,0.0,1.0
5569,0.0,1.0
5570,0.0,1.0
5571,0.0,1.0
5572,0.0,1.0
5573,0.0,0.9053
5574,0.0702,0.6965
5575,0.2734,0.5225
5576,0.4312,0.389
5577,0.6157,0.2943
5578,0.6866,0.2331
5579,0.6404,0.1994
5580,0.6676,0.1887
5581,0.6595,0.1994
5582,0.7362,0.2331
5583,0.597,0.2943
5584,0.447,0.389
5585,0.2764,0.5225
5586,0.071,0.6965
5587,0.0,0.9053
5588,0.0,1.0
5589,0.0,1.0
5590,0.0,1.0
5591,0.0,1.0
5592,0.0,1.0
5593,0.0,1.0
5594,0.0,1.0
5595,0.0,1.0
5596,0.0,1.0
5597,0.0,0.9053
5598,0.0691,0.6965
5599,0.2856,0.5225
5600,0.4542,0.389
5601,0.5534,0.2943
5602,0.6398,0.2331
5603,0.6514,0.1994
5604,0.7332,0.1887
5605,0.7376,0.1994
5606,0.7375,0.2331
5607,0.5644,0.2943
5608,0.417,0.389
5609,0.2782,0.5225
5610,0.0712,0.6965
5611,0.0,0.9053
5612,0.0,1.0
5613,0.0,1.0
5614,0.0,1.0
5615,0.0,1.0
5616,0.0,1.0
5617,0.0,1.0
5618,0.0,1.0
5619,0.0,1.0
5620,0.0,1.0
5621,0.0,0.9053
5622,0.0738,0.6965
5623,0.2855,0.5225
5624,0.4274,0.389
5625,0.6121,0.2943
5626,0.7001,0.2331
5627,0.7242,0.1994
5628,0.7118,0.1887
5629,0.6578,0.1994
5630,0.6773,0.2331
5631,0.5841,0.2943
5632,0.4663,0.389
5633,0.2571,0.5225
5634,0.0714,0.6965
5635,0.0,0.9053
5636,0.0,1.0
5637,0.0,1.0
5638,0.0,1.0
5639,0.0,1.0
5640,0.0,1.0
5641,0.0,1.0
5642,0.0,1.0
5643,0.0,1.0
5644,0.0,1.0
5645,0.0,0.9053
5646,0.0718,0.6965
5647,0.2551,0.5225
5648,0.4578,0.389
5649,0.577,0.2943
5650,0.6805,0.2331
5651,0.6597,0.1994
5652,0.7235,0.1887
5653,0.6365,0.1994
5654,0.7072,0.2331
5655,0.6096,0.2943
5656,0.4653,0.389
5657,0.247,0.5225
5658,0.0691,0.6965
5659,0.0,0.9053
5660,0.0,1.0
5661,0.0,1.0
5662,0.0,1.0
5663,0.0,1.0
5664,0.0,1.0
5665,0.0,1.0
5666,0.0,1.0
5667,0.0,1.0
5668,0.0,1.0
5669,0.0,0.9053
5670,0.0668,0.6965
5671,0.2635,0.5225
5672,0.4511,0.389
5673,0.6424,0.2943
5674,0.6524,0.2331
5675,0.7315,0.1994
5676,0.6882,0.1887
5677,0.6518,0.1994
5678,0.6745,0.2331
5679,0.6209,0.2943
5680,0.4789,0.389
5681,0.2563,0.5225
5682,0.0656,0.6965
5683,0.0,0.9053
5684,0.0,1.0
5685,0.0,1.0
5686,0.0,1.0
5687,0.0,1.0
5688,0.0,1.0
5689,0.0,1.0
5690,0.0,1.0
5691,0.0,1.0
5692,0.0,1.0
5693,0.0,0.9053
5694,0.0613,0.6965
5695,0.2833,0.5225
5696,0.4555,0.389
5697,0.6123,0.2943
5698,0.7075,0.2331
5699,0.7244,0.1994
5700,0.6575,0.1887
5701,0.7282,0.1994
5702,0.6918,0.2331
5703,0.6158,0.2943
5704,0.4238,0.389
5705,0.283,0.5225
5706,0.062,0.6965
5707,0.0,0.9053
5708,0.0,1.0
5709,0.0,1.0
5710,0.0,1.0
5711,0.0,1.0
5712,0.0,1.0
5713,0.0,1.0
5714,0.0,1.0
5715,0.0,1.0
5716,0.0,1.0
5717,0.0,0.9053
5718,0.0656,0.6965
5719,0.2692,0.5225
5720,0.4104,0.389
5721,0.5653,0.2943
5722,0.6976,0.2331
5723,0.6701,0.1994
5724,0.6968,0.1887
5725,0.7065,0.1994
5726,0.739,0.2331
5727,0.6208,0.2943
5728,0.4456,0.389
5729,0.2784,0.5225
5730,0.0636,0.6965
5731,0.0,0.9053
5732,0.0,1.0
5733,0.0,1.0
5734,0.0,1.0
5735,0.0,1.0
5736,0.0,1.0
5737,0.0,1.0
5738,0.0,1.0
5739,0.0,1.0
5740,0.0,1.0
5741,0.0,0.9053
5742,0.0597,0.6965
5743,0.2486,0.5225
5744,0.4432,0.389
5745,0.5759,0.2943
5746,0.7032,0.2331
5747,0.6852,0.1994
5748,0.6866,0.1887
5749,0.7088,0.1994
5750,0.6468,0.2331
5751,0.5902,0.2943
5752,0.4756,0.389
5753,0.2668,0.5225
5754,0.0615,0.6965
5755,0.0,0.9053
5756,0.0,1.0
5757,0.0,1.0
5758,0.0,1.0
5759,0.0,1.0
5760,0.0,1.0
5761,0.0,1.0
5762,0.0,1.0
5763,0.0,1.0
5764,0.0,1.0
5765,0.0,0.9053
5766,0.0615,0.6965
5767,0.2437,0.5225
5768,0.4053,0.389
5769,0.5787,0.2943
5770,0.7009,0.2331
5771,0.7214,0.1994
5772,0.6998,0.1887
5773,0.705,0.1994
5774,0.7073,0.2331
5775,0.5876,0.2943
5776,0.415,0.389
5777,0.2411,0.5225
5778,0.0569,0.6965
5779,0.0,0.9053
5780,0.0,1.0
5781,0.0,1.0
5782,0.0,1.0
5783,0.0,1.0
5784,0.0,1.0
5785,0.0,1.0
5786,0.0,1.0
5787,0.0,1.0
5788,0.0,1.0
5789,0.0,0.9053
5790,0.0594,0.6965
5791,0.2417,0.5225
5792,0.4576,0.389
5793,0.6109,0.2943
5794,0.6834,0.2331
5795,0.702,0.1994
5796,0.7423,0.1887
5797,0.6647,0.1994
5798,0.6819,0.2331
5799,0.6391,0.2943
5800,0.4234,0.389
5801,0.2698,0.5225
5802,0.0543,0.6965
5803,0.0,0.9053
5804,0.0,1.0
5805,0.0,1.0
5806,0.0,1.0
5807,0.0,1.0
5808,0.0,1.0
5809,0.0,1.0
5810,0.0,1.0
5811,0.0,1.0
5812,0.0,1.0
5813,0.0,0.9053
5814,0.0499,0.6965
5815,0.2598,0.5225
5816,0.4395,0.389
5817,0.5529,0.2943
5818,0.6815,0.2331
5819,0.6773,0.1994
5820,0.6976,0.1887
5821,0.6465,0.1994
5822,0.6478,0.2331
5823,0.6399,0.2943
5824,0.4275,0.389
5825,0.2705,0.5225
5826,0.0555,0.6965
5827,0.0,0.9053
5828,0.0,1.0
5829,0.0,1.0
5830,0.0,1.0
5831,0.0,1.0
5832,0.0,1.0
5833,0.0,1.0
5834,0.0,1.0
5835,0.0,1.0
5836,0.0,1.0
5837,0.0,0.9053
5838,0.0501,0.6965
5839,0.252,0.5225
5840,0.4608,0.389
5841,0.6308,0.2943
5842,0.7021,0.2331
5843,0.6572,0.1994
5844,0.7306,0.1887
5845,0.7209,0.1994
5846,0.6663,0.2331
5847,0.573,0.2943
5848,0.421,0.389
5849,0.2402,0.5225
5850,0.0522,0.6965
5851,0.0,0.9053
5852,0.0,1.0
5853,0.0,1.0
5854,0.0,1.0
5855,0.0,1.0
5856,0.0,1.0
5857,0.0,1.0
5858,0.0,1.0
5859,0.0,1.0
5860,0.0,1.0
5861,0.0,0.9053
5862,0.0474,0.6965
5863,0.268,0.5225
5864,0.4508,0.389
5865,0.5527,0.2943
5866,0.7253,0.2331
5867,0.7274,0.1994
5868,0.6361,0.1887
5869,0.713,0.1994
5870,0.6928,0.2331
5871,0.6092,0.2943
5872,0.4689,0.389
5873,0.2364,0.5225
5874,0.0463,0.6965
5875,0.0,0.9053
5876,0.0,1.0
5877,0.0,1.0
5878,0.0,1.0
5879,0.0,1.0
5880,0.0,1.0
5881,0.0,1.0
5882,0.0,1.0
5883,0.0,1.0
5884,0.0,1.0
5885,0.0,0.9053
5886,0.0428,0.6965
5887,0.2342,0.5225
5888,0.4629,0.389
5889,0.5702,0.2943
5890,0.7234,0.2331
5891,0.6633,0.1994
5892,0.6872,0.1887
5893,0.7307,0.1994
5894,0.699,0.2331
5895,0.5676,0.2943
5896,0.4286,0.389
5897,0.2299,0.5225
5898,0.0497,0.6965
5899,0.0,0.9053
5900,0.0,1.0
5901,0.0,1.0
5902,0.0,1.0
5903,0.0,1.0
5904,0.0,1.0
5905,0.0,1.0
5906,0.0,1.0
5907,0.0,1.0
5908,0.0,1.0
5909,0.0,0.9053
5910,0.0424,0.6965
5911,0.2606,0.5225
5912,0.4367,0.389
5913,0.5492,0.2943
5914,0.6969,0.2331
5915,0.7242,0.1994
5916,0.7211,0.1887
5917,0.6528,0.1994
5918,0.6979,0.2331
5919,0.5933,0.2943
5920,0.4249,0.389
5921,0.2413,0.5225
5922,0.0457,0.6965
5923,0.0,0.9053
5924,0.0,1.0
5925,0.0,1.0
5926,0.0,1.0
5927,0.0,1.0
5928,0.0,1.0
5929,0.0,1.0
5930,0.0,1.0
5931,0.0,1.0
5932,0.0,1.0
5933,0.0,0.9053
5934,0.0397,0.6965
5935,0.2404,0.5225
5936,0.4058,0.389
5937,0.5787,0.2943
5938,0.6822,0.2331
5939,0.7057,0.1994
5940,0.7205,0.1887
5941,0.7219,0.1994
5942,0.6665,0.2331
5943,0.6203,0.2943
5944,0.4178,0.389
5945,0.2415,0.5225
5946,0.0432,0.6965
5947,0.0,0.9053
5948,0.0,1.0
5949,0.0,1.0
5950,0.0,1.0
5951,0.0,1.0
5952,0.0,1.0
5953,0.0,1.0
5954,0.0,1.0
5955,0.0,1.0
5956,0.0,1.0
5957,0.0,0.9053
5958,0.0358,0.6965
5959,0.2327,0.5225
5960,0.4368,0.389
5961,0.5434,0.2943
5962,0.7248,0.2331
5963,0.7403,0.1994
5964,0.6738,0.1887
5965,0.7039,0.1994
5966,0.6738,0.2331
5967,0.5902,0.2943
5968,0.4453,0.389
5969,0.2339,0.5225
5970,0.0405,0.6965
5971,0.0,0.9053
5972,0.0,1.0
5973,0.0,1.0
5974,0.0,1.0
5975,0.0,1.0
5976,0.0,1.0
5977,0.0,1.0
5978,0.0,1.0
5979,0.0,1.0
5980,0.0,1.0
5981,0.0,0.9053
5982,0.0336,0.6965
5983,0.2504,0.5225
5984,0.4391,0.389
5985,0.5953,0.2943
5986,0.7022,0.2331
5987,0.6432,0.1994
5988,0.6495,0.1887
5989,0.6478,0.1994
5990,0.7148,0.2331
5991,0.5845,0.2943
5992,0.4564,0.389
5993,0.2485,0.5225
5994,0.0384,0.6965
5995,0.0,0.9053
5996,0.0,1.0
5997,0.0,1.0
5998,0.0,1.0
5999,0.0,1.0
6000,0.0,1.0
6001,0.0,1.0
6002,0.0,1.0
6003,0.0,1.0
6004,0.0,1.0
6005,0.0,0.9053
6006,0.0359,0.6965
6007,0.2192,0.5225
6008,0.4163,0.389
6009,0.5576,0.2943
6010,0.6945,0.2331
6011,0.7047,0.1994
6012,0.6784,0.1887
6013,0.6549,0.1994
6014,0.693,0.2331
6015,0.5416,0.2943
6016,0.4272,0.389
6017,0.233,0.5225
6018,0.0346,0.6965
6019,0.0,0.9053
6020,0.0,1.0
6021,0.0,1.0
6022,0.0,1.0
6023,0.0,1.0
6024,0.0,1.0
6025,0.0,1.0
6026,0.0,1.0
6027,0.0,1.0
6028,0.0,1.0
6029,0.0,0.9053
6030,0.0294,0.6965
6031,0.2518,0.5225
6032,0.4101,0.389
6033,0.5684,0.2943
6034,0.7461,0.2331
6035,0.6598,0.1994
6036,0.6724,0.1887
6037,0.6824,0.1994
6038,0.6666,0.2331
6039,0.5935,0.2943
6040,0.4325,0.389
6041,0.2515,0.5225
6042,0.0302,0.6965
6043,0.0,0.9053
6044,0.0,1.0
6045,0.0,1.0
6046,0.0,1.0
6047,0.0,1.0
6048,0.0,1.0
6049,0.0,1.0
6050,0.0,1.0
6051,0.0,1.0
6052,0.0,1.0
6053,0.0,0.9053
6054,0.0294,0.6965
6055,0.229,0.5225
6056,0.4089,0.389
6057,0.5672,0.2943
6058,0.7223,0.2331
6059,0.6663,0.1994
6060,0.6859,0.1887
6061,0.675,0.1994
6062,0.7106,0.2331
6063,0.552,0.2943
6064,0.4449,0.389
6065,0.2388,0.5225
6066,0.0306,0.6965
6067,0.0,0.9053
6068,0.0,1.0
6069,0.0,1.0
6070,0.0,1.0
6071,0.0,1.0
6072,0.0,1.0
6073,0.0,1.0
6074,0.0,1.0
6075,0.0,1.0
6076,0.0,1.0
6077,0.0,0.9053
6078,0.0241,0.6965
6079,0.2309,0.5225
6080,0.395,0.389
6081,0.5416,0.2943
6082,0.719,0.2331
6083,0.7129,0.1994
6084,0.6653,0.1887
6085,0.7404,0.1994
6086,0.6707,0.2331
6087,0.5375,0.2943
6088,0.4164,0.389
6089,0.2262,0.5225
6090,0.0267,0.6965
6091,0.0,0.9053
6092,0.0,1.0
6093,0.0,1.0
6094,0.0,1.0
6095,0.0,1.0
6096,0.0,1.0
6097,0.0,1.0
6098,0.0,1.0
6099,0.0,1.0
6100,0.0,1.0
6101,0.0,0.9053
6102,0.0228,0.6965
6103,0.2207,0.5225
6104,0.3889,0.389
6105,0.6005,0.2943
6106,0.6843,0.2331
6107,0.7324,0.1994
6108,0.6865,0.1887
6109,0.6607,0.1994
6110,0.7354,0.2331
6111,0.6005,0.2943
6112,0.4348,0.389
6113,0.2224,0.5225
6114,0.0226,0.6965
6115,0.0,0.9053
6116,0.0,1.0
6117,0.0,1.0
6118,0.0,1.0
6119,0.0,1.0
6120,0.0,1.0
6121,0.0,1.0
6122,0.0,1.0
6123,0.0,1.0
6124,0.0,1.0
6125,0.0,0.9053
6126,0.0196,0.6965
6127,0.2241,0.5225
6128,0.4447,0.389
6129,0.6154,0.2943
6130,0.6587,0.2331
6131,0.6698,0.1994
6132,0.638,0.1887
6133,0.6532,0.1994
6134,0.6497,0.2331
6135,0.605,0.2943
6136,0.408,0.389
6137,0.238,0.5225
6138,0.0217,0.6965
6139,0.0,0.9053
6140,0.0,1.0
6141,0.0,1.0
6142,0.0,1.0
6143,0.0,1.0
6144,0.0,1.0
6145,0.0,1.0
6146,0.0,1.0
6147,0.0,1.0
6148,0.0,1.0
6149,0.0,0.9053
6150,0.0184,0.6965
6151,0.2319,0.5225
6152,0.4332,0.389
6153,0.6247,0.2943
6154,0.6497,0.2331
6155,0.6563,0.1994
6156,0.6386,0.1887
6157,0.673,0.1994
6158,0.6795,0.2331
6159,0.575,0.2943
6160,0.4141,0.389
6161,0.22,0.5225
6162,0.0187,0.6965
6163,0.0,0.9053
6164,0.0,1.0
6165,0.0,1.0
6166,0.0,1.0
6167,0.0,1.0
6168,0.0,1.0
6169,0.0,1.0
6170,0.0,1.0
6171,0.0,1.0
6172,0.0,1.0
6173,0.0,0.9053
6174,0.0142,0.6965
6175,0.2366,0.5225
6176,0.3866,0.389
6177,0.5781,0.2943
6178,0.6621,0.2331
6179,0.7266,0.1994
6180,0.6411,0.1887
6181,0.7406,0.1994
6182,0.6875,0.2331
6183,0.5681,0.2943
6184,0.4493,0.389
6185,0.2259,0.5225
6186,0.0155,0.6965
6187,0.0,0.9053
6188,0.0,1.0
6189,0.0,1.0
6190,0.0,1.0
6191,0.0,1.0
6192,0.0,1.0
6193,0.0,1.0
6194,0.0,1.0
6195,0.0,1.0
6196,0.0,1.0
6197,0.0,0.9053
6198,0.0131,0.6965
6199,0.2176,0.5225
6200,0.4363,0.389
6201,0.5596,0.2943
6202,0.7002,0.2331
6203,0.7264,0.1994
6204,0.6815,0.1887
6205,0.7406,0.1994
6206,0.6501,0.2331
6207,0.6011,0.2943
6208,0.3952,0.389
6209,0.2059,0.5225
6210,0.0122,0.6965
6211,0.0,0.9053
6212,0.0,1.0
6213,0.0,1.0
6214,0.0,1.0
6215,0.0,1.0
6216,0.0,1.0
6217,0.0,1.0
6218,0.0,1.0
6219,0.0,1.0
6220,0.0,1.0
6221,0.0,0.9053
6222,0.0103,0.6965
6223,0.2076,0.5225
6224,0.4359,0.389
6225,0.5531,0.2943
6226,0.6734,0.2331
6227,0.7192,0.1994
6228,0.66,0.1887
6229,0.6374,0.1994
6230,0.645,0.2331
6231,0.5327,0.2943
6232,0.3799,0.389
6233,0.2326,0.5225
6234,0.0093,0.6965
6235,0.0,0.9053
6236,0.0,1.0
6237,0.0,1.0
6238,0.0,1.0
6239,0.0,1.0
6240,0.0,1.0
6241,0.0,1.0
6242,0.0,1.0
6243,0.0,1.0
6244,0.0,1.0
6245,0.0,0.9053
6246,0.0067,0.6965
6247,0.2095,0.5225
6248,0.4218,0.389
6249,0.5923,0.2943
6250,0.6493,0.2331
6251,0.7049,0.1994
6252,0.7081,0.1887
6253,0.7335,0.1994
6254,0.6424,0.2331
6255,0.6137,0.2943
6256,0.4357,0.389
6257,0.2043,0.5225
6258,0.0076,0.6965
6259,0.0,0.9053
6260,0.0,1.0
6261,0.0,1.0
6262,0.0,1.0
6263,0.0,1.0
6264,0.0,1.0
6265,0.0,1.0
6266,0.0,1.0
6267,0.0,1.0
6268,0.0,1.0
6269,0.0,0.9053
6270,0.0043,0.6965
6271,0.2022,0.5225
6272,0.4247,0.389
6273,0.6029,0.2943
6274,0.6472,0.2331
6275,0.6862,0.1994
6276,0.645,0.1887
6277,0.6471,0.1994
6278,0.6593,0.2331
6279,0.5766,0.2943
6280,0.4328,0.389
6281,0.2272,0.5225
6282,0.0044,0.6965
6283,0.0,0.9053
6284,0.0,1.0
6285,0.0,1.0
6286,0.0,1.0
6287,0.0,1.0
6288,0.0,1.0
6289,0.0,1.0
6290,0.0,1.0
6291,0.0,1.0
6292,0.0,1.0
6293,0.0,0.9053
6294,0.0016,0.6965
6295,0.2021,0.5225
6296,0.3899,0.389
6297,0.5351,0.2943
6298,0.6464,0.2331
6299,0.7172,0.1994
6300,0.6778,0.1887
6301,0.7308,0.1994
6302,0.6497,0.2331
6303,0.5477,0.2943
6304,0.4217,0.389
6305,0.2037,0.5225
6306,0.0017,0.6965
6307,0.0,0.9053
6308,0.0,1.0
6309,0.0,1.0
6310,0.0,1.0
6311,0.0,1.0
6312,0.0,1.0
6313,0.0,1.0
6314,0.0,1.0
6315,0.0,1.0
6316,0.0,1.0
6317,0.0,0.9053
6318,0.0,0.6965
6319,0.2156,0.5225
6320,0.4008,0.389
6321,0.5717,0.2943
6322,0.7415,0.2331
6323,0.7403,0.1994
6324,0.741,0.1887
6325,0.6881,0.1994
6326,0.7282,0.2331
6327,0.549,0.2943
6328,0.4079,0.389
6329,0.2063,0.5225
6330,0.0,0.6965
6331,0.0,0.9053
6332,0.0,1.0
6333,0.0,1.0
6334,0.0,1.0
6335,0.0,1.0
6336,0.0,1.0
6337,0.0,1.0
6338,0.0,1.0
6339,0.0,1.0
6340,0.0,1.0
6341,0.0,0.9053
6342,0.0,0.6965
6343,0.2047,0.5225
6344,0.4135,0.389
6345,0.5946,0.2943
6346,0.7252,0.2331
6347,0.7168,0.1994
6348,0.6432,0.1887
6349,0.6476,0.1994
6350,0.6728,0.2331
6351,0.5285,0.2943
6352,0.4076,0.389
6353,0.2231,0.5225
6354,0.0,0.6965
6355,0.0,0.9053
6356,0.0,1.0
6357,0.0,1.0
6358,0.0,1.0
6359,0.0,1.0
6360,0.0,1.0
6361,0.0,1.0
6362,0.0,1.0
6363,0.0,1.0
6364,0.0,1.0
6365,0.0,0.9053
6366,0.0,0.6965
6367,0.1983,0.5225
6368,0.4175,0.389
6369,0.6088,0.2943
6370,0.7423,0.2331
6371,0.6902,0.1994
6372,0.6355,0.1887
6373,0.7355,0.1994
6374,0.6397,0.2331
6375,0.5675,0.2943
6376,0.404,0.389
6377,0.2182,0.5225
6378,0.0,0.6965
6379,0.0,0.9053
6380,0.0,1.0
6381,0.0,1.0
6382,0.0,1.0
6383,0.0,1.0
6384,0.0,1.0
6385,0.0,1.0
6386,0.0,1.0
6387,0.0,1.0
6388,0.0,1.0
6389,0.0,0.9053
6390,0.0,0.6965
6391,0.1952,0.5225
6392,0.4129,0.389
6393,0.5568,0.2943
6394,0.7389,0.2331
6395,0.6459,0.1994
6396,0.7458,0.1887
6397,0.684,0.1994
6398,0.6661,0.2331
6399,0.6064,0.2943
6400,0.3907,0.389
6401,0.203,0.5225
6402,0.0,0.6965
6403,0.0,0.9053
6404,0.0,1.0
6405,0.0,1.0
6406,0.0,1.0
6407,0.0,1.0
6408,0.0,1.0
6409,0.0,1.0
6410,0.0,1.0
6411,0.0,1.0
6412,0.0,1.0
6413,0.0,0.9053
6414,0.0,0.6965
6415,0.2133,0.5225
6416,0.3899,0.389
6417,0.5611,0.2943
6418,0.6779,0.2331
6419,0.6993,0.1994
6420,0.7144,0.1887
6421,0.6456,0.1994
6422,0.6748,0.2331
6423,0.5772,0.2943
6424,0.4016,0.389
6425,0.2113,0.5225
6426,0.0,0.6965
6427,0.0,0.9053
6428,0.0,1.0
6429,0.0,1.0
6430,0.0,1.0
6431,0.0,1.0
6432,0.0,1.0
6433,0.0,1.0
6434,0.0,1.0
6435,0.0,1.0
6436,0.0,1.0
6437,0.0,0.9053
6438,0.0,0.6965
6439,0.2067,0.5225
6440,0.3895,0.389
6441,0.5369,0.2943
6442,0.6512,0.2331
6443,0.6533,0.1994
6444,0.7301,0.1887
6445,0.71,0.1994
6446,0.7154,0.2331
6447,0.5316,0.2943
6448,0.4185,0.389
6449,0.198,0.5225
6450,0.0,0.6965
6451,0.0,0.9053
6452,0.0,1.0
6453,0.0,1.0
6454,0.0,1.0
6455,0.0,1.0
6456,0.0,1.0
6457,0.0,1.0
6458,0.0,1.0
6459,0.0,1.0
6460,0.0,1.0
6461,0.0,0.9053
6462,0.0,0.6965
6463,0.1931,0.5225
6464,0.4048,0.389
6465,0.5414,0.2943
6466,0.6647,0.2331
6467,0.7302,0.1994
6468,0.7183,0.1887
6469,0.7177,0.1994
6470,0.6608,0.2331
6471,0.5285,0.2943
6472,0.3941,0.389
6473,0.1905,0.5225
6474,0.0,0.6965
6475,0.0,0.9053
6476,0.0,1.0
6477,0.0,1.0
6478,0.0,1.0
6479,0.0,1.0
6480,0.0,1.0
6481,0.0,1.0
6482,0.0,1.0
6483,0.0,1.0
6484,0.0,1.0
6485,0.0,0.9053
6486,0.0,0.6965
6487,0.1829,0.5225
6488,0.3908,0.389
6489,0.5585,0.2943
6490,0.6353,0.2331
6491,0.738,0.1994
6492,0.6686,0.1887
6493,0.7355,0.1994
6494,0.6791,0.2331
6495,0.5795,0.2943
6496,0.3947,0.389
6497,0.183,0.5225
6498,0.0,0.6965
6499,0.0,0.9053
6500,0.0,1.0
6501,0.0,1.0
6502,0.0,1.0
6503,0.0,1.0
6504,0.0,0.162
6505,0.0,0.1577
6506,0.0,0.1456
6507,0.0,0.1276
6508,0.0,0.1065
6509,0.0,0.085
6510,0.0,0.0654
6511,0.1858,0.0491
6512,0.3635,0.0365
6513,0.6069,0.0276
6514,0.7363,0.0219
6515,0.7451,0.0187
6516,0.7413,0.0177
6517,0.6512,0.0187
6518,0.6757,0.0219
6519,0.5524,0.0276
6520,0.3618,0.0365
6521,0.1932,0.0491
6522,0.0,0.0654
6523,0.0,0.085
6524,0.0,0.1065
6525,0.0,0.1276
6526,0.0,0.1456
6527,0.0,0.1577
6528,0.0,0.162
6529,0.0,0.1577
6530,0.0,0.1456
6531,0.0,0.1276
6532,0.0,0.1065
6533,0.0,0.085
6534,0.0,0.0654
6535,0.1756,0.0491
6536,0.3662,0.0365
6537,0.5279,0.0276
6538,0.6608,0.0219
6539,0.7414,0.0187
6540,0.6552,0.0177
6541,0.6696,0.0187
6542,0.7139,0.0219
6543,0.5885,0.0276
6544,0.3793,0.0365
6545,0.1948,0.0491
6546,0.0,0.0654
6547,0.0,0.085
6548,0.0,0.1065
6549,0.0,0.1276
6550,0.0,0.1456
6551,0.0,0.1577
6552,0.0,0.162
6553,0.0,0.1577
6554,0.0,0.1456
6555,0.0,0.1276
6556,0.0,0.1065
6557,0.0,0.085
6558,0.0,0.0654
6559,0.1836,0.0491
6560,0.3941,0.0365
6561,0.5359,0.0276
6562,0.6728,0.0219
6563,0.7315,0.0187
6564,0.7404,0.0177
6565,0.7262,0.0187
6566,0.6904,0.0219
6567,0.5463,0.0276
6568,0.3751,0.0365
6569,0.1855,0.0491
6570,0.0,0.0654
6571,0.0,0.085
6572,0.0,0.1065
6573,0.0,0.1276
6574,0.0,0.1456
6575,0.0,0.1577
6576,0.0,0.162
6577,0.0,0.1577
6578,0.0,0.1456
6579,0.0,0.1276
6580,0.0,0.1065
6581,0.0,0.085
6582,0.0,0.0654
6583,0.173,0.0491
6584,0.4171,0.0365
6585,0.6053,0.0276
6586,0.6839,0.0219
6587,0.7224,0.0187
6588,0.6504,0.0177
6589,0.6366,0.0187
6590,0.7019,0.0219
6591,0.5371,0.0276
6592,0.3949,0.0365
6593,0.1836,0.0491
6594,0.0,0.0654
6595,0.0,0.085
6596,0.0,0.1065
6597,0.0,0.1276
6598,0.0,0.1456
6599,0.0,0.1577
6600,0.0,0.162
6601,0.0,0.1577
6602,0.0,0.1456
6603,0.0,0.1276
6604,0.0,0.1065
6605,0.0,0.085
6606,0.0,0.0654
6607,0.1895,0.0491
6608,0.3769,0.0365
6609,0.5223,0.0276
6610,0.7451,0.0219
6611,0.6744,0.0187
6612,0.6502,0.0177
6613,0.6687,0.0187
6614,0.6411,0.0219
6615,0.5824,0.0276
6616,0.3591,0.0365
6617,0.172,0.0491
6618,0.0,0.0654
6619,0.0,0.085
6620,0.0,0.1065
6621,0.0,0.1276
6622,0.0,0.1456
6623,0.0,0.1577
6624,0.0,0.162
6625,0.0,0.1577
6626,0.0,0.1456
6627,0.0,0.1276
6628,0.0,0.1065
6629,0.0,0.085
6630,0.0,0.0654
6631,0.1665,0.0491
6632,0.384,0.0365
6633,0.5639,0.0276
6634,0.6924,0.0219
6635,0.7416,0.0187
6636,0.6502,0.0177
6637,0.744,0.0187
6638,0.7297,0.0219
6639,0.5254,0.0276
6640,0.384,0.0365
6641,0.1843,0.0491
6642,0.0,0.0654
6643,0.0,0.085
6644,0.0,0.1065
6645,0.0,0.1276
6646,0.0,0.1456
6647,0.0,0.1577
6648,0.0,0.162
6649,0.0,0.1577
6650,0.0,0.1456
6651,0.0,0.1276
6652,0.0,0.1065
6653,0.0,0.085
6654,0.0,0.0654
6655,0.1901,0.0491
6656,0.3934,0.0365
6657,0.5307,0.0276
6658,0.7039,0.0219
6659,0.6982,0.0187
6660,0.6817,0.0177
6661,0.6566,0.0187
6662,0.6883,0.0219
6663,0.5262,0.0276
6664,0.386,0.0365
6665,0.1712,0.0491
6666,0.0,0.0654
6667,0.0,0.085
6668,0.0,0.1065
6669,0.0,0.1276
6670,0.0,0.1456
6671,0.0,0.1577
6672,0.0,0.162
6673,0.0,0.1577
6674,0.0,0.1456
6675,0.0,0.1276
6676,0.0,0.1065
6677,0.0,0.085
6678,0.0,0.0654
6679,0.179,0.0491
6680,0.3975,0.0365
6681,0.5407,0.0276
6682,0.6619,0.0219
6683,0.6837,0.0187
6684,0.7031,0.0177
6685,0.7062,0.0187
6686,0.6619,0.0219
6687,0.5503,0.0276
6688,0.3932,0.0365
6689,0.1687,0.0491
6690,0.0,0.0654
6691,0.0,0.085
6692,0.0,0.1065
6693,0.0,0.1276
6694,0.0,0.1456
6695,0.0,0.1577
6696,0.0,0.162
6697,0.0,0.1577
6698,0.0,0.1456
6699,0.0,0.1276
6700,0.0,0.1065
6701,0.0,0.085
6702,0.0,0.0654
6703,0.1635,0.0491
6704,0.3738,0.0365
6705,0.535,0.0276
6706,0.6767,0.0219
6707,0.6993,0.0187
6708,0.7346,0.0177
6709,0.6976,0.0187
6710,0.69,0.0219
6711,0.5778,0.0276
6712,0.3861,0.0365
6713,0.1734,0.0491
6714,0.0,0.0654
6715,0.0,0.085
6716,0.0,0.1065
6717,0.0,0.1276
6718,0.0,0.1456
6719,0.0,0.1577
6720,0.0,0.162
6721,0.0,0.1577
6722,0.0,0.1456
6723,0.0,0.1276
6724,0.0,0.1065
6725,0.0,0.085
6726,0.0,0.0654
6727,0.1685,0.0491
6728,0.406,0.0365
6729,0.5693,0.0276
6730,0.7352,0.0219
6731,0.7318,0.0187
6732,0.6744,0.0177
6733,0.7145,0.0187
6734,0.7211,0.0219
6735,0.5606,0.0276
6736,0.3694,0.0365
6737,0.1847,0.0491
6738,0.0,0.0654
6739,0.0,0.085
6740,0.0,0.1065
6741,0.0,0.1276
6742,0.0,0.1456
6743,0.0,0.1577
6744,0.0,0.162
6745,0.0,0.1577
6746,0.0,0.1456
6747,0.0,0.1276
6748,0.0,0.1065
6749,0.0,0.085
6750,0.0,0.0654
6751,0.1823,0.0491
6752,0.3775,0.0365
6753,0.519,0.0276
6754,0.6943,0.0219
6755,0.6595,0.0187
6756,0.6798,0.0177
6757,0.7058,0.0187
6758,0.6829,0.0219
6759,0.5318,0.0276
6760,0.349,0.0365
6761,0.1678,0.0491
6762,0.0,0.0654
6763,0.0,0.085
6764,0.0,0.1065
6765,0.0,0.1276
6766,0.0,0.1456
6767,0.0,0.1577
6768,0.0,0.162
6769,0.0,0.1577
6770,0.0,0.1456
6771,0.0,0.1276
6772,0.0,0.1065
6773,0.0,0.085
6774,0.0,0.0654
6775,0.154,0.0491
6776,0.4019,0.0365
6777,0.5553,0.0276
6778,0.7197,0.0219
6779,0.7143,0.0187
6780,0.6734,0.0177
6781,0.6376,0.0187
6782,0.7046,0.0219
6783,0.5523,0.0276
6784,0.3878,0.0365
6785,0.162,0.0491
6786,0.0,0.0654
6787,0.0,0.085
6788,0.0,0.1065
6789,0.0,0.1276
6790,0.0,0.1456
6791,0.0,0.1577
6792,0.0,0.162
6793,0.0,0.1577
6794,0.0,0.1456
6795,0.0,0.1276
6796,0.0,0.1065
6797,0.0,0.085
6798,0.0,0.0654
6799,0.1718,0.0491
6800,0.3829,0.0365
6801,0.5898,0.0276
6802,0.6615,0.0219
6803,0.7149,0.0187
6804,0.728,0.0177
6805,0.7117,0.0187
6806,0.7219,0.0219
6807,0.5472,0.0276
6808,0.4038,0.0365
6809,0.1662,0.0491
6810,0.0,0.0654
6811,0.0,0.085
6812,0.0,0.1065
6813,0.0,0.1276
6814,0.0,0.1456
6815,0.0,0.1577
6816,0.0,0.162
6817,0.0,0.1577
6818,0.0,0.1456
6819,0.0,0.1276
6820,0.0,0.1065
6821,0.0,0.085
6822,0.0,0.0654
6823,0.1635,0.0491
6824,0.3744,0.0365
6825,0.5711,0.0276
6826,0.7057,0.0219
6827,0.6677,0.0187
6828,0.7191,0.0177
6829,0.6938,0.0187
6830,0.638,0.0219
6831,0.5876,0.0276
6832,0.3838,0.0365
6833,0.1702,0.0491
6834,0.0,0.0654
6835,0.0,0.085
6836,0.0,0.1065
6837,0.0,0.1276
6838,0.0,0.1456
6839,0.0,0.1577
6840,0.0,0.162
6841,0.0,0.1577
6842,0.0,0.1456
6843,0.0,0.1276
6844,0.0,0.1065
6845,0.0,0.085
6846,0.0,0.0654
6847,0.149,0.0491
6848,0.3624,0.0365
6849,0.5581,0.0276
6850,0.7278,0.0219
6851,0.7144,0.0187
6852,0.6987,0.0177
6853,0.6725,0.0187
6854,0.662,0.0219
6855,0.5502,0.0276
6856,0.393,0.0365
6857,0.1478,0.0491
6858,0.0,0.0654
6859,0.0,0.085
6860,0.0,0.1065
6861,0.0,0.1276
6862,0.0,0.1456
6863,0.0,0.1577
6864,0.0,0.162
6865,0.0,0.1577
6866,0.0,0.1456
6867,0.0,0.1276
6868,0.0,0.1065
6869,0.0,0.085
6870,0.0,0.0654
6871,0.1664,0.0491
6872,0.3678,0.0365
6873,0.5357,0.0276
6874,0.6681,0.0219
6875,0.6712,0.0187
6876,0.6722,0.0177
6877,0.7293,0.0187
6878,0.6766,0.0219
6879,0.5722,0.0276
6880,0.3839,0.0365
6881,0.1533,0.0491
6882,0.0,0.0654
6883,0.0,0.085
6884,0.0,0.1065
6885,0.0,0.1276
6886,0.0,0.1456
6887,0.0,0.1577
6888,0.0,0.162
6889,0.0,0.1577
6890,0.0,0.1456
6891,0.0,0.1276
6892,0.0,0.1065
6893,0.0,0.085
6894,0.0,0.0654
6895,0.1547,0.0491
6896,0.3468,0.0365
6897,0.5692,0.0276
6898,0.6717,0.0219
6899,0.7098,0.0187
6900,0.6643,0.0177
6901,0.6539,0.0187
6902,0.7238,0.0219
6903,0.5432,0.0276
6904,0.3779,0.0365
6905,0.1482,0.0491
6906,0.0,0.0654
6907,0.0,0.085
6908,0.0,0.1065
6909,0.0,0.1276
6910,0.0,0.1456
6911,0.0,0.1577
6912,0.0,0.162
6913,0.0,0.1577
6914,0.0,0.1456
6915,0.0,0.1276
6916,0.0,0.1065
6917,0.0,0.085
6918,0.0,0.0654
6919,0.1585,0.0491
6920,0.3579,0.0365
6921,0.5604,0.0276
6922,0.7304,0.0219
6923,0.7079,0.0187
6924,0.6634,0.0177
6925,0.6952,0.0187
6926,0.6831,0.0219
6927,0.5853,0.0276
6928,0.3928,0.0365
6929,0.1446,0.0491
6930,0.0,0.0654
6931,0.0,0.085
6932,0.0,0.1065
6933,0.0,0.1276
6934,0.0,0.1456
6935,0.0,0.1577
6936,0.0,0.162
6937,0.0,0.1577
6938,0.0,0.1456
6939,0.0,0.1276
6940,0.0,0.1065
6941,0.0,0.085
6942,0.0,0.0654
6943,0.1612,0.0491
6944,0.3427,0.0365
6945,0.5289,0.0276
6946,0.6445,0.0219
6947,0.6615,0.0187
6948,0.6509,0.0177
6949,0.7378,0.0187
6950,0.6641,0.0219
6951,0.5203,0.0276
6952,0.3761,0.0365
6953,0.143,0.0491
6954,0.0,0.0654
6955,0.0,0.085
6956,0.0,0.1065
6957,0.0,0.1276
6958,0.0,0.1456
6959,0.0,0.1577
6960,0.0,0.162
6961,0.0,0.1577
6962,0.0,0.1456
6963,0.0,0.1276
6964,0.0,0.1065
6965,0.0,0.085
6966,0.0,0.0654
6967,0.1495,0.0491
6968,0.3367,0.0365
6969,0.504,0.0276
6970,0.6486,0.0219
6971,0.7315,0.0187
6972,0.6352,0.0177
6973,0.6942,0.0187
6974,0.6617,0.0219
6975,0.5322,0.0276
6976,0.3693,0.0365
6977,0.1595,0.0491
6978,0.0,0.0654
6979,0.0,0.085
6980,0.0,0.1065
6981,0.0,0.1276
6982,0.0,0.1456
6983,0.0,0.1577
6984,0.0,0.162
6985,0.0,0.1577
6986,0.0,0.1456
6987,0.0,0.1276
6988,0.0,0.1065
6989,0.0,0.085
6990,0.0,0.0654
6991,0.1392,0.0491
6992,0.3807,0.0365
6993,0.5267,0.0276
6994,0.7378,0.0219
6995,0.7225,0.0187
6996,0.6909,0.0177
6997,0.6418,0.0187
6998,0.6642,0.0219
6999,0.5443,0.0276
7000,0.362,0.0365
7001,0.1375,0.0491
7002,0.0,0.0654
7003,0.0,0.085
7004,0.0,0.1065
7005,0.0,0.1276
7006,0.0,0.1456
7007,0.0,0.1577
7008,0.0,0.162
7009,0.0,0.1577
7010,0.0,0.1456
7011,0.0,0.1276
7012,0.0,0.1065
7013,0.0,0.085
7014,0.0,0.0654
7015,0.1338,0.0491
7016,0.3339,0.0365
7017,0.5523,0.0276
7018,0.7454,0.0219
7019,0.7292,0.0187
7020,0.7274,0.0177
7021,0.7193,0.0187
7022,0.6829,0.0219
7023,0.5033,0.0276
7024,0.3687,0.0365
7025,0.1503,0.0491
7026,0.0,0.0654
7027,0.0,0.085
7028,0.0,0.1065
7029,0.0,0.1276
7030,0.0,0.1456
7031,0.0,0.1577
7032,0.0,0.162
7033,0.0,0.1577
7034,0.0,0.1456
7035,0.0,0.1276
7036,0.0,0.1065
7037,0.0,0.085
7038,0.0,0.0654
7039,0.1519,0.0491
7040,0.3696,0.0365
7041,0.5569,0.0276
7042,0.7114,0.0219
7043,0.7213,0.0187
7044,0.6656,0.0177
7045,0.6554,0.0187
7046,0.6937,0.0219
7047,0.5821,0.0276
7048,0.3811,0.0365
7049,0.1424,0.0491
7050,0.0,0.0654
7051,0.0,0.085
7052,0.0,0.1065
7053,0.0,0.1276
7054,0.0,0.1456
7055,0.0,0.1577
7056,0.0,0.162
7057,0.0,0.1577
7058,0.0,0.1456
7059,0.0,0.1276
7060,0.0,0.1065
7061,0.0,0.085
7062,0.0,0.0654
7063,0.1459,0.0491
7064,0.3607,0.0365
7065,0.579,0.0276
7066,0.6693,0.0219
7067,0.7443,0.0187
7068,0.6801,0.0177
7069,0.7426,0.0187
7070,0.7014,0.0219
7071,0.5768,0.0276
7072,0.3407,0.0365
7073,0.1325,0.0491
7074,0.0,0.0654
7075,0.0,0.085
7076,0.0,0.1065
7077,0.0,0.1276
7078,0.0,0.1456
7079,0.0,0.1577
7080,0.0,0.162
7081,0.0,0.1577
7082,0.0,0.1456
7083,0.0,0.1276
7084,0.0,0.1065
7085,0.0,0.085
7086,0.0,0.0654
7087,0.1453,0.0491
7088,0.3587,0.0365
7089,0.5101,0.0276
7090,0.7129,0.0219
7091,0.6517,0.0187
7092,0.6601,0.0177
7093,0.7186,0.0187
7094,0.7456,0.0219
7095,0.5795,0.0276
7096,0.3552,0.0365
7097,0.1267,0.0491
7098,0.0,0.0654
7099,0.0,0.085
7100,0.0,0.1065
7101,0.0,0.1276
7102,0.0,0.1456
7103,0.0,0.1577
7104,0.0,0.162
7105,0.0,0.1577
7106,0.0,0.1456
7107,0.0,0.1276
7108,0.0,0.1065
7109,0.0,0.085
7110,0.0,0.0654
7111,0.1409,0.0491
7112,0.3494,0.0365
7113,0.5042,0.0276
7114,0.7314,0.0219
7115,0.7074,0.0187
7116,0.6764,0.0177
7117,0.7418,0.0187
7118,0.6999,0.0219
7119,0.5087,0.0276
7120,0.3654,0.0365
7121,0.1261,0.0491
7122,0.0,0.0654
7123,0.0,0.085
7124,0.0,0.1065
7125,0.0,0.1276
7126,0.0,0.1456
7127,0.0,0.1577
7128,0.0,0.162
7129,0.0,0.1577
7130,0.0,0.1456
7131,0.0,0.1276
7132,0.0,0.1065
7133,0.0,0.085
7134,0.0,0.0654
7135,0.1288,0.0491
7136,0.3527,0.0365
7137,0.5543,0.0276
7138,0.7102,0.0219
7139,0.7338,0.0187
7140,0.6855,0.0177
7141,0.651,0.0187
7142,0.7289,0.0219
7143,0.5546,0.0276
7144,0.347,0.0365
7145,0.1412,0.0491
7146,0.0,0.0654
7147,0.0,0.085
7148,0.0,0.1065
7149,0.0,0.1276
7150,0.0,0.1456
7151,0.0,0.1577
7152,0.0,0.162
7153,0.0,0.1577
7154,0.0,0.1456
7155,0.0,0.1276
7156,0.0,0.1065
7157,0.0,0.085
7158,0.0,0.0654
7159,0.13,0.0491
7160,0.3717,0.0365
7161,0.5794,0.0276
7162,0.6729,0.0219
7163,0.6601,0.0187
7164,0.639,0.0177
7165,0.6402,0.0187
7166,0.6362,0.0219
7167,0.5069,0.0276
7168,0.3397,0.0365
7169,0.1323,0.0491
7170,0.0,0.0654
7171,0.0,0.085
7172,0.0,0.1065
7173,0.0,0.1276
7174,0.0,0.1456
7175,0.0,0.1577
7176,0.0,0.162
7177,0.0,0.1577
7178,0.0,0.1456
7179,0.0,0.1276
7180,0.0,0.1065
7181,0.0,0.085
7182,0.0,0.0654
7183,0.1191,0.0491
7184,0.3439,0.0365
7185,0.5757,0.0276
7186,0.7242,0.0219
7187,0.6693,0.0187
7188,0.6622,0.0177
7189,0.6756,0.0187
7190,0.7409,0.0219
7191,0.4985,0.0276
7192,0.3504,0.0365
7193,0.1338,0.0491
7194,0.0,0.0654
7195,0.0,0.085
7196,0.0,0.1065
7197,0.0,0.1276
7198,0.0,0.1456
7199,0.0,0.1577
7200,0.0,0.162
7201,0.0,0.1577
7202,0.0,0.1456
7203,0.0,0.1276
7204,0.0,0.1065
7205,0.0,0.085
7206,0.0,0.0654
7207,0.1304,0.0491
7208,0.3448,0.0365
7209,0.5042,0.0276
7210,0.6386,0.0219
7211,0.7442,0.0187
7212,0.7234,0.0177
7213,0.7232,0.0187
7214,0.7298,0.0219
7215,0.5732,0.0276
7216,0.3376,0.0365
7217,0.1311,0.0491
7218,0.0,0.0654
7219,0.0,0.085
7220,0.0,0.1065
7221,0.0,0.1276
7222,0.0,0.1456
7223,0.0,0.1577
7224,0.0,0.162
7225,0.0,0.1577
7226,0.0,0.1456
7227,0.0,0.1276
7228,0.0,0.1065
7229,0.0,0.085
7230,0.0,0.0654
7231,0.1189,0.0491
7232,0.3554,0.0365
7233,0.5198,0.0276
7234,0.6691,0.0219
7235,0.695,0.0187
7236,0.7107,0.0177
7237,0.6482,0.0187
7238,0.689,0.0219
7239,0.5671,0.0276
7240,0.37,0.0365
7241,0.1165,0.0491
7242,0.0,0.0654
7243,0.0,0.085
7244,0.0,0.1065
7245,0.0,0.1276
7246,0.0,0.1456
7247,0.0,0.1577
7248,0.0,0.162
7249,0.0,0.1577
7250,0.0,0.1456
7251,0.0,0.1276
7252,0.0,0.1065
7253,0.0,0.085
7254,0.0,0.0654
7255,0.1205,0.0491
7256,0.3332,0.0365
7257,0.5188,0.0276
7258,0.707,0.0219
7259,0.7226,0.0187
7260,0.6569,0.0177
7261,0.7225,0.0187
7262,0.7169,0.0219
7263,0.5172,0.0276
7264,0.3638,0.0365
7265,0.1256,0.0491
7266,0.0,0.0654
7267,0.0,0.085
7268,0.0,0.1065
7269,0.0,0.1276
7270,0.0,0.1456
7271,0.0,0.1577
7272,0.0,0.162
7273,0.0,0.1577
7274,0.0,0.1456
7275,0.0,0.1276
7276,0.0,0.1065
7277,0.0,0.085
7278,0.0,0.0654
7279,0.1265,0.0491
7280,0.3361,0.0365
7281,0.4922,0.0276
7282,0.7233,0.0219
7283,0.7211,0.0187
7284,0.7156,0.0177
7285,0.6838,0.0187
7286,0.6709,0.0219
7287,0.5696,0.0276
7288,0.3275,0.0365
7289,0.1185,0.0491
7290,0.0,0.0654
7291,0.0,0.085
7292,0.0,0.1065
7293,0.0,0.1276
7294,0.0,0.1456
7295,0.0,0.1577
7296,0.0,0.162
7297,0.0,0.1577
7298,0.0,0.1456
7299,0.0,0.1276
7300,0.0,0.1065
7301,0.0,0.085
7302,0.0,0.0654
7303,0.1236,0.0491
7304,0.3469,0.0365
7305,0.491,0.0276
7306,0.6736,0.0219
7307,0.7014,0.0187
7308,0.7112,0.0177
7309,0.6377,0.0187
7310,0.7159,0.0219
7311,0.5642,0.0276
7312,0.3585,0.0365
7313,0.1237,0.0491
7314,0.0,0.0654
7315,0.0,0.085
7316,0.0,0.1065
7317,0.0,0.1276
7318,0.0,0.1456
7319,0.0,0.1577
7320,0.0,0.162
7321,0.0,0.1577
7322,0.0,0.1456
7323,0.0,0.1276
7324,0.0,0.1065
7325,0.0,0.085
7326,0.0,0.0654
7327,0.1165,0.0491
7328,0.3171,0.0365
7329,0.5566,0.0276
7330,0.6644,0.0219
7331,0.7077,0.0187
7332,0.7395,0.0177
7333,0.7269,0.0187
7334,0.652,0.0219
7335,0.542,0.0276
7336,0.3264,0.0365
7337,0.1169,0.0491
7338,0.0,0.0654
7339,0.0,0.085
7340,0.0,0.1065
7341,0.0,0.1276
7342,0.0,0.1456
7343,0.0,0.1577
7344,0.0,0.162
7345,0.0,0.1577
7346,0.0,0.1456
7347,0.0,0.1276
7348,0.0,0.1065
7349,0.0,0.085
7350,0.0,0.0654
7351,0.1217,0.0491
7352,0.311,0.0365
7353,0.5391,0.0276
7354,0.7049,0.0219
7355,0.6976,0.0187
7356,0.6379,0.0177
7357,0.7214,0.0187
7358,0.7387,0.0219
7359,0.527,0.0276
7360,0.3161,0.0365
7361,0.1117,0.0491
7362,0.0,0.0654
7363,0.0,0.085
7364,0.0,0.1065
7365,0.0,0.1276
7366,0.0,0.1456
7367,0.0,0.1577
7368,0.0,0.162
7369,0.0,0.1577
7370,0.0,0.1456
7371,0.0,0.1276
7372,0.0,0.1065
7373,0.0,0.085
7374,0.0,0.0654
7375,0.1099,0.0491
7376,0.3583,0.0365
7377,0.4925,0.0276
7378,0.7372,0.0219
7379,0.722,0.0187
7380,0.691,0.0177
7381,0.7189,0.0187
7382,0.6587,0.0219
7383,0.5368,0.0276
7384,0.3605,0.0365
7385,0.1176,0.0491
7386,0.0,0.0654
7387,0.0,0.085
7388,0.0,0.1065
7389,0.0,0.1276
7390,0.0,0.1456
7391,0.0,0.1577
7392,0.0,0.162
7393,0.0,0.1577
7394,0.0,0.1456
7395,0.0,0.1276
7396,0.0,0.1065
7397,0.0,0.085
7398,0.0,0.0654
7399,0.1018,0.0491
7400,0.3265,0.0365
7401,0.5526,0.0276
7402,0.6544,0.0219
7403,0.6458,0.0187
7404,0.6883,0.0177
7405,0.6905,0.0187
7406,0.6961,0.0219
7407,0.5633,0.0276
7408,0.3258,0.0365
7409,0.1028,0.0491
7410,0.0,0.0654
7411,0.0,0.085
7412,0.0,0.1065
7413,0.0,0.1276
7414,0.0,0.1456
7415,0.0,0.1577
7416,0.0,0.162
7417,0.0,0.1577
7418,0.0,0.1456
7419,0.0,0.1276
7420,0.0,0.1065
7421,0.0,0.085
7422,0.0,0.0654
7423,0.1151,0.0491
7424,0.3347,0.0365
7425,0.5271,0.0276
7426,0.6855,0.0219
7427,0.7232,0.0187
7428,0.7343,0.0177
7429,0.6857,0.0187
7430,0.6512,0.0219
7431,0.5532,0.0276
7432,0.3437,0.0365
7433,0.1165,0.0491
7434,0.0,0.0654
7435,0.0,0.085
7436,0.0,0.1065
7437,0.0,0.1276
7438,0.0,0.1456
7439,0.0,0.1577
7440,0.0,0.162
7441,0.0,0.1577
7442,0.0,0.1456
7443,0.0,0.1276
7444,0.0,0.1065
7445,0.0,0.085
7446,0.0,0.0654
7447,0.1022,0.0491
7448,0.3124,0.0365
7449,0.498,0.0276
7450,0.7197,0.0219
7451,0.7094,0.0187
7452,0.7072,0.0177
7453,0.7064,0.0187
7454,0.6594,0.0219
7455,0.4937,0.0276
7456,0.3345,0.0365
7457,0.0978,0.0491
7458,0.0,0.0654
7459,0.0,0.085
7460,0.0,0.1065
7461,0.0,0.1276
7462,0.0,0.1456
7463,0.0,0.1577
7464,0.0,0.162
7465,0.0,0.1577
7466,0.0,0.1456
7467,0.0,0.1276
7468,0.0,0.1065
7469,0.0,0.085
7470,0.0,0.0654
7471,0.1067,0.0491
7472,0.3077,0.0365
7473,0.5178,0.0276
7474,0.6881,0.0219
7475,0.6849,0.0187
7476,0.643,0.0177
7477,0.6737,0.0187
7478,0.6961,0.0219
7479,0.5677,0.0276
7480,0.3244,0.0365
7481,0.0993,0.0491
7482,0.0,0.0654
7483,0.0,0.085
7484,0.0,0.1065
7485,0.0,0.1276
7486,0.0,0.1456
7487,0.0,0.1577
7488,0.0,0.162
7489,0.0,0.1577
7490,0.0,0.1456
7491,0.0,0.1276
7492,0.0,0.1065
7493,0.0,0.085
7494,0.0,0.0654
7495,0.1026,0.0491
7496,0.3172,0.0365
7497,0.4928,0.0276
7498,0.6725,0.0219
7499,0.6979,0.0187
7500,0.6961,0.0177
7501,0.7369,0.0187
7502,0.6527,0.0219
7503,0.4909,0.0276
7504,0.3542,0.0365
7505,0.1065,0.0491
7506,0.0,0.0654
7507,0.0,0.085
7508,0.0,0.1065
7509,0.0,0.1276
7510,0.0,0.1456
7511,0.0,0.1577
7512,0.0,0.162
7513,0.0,0.1577
7514,0.0,0.1456
7515,0.0,0.1276
7516,0.0,0.1065
7517,0.0,0.085
7518,0.0,0.0654
7519,0.0956,0.0491
7520,0.3386,0.0365
7521,0.5048,0.0276
7522,0.7011,0.0219
7523,0.6763,0.0187
7524,0.645,0.0177
7525,0.6533,0.0187
7526,0.635,0.0219
7527,0.5423,0.0276
7528,0.3532,0.0365
7529,0.1001,0.0491
7530,0.0,0.0654
7531,0.0,0.085
7532,0.0,0.1065
7533,0.0,0.1276
7534,0.0,0.1456
7535,0.0,0.1577
7536,0.0,0.162
7537,0.0,0.1577
7538,0.0,0.1456
7539,0.0,0.1276
7540,0.0,0.1065
7541,0.0,0.085
7542,0.0,0.0654
7543,0.0947,0.0491
7544,0.3515,0.0365
7545,0.4871,0.0276
7546,0.7342,0.0219
7547,0.6613,0.0187
7548,0.7045,0.0177
7549,0.7414,0.0187
7550,0.7183,0.0219
7551,0.5138,0.0276
7552,0.3367,0.0365
7553,0.1036,0.0491
7554,0.0,0.0654
7555,0.0,0.085
7556,0.0,0.1065
7557,0.0,0.1276
7558,0.0,0.1456
7559,0.0,0.1577
7560,0.0,0.162
7561,0.0,0.1577
7562,0.0,0.1456
7563,0.0,0.1276
7564,0.0,0.1065
7565,0.0,0.085
7566,0.0,0.0654
7567,0.0908,0.0491
7568,0.3227,0.0365
7569,0.5202,0.0276
7570,0.7267,0.0219
7571,0.695,0.0187
7572,0.6403,0.0177
7573,0.7397,0.0187
7574,0.6873,0.0219
7575,0.5266,0.0276
7576,0.3052,0.0365
7577,0.0966,0.0491
7578,0.0,0.0654
7579,0.0,0.085
7580,0.0,0.1065
7581,0.0,0.1276
7582,0.0,0.1456
7583,0.0,0.1577
7584,0.0,0.162
7585,0.0,0.1577
7586,0.0,0.1456
7587,0.0,0.1276
7588,0.0,0.1065
7589,0.0,0.085
7590,0.0,0.0654
7591,0.0905,0.0491
7592,0.3067,0.0365
7593,0.5492,0.0276
7594,0.6269,0.0219
7595,0.6854,0.0187
7596,0.6583,0.0177
7597,0.6544,0.0187
7598,0.6964,0.0219
7599,0.5635,0.0276
7600,0.337,0.0365
7601,0.0941,0.0491
7602,0.0,0.0654
7603,0.0,0.085
7604,0.0,0.1065
7605,0.0,0.1276
7606,0.0,0.1456
7607,0.0,0.1577
7608,0.0,0.162
7609,0.0,0.1577
7610,0.0,0.1456
7611,0.0,0.1276
7612,0.0,0.1065
7613,0.0,0.085
7614,0.0,0.0654
7615,0.0895,0.0491
7616,0.3169,0.0365
7617,0.5433,0.0276
7618,0.7352,0.0219
7619,0.6798,0.0187
7620,0.7021,0.0177
7621,0.7148,0.0187
7622,0.6654,0.0219
7623,0.5178,0.0276
7624,0.3465,0.0365
7625,0.1,0.0491
7626,0.0,0.0654
7627,0.0,0.085
7628,0.0,0.1065
7629,0.0,0.1276
7630,0.0,0.1456
7631,0.0,0.1577
7632,0.0,0.162
7633,0.0,0.1577
7634,0.0,0.1456
7635,0.0,0.1276
7636,0.0,0.1065
7637,0.0,0.085
7638,0.0,0.0654
7639,0.0852,0.0491
7640,0.3417,0.0365
7641,0.5175,0.0276
7642,0.7064,0.0219
7643,0.6613,0.0187
7644,0.6567,0.0177
7645,0.7266,0.0187
7646,0.6496,0.0219
7647,0.5622,0.0276
7648,0.3146,0.0365
7649,0.0964,0.0491
7650,0.0,0.0654
7651,0.0,0.085
7652,0.0,0.1065
7653,0.0,0.1276
7654,0.0,0.1456
7655,0.0,0.1577
7656,0.0,0.162
7657,0.0,0.1577
7658,0.0,0.1456
7659,0.0,0.1276
7660,0.0,0.1065
7661,0.0,0.085
7662,0.0,0.0654
7663,0.0893,0.0491
7664,0.3386,0.0365
7665,0.5323,0.0276
7666,0.6725,0.0219
7667,0.7279,0.0187
7668,0.6417,0.0177
7669,0.7112,0.0187
7670,0.6597,0.0219
7671,0.5429,0.0276
7672,0.3435,0.0365
7673,0.0939,0.0491
7674,0.0,0.0654
7675,0.0,0.085
7676,0.0,0.1065
7677,0.0,0.1276
7678,0.0,0.1456
7679,0.0,0.1577
7680,0.0,0.162
7681,0.0,0.1577
7682,0.0,0.1456
7683,0.0,0.1276
7684,0.0,0.1065
7685,0.0,0.085
7686,0.0,0.0654
7687,0.087,0.0491
7688,0.3041,0.0365
7689,0.4843,0.0276
7690,0.6425,0.0219
7691,0.6763,0.0187
7692,0.6464,0.0177
7693,0.7068,0.0187
7694,0.7049,0.0219
7695,0.5129,0.0276
7696,0.2926,0.0365
7697,0.0835,0.0491
7698,0.0,0.0654
7699,0.0,0.085
7700,0.0,0.1065
7701,0.0,0.1276
7702,0.0,0.1456
7703,0.0,0.1577
7704,0.0,0.162
7705,0.0,0.1577
7706,0.0,0.1456
7707,0.0,0.1276
7708,0.0,0.1065
7709,0.0,0.085
7710,0.0,0.0654
7711,0.0939,0.0491
7712,0.3049,0.0365
7713,0.5108,0.0276
7714,0.6755,0.0219
7715,0.6452,0.0187
7716,0.688,0.0177
7717,0.7241,0.0187
7718,0.6696,0.0219
7719,0.5285,0.0276
7720,0.3097,0.0365
7721,0.0904,0.0491
7722,0.0,0.0654
7723,0.0,0.085
7724,0.0,0.1065
7725,0.0,0.1276
7726,0.0,0.1456
7727,0.0,0.1577
7728,0.0,0.162
7729,0.0,0.1577
7730,0.0,0.1456
7731,0.0,0.1276
7732,0.0,0.1065
7733,0.0,0.085
7734,0.0,0.0654
7735,0.0912,0.0491
7736,0.3039,0.0365
7737,0.5524,0.0276
7738,0.6573,0.0219
7739,0.7215,0.0187
7740,0.6615,0.0177
7741,0.7454,0.0187
7742,0.6263,0.0219
7743,0.5318,0.0276
7744,0.3315,0.0365
7745,0.0789,0.0491
7746,0.0,0.0654
7747,0.0,0.085
7748,0.0,0.1065
7749,0.0,0.1276
7750,0.0,0.1456
7751,0.0,0.1577
7752,0.0,0.162
7753,0.0,0.1577
7754,0.0,0.1456
7755,0.0,0.1276
7756,0.0,0.1065
7757,0.0,0.085
7758,0.0,0.0654
7759,0.078,0.0491
7760,0.3196,0.0365
7761,0.5299,0.0276
7762,0.6712,0.0219
7763,0.6756,0.0187
7764,0.6449,0.0177
7765,0.7167,0.0187
7766,0.6587,0.0219
7767,0.4905,0.0276
7768,0.3007,0.0365
7769,0.0799,0.0491
7770,0.0,0.0654
7771,0.0,0.085
7772,0.0,0.1065
7773,0.0,0.1276
7774,0.0,0.1456
7775,0.0,0.1577
7776,0.0,0.162
7777,0.0,0.1577
7778,0.0,0.1456
7779,0.0,0.1276
7780,0.0,0.1065
7781,0.0,0.085
7782,0.0,0.0654
7783,0.0877,0.0491
7784,0.2985,0.0365
7785,0.5149,0.0276
7786,0.6367,0.0219
7787,0.6912,0.0187
7788,0.7103,0.0177
7789,0.697,0.0187
7790,0.6407,0.0219
7791,0.5564,0.0276
7792,0.3148,0.0365
7793,0.0824,0.0491
7794,0.0,0.0654
7795,0.0,0.085
7796,0.0,0.1065
7797,0.0,0.1276
7798,0.0,0.1456
7799,0.0,0.1577
7800,0.0,0.162
7801,0.0,0.1577
7802,0.0,0.1456
7803,0.0,0.1276
7804,0.0,0.1065
7805,0.0,0.085
7806,0.0,0.0654
7807,0.0822,0.0491
7808,0.304,0.0365
7809,0.5303,0.0276
7810,0.6497,0.0219
7811,0.6353,0.0187
7812,0.6904,0.0177
7813,0.676,0.0187
7814,0.6602,0.0219
7815,0.5042,0.0276
7816,0.2979,0.0365
7817,0.0816,0.0491
7818,0.0,0.0654
7819,0.0,0.085
7820,0.0,0.1065
7821,0.0,0.1276
7822,0.0,0.1456
7823,0.0,0.1577
7824,0.0,0.162
7825,0.0,0.1577
7826,0.0,0.1456
7827,0.0,0.1276
7828,0.0,0.1065
7829,0.0,0.085
7830,0.0,0.0654
7831,0.0778,0.0491
7832,0.2971,0.0365
7833,0.5351,0.0276
7834,0.6317,0.0219
7835,0.7044,0.0187
7836,0.6447,0.0177
7837,0.7399,0.0187
7838,0.6428,0.0219
7839,0.4781,0.0276
7840,0.3083,0.0365
7841,0.078,0.0491
7842,0.0,0.0654
7843,0.0,0.085
7844,0.0,0.1065
7845,0.0,0.1276
7846,0.0,0.1456
7847,0.0,0.1577
7848,0.0,0.162
7849,0.0,0.1577
7850,0.0,0.1456
7851,0.0,0.1276
7852,0.0,0.1065
7853,0.0,0.085
7854,0.0,0.0654
7855,0.0754,0.0491
7856,0.3071,0.0365
7857,0.533,0.0276
7858,0.7129,0.0219
7859,0.7151,0.0187
7860,0.6689,0.0177
7861,0.7068,0.0187
7862,0.6637,0.0219
7863,0.5238,0.0276
7864,0.3011,0.0365
7865,0.0765,0.0491
7866,0.0,0.0654
7867,0.0,0.085
7868,0.0,0.1065
7869,0.0,0.1276
7870,0.0,0.1456
7871,0.0,0.1577
7872,0.0,0.162
7873,0.0,0.1577
7874,0.0,0.1456
7875,0.0,0.1276
7876,0.0,0.1065
7877,0.0,0.085
7878,0.0,0.0654
7879,0.075,0.0491
7880,0.2962,0.0365
7881,0.5235,0.0276
7882,0.6556,0.0219
7883,0.688,0.0187
7884,0.734,0.0177
7885,0.7377,0.0187
7886,0.6641,0.0219
7887,0.5539,0.0276
7888,0.2855,0.0365
7889,0.079,0.0491
7890,0.0,0.0654
7891,0.0,0.085
7892,0.0,0.1065
7893,0.0,0.1276
7894,0.0,0.1456
7895,0.0,0.1577
7896,0.0,0.162
7897,0.0,0.1577
7898,0.0,0.1456
7899,0.0,0.1276
7900,0.0,0.1065
7901,0.0,0.085
7902,0.0,0.0654
7903,0.074,0.0491
7904,0.3248,0.0365
7905,0.5136,0.0276
7906,0.6655,0.0219
7907,0.7205,0.0187
7908,0.6363,0.0177
7909,0.6877,0.0187
7910,0.6227,0.0219
7911,0.4916,0.0276
7912,0.2916,0.0365
7913,0.0812,0.0491
7914,0.0,0.0654
7915,0.0,0.085
7916,0.0,0.1065
7917,0.0,0.1276
7918,0.0,0.1456
7919,0.0,0.1577
7920,0.0,0.162
7921,0.0,0.1577
7922,0.0,0.1456
7923,0.0,0.1276
7924,0.0,0.1065
7925,0.0,0.085
7926,0.0,0.0654
7927,0.0724,0.0491
7928,0.3231,0.0365
7929,0.5201,0.0276
7930,0.678,0.0219
7931,0.6572,0.0187
7932,0.6486,0.0177
7933,0.7055,0.0187
7934,0.6678,0.0219
7935,0.537,0.0276
7936,0.3266,0.0365
7937,0.078,0.0491
7938,0.0,0.0654
7939,0.0,0.085
7940,0.0,0.1065
7941,0.0,0.1276
7942,0.0,0.1456
7943,0.0,0.1577
7944,0.0,0.162
7945,0.0,0.1577
7946,0.0,0.1456
7947,0.0,0.1276
7948,0.0,0.1065
7949,0.0,0.085
7950,0.0,0.0654
7951,0.0693,0.0491
7952,0.3028,0.0365
7953,0.533,0.0276
7954,0.6761,0.0219
7955,0.6912,0.0187
7956,0.6762,0.0177
7957,0.673,0.0187
7958,0.7242,0.0219
7959,0.4878,0.0276
7960,0.3191,0.0365
7961,0.0754,0.0491
7962,0.0,0.0654
7963,0.0,0.085
7964,0.0,0.1065
7965,0.0,0.1276
7966,0.0,0.1456
7967,0.0,0.1577
7968,0.0,0.162
7969,0.0,0.1577
7970,0.0,0.1456
7971,0.0,0.1276
7972,0.0,0.1065
7973,0.0,0.085
7974,0.0,0.0654
7975,0.0675,0.0491
7976,0.2823,0.0365
7977,0.5292,0.0276
7978,0.6769,0.0219
7979,0.7444,0.0187
7980,0.711,0.0177
7981,0.6931,0.0187
7982,0.6984,0.0219
7983,0.4753,0.0276
7984,0.2986,0.0365
7985,0.07,0.0491
7986,0.0,0.0654
7987,0.0,0.085
7988,0.0,0.1065
7989,0.0,0.1276
7990,0.0,0.1456
7991,0.0,0.1577
7992,0.0,0.162
7993,0.0,0.1577
7994,0.0,0.1456
7995,0.0,0.1276
7996,0.0,0.1065
7997,0.0,0.085
7998,0.0,0.0654
7999,0.0736,0.0491
8000,0.2995,0.0365
8001,0.4837,0.0276
8002,0.7198,0.0219
8003,0.6446,0.0187
8004,0.6548,0.0177
8005,0.7204,0.0187
8006,0.6264,0.0219
8007,0.5148,0.0276
8008,0.2839,0.0365
8009,0.0692,0.0491
8010,0.0,0.0654
8011,0.0,0.085
8012,0.0,0.1065
8013,0.0,0.1276
8014,0.0,0.1456
8015,0.0,0.1577
8016,0.0,0.162
8017,0.0,0.1577
8018,0.0,0.1456
8019,0.0,0.1276
8020,0.0,0.1065
8021,0.0,0.085
8022,0.0,0.0654
8023,0.0734,0.0491
8024,0.2983,0.0365
8025,0.4975,0.0276
8026,0.6536,0.0219
8027,0.6839,0.0187
8028,0.6521,0.0177
8029,0.6361,0.0187
8030,0.6672,0.0219
8031,0.5141,0.0276
8032,0.308,0.0365
8033,0.0676,0.0491
8034,0.0,0.0654
8035,0.0,0.085
8036,0.0,0.1065
8037,0.0,0.1276
8038,0.0,0.1456
8039,0.0,0.1577
8040,0.0,0.162
8041,0.0,0.1577
8042,0.0,0.1456
8043,0.0,0.1276
8044,0.0,0.1065
8045,0.0,0.085
8046,0.0,0.0654
8047,0.0726,0.0491
8048,0.2913,0.0365
8049,0.4781,0.0276
8050,0.694,0.0219
8051,0.6958,0.0187
8052,0.705,0.0177
8053,0.7138,0.0187
8054,0.652,0.0219
8055,0.5077,0.0276
8056,0.298,0.0365
8057,0.0744,0.0491
8058,0.0,0.0654
8059,0.0,0.085
8060,0.0,0.1065
8061,0.0,0.1276
8062,0.0,0.1456
8063,0.0,0.1577
8064,0.0,0.162
8065,0.0,0.1577
8066,0.0,0.1456
8067,0.0,0.1276
8068,0.0,0.1065
8069,0.0,0.085
8070,0.0,0.0654
8071,0.0667,0.0491
8072,0.286,0.0365
8073,0.5069,0.0276
8074,0.6789,0.0219
8075,0.6409,0.0187
8076,0.6549,0.0177
8077,0.6885,0.0187
8078,0.6874,0.0219
8079,0.5055,0.0276
8080,0.3066,0.0365
8081,0.0733,0.0491
8082,0.0,0.0654
8083,0.0,0.085
8084,0.0,0.1065
8085,0.0,0.1276
8086,0.0,0.1456
8087,0.0,0.1577
8088,0.0,0.162
8089,0.0,0.1577
8090,0.0,0.1456
8091,0.0,0.1276
8092,0.0,0.1065
8093,0.0,0.085
8094,0.0,0.0654
8095,0.0722,0.0491
8096,0.2851,0.0365
8097,0.4706,0.0276
8098,0.6231,0.0219
8099,0.6997,0.0187
8100,0.723,0.0177
8101,0.694,0.0187
8102,0.6846,0.0219
8103,0.4927,0.0276
8104,0.2804,0.0365
8105,0.0712,0.0491
8106,0.0,0.0654
8107,0.0,0.085
8108,0.0,0.1065
8109,0.0,0.1276
8110,0.0,0.1456
8111,0.0,0.1577
8112,0.0,0.162
8113,0.0,0.1577
8114,0.0,0.1456
8115,0.0,0.1276
8116,0.0,0.1065
8117,0.0,0.085
8118,0.0,0.0654
8119,0.0637,0.0491
8120,0.3079,0.0365
8121,0.5237,0.0276
8122,0.7103,0.0219
8123,0.7392,0.0187
8124,0.6442,0.0177
8125,0.6833,0.0187
8126,0.6703,0.0219
8127,0.5082,0.0276
8128,0.2817,0.0365
8129,0.0665,0.0491
8130,0.0,0.0654
8131,0.0,0.085
8132,0.0,0.1065
8133,0.0,0.1276
8134,0.0,0.1456
8135,0.0,0.1577
8136,0.0,0.162
8137,0.0,0.1577
8138,0.0,0.1456
8139,0.0,0.1276
8140,0.0,0.1065
8141,0.0,0.085
8142,0.0,0.0654
8143,0.0653,0.0491
8144,0.2989,0.0365
8145,0.5404,0.0276
8146,0.6988,0.0219
8147,0.7452,0.0187
8148,0.6396,0.0177
8149,0.7292,0.0187
8150,0.6552,0.0219
8151,0.534,0.0276
8152,0.3082,0.0365
8153,0.0673,0.0491
8154,0.0,0.0654
8155,0.0,0.085
8156,0.0,0.1065
8157,0.0,0.1276
8158,0.0,0.1456
8159,0.0,0.1577
8160,0.0,0.162
8161,0.0,0.1577
8162,0.0,0.1456
8163,0.0,0.1276
8164,0.0,0.1065
8165,0.0,0.085
8166,0.0,0.0654
8167,0.0666,0.0491
8168,0.3002,0.0365
8169,0.4868,0.0276
8170,0.6377,0.0219
8171,0.7043,0.0187
8172,0.7238,0.0177
8173,0.6693,0.0187
8174,0.6484,0.0219
8175,0.4845,0.0276
8176,0.2958,0.0365
8177,0.0638,0.0491
8178,0.0,0.0654
8179,0.0,0.085
8180,0.0,0.1065
8181,0.0,0.1276
8182,0.0,0.1456
8183,0.0,0.1577
8184,0.0,0.162
8185,0.0,0.1577
8186,0.0,0.1456
8187,0.0,0.1276
8188,0.0,0.1065
8189,0.0,0.085
8190,0.0,0.0654
8191,0.0623,0.0491
8192,0.2868,0.0365
8193,0.5457,0.0276
8194,0.6206,0.0219
8195,0.7233,0.0187
8196,0.671,0.0177
8197,0.6952,0.0187
8198,0.6519,0.0219
8199,0.4728,0.0276
8200,0.2824,0.0365
8201,0.0643,0.0491
8202,0.0,0.0654
8203,0.0,0.085
8204,0.0,0.1065
8205,0.0,0.1276
8206,0.0,0.1456
8207,0.0,0.1577
8208,0.0,0.162
8209,0.0,0.1577
8210,0.0,0.1456
8211,0.0,0.1276
8212,0.0,0.1065
8213,0.0,0.085
8214,0.0,0.0654
8215,0.0597,0.0491
8216,0.2823,0.0365
8217,0.528,0.0276
8218,0.6208,0.0219
8219,0.6682,0.0187
8220,0.725,0.0177
8221,0.7301,0.0187
8222,0.6743,0.0219
8223,0.4689,0.0276
8224,0.3043,0.0365
8225,0.0694,0.0491
8226,0.0,0.0654
8227,0.0,0.085
8228,0.0,0.1065
8229,0.0,0.1276
8230,0.0,0.1456
8231,0.0,0.1577
8232,0.0,0.162
8233,0.0,0.1577
8234,0.0,0.1456
8235,0.0,0.1276
8236,0.0,0.1065
8237,0.0,0.085
8238,0.0,0.0654
8239,0.0598,0.0491
8240,0.3077,0.0365
8241,0.4925,0.0276
8242,0.6718,0.0219
8243,0.67,0.0187
8244,0.6865,0.0177
8245,0.6995,0.0187
8246,0.65,0.0219
8247,0.5402,0.0276
8248,0.2969,0.0365
8249,0.0599,0.0491
8250,0.0,0.0654
8251,0.0,0.085
8252,0.0,0.1065
8253,0.0,0.1276
8254,0.0,0.1456
8255,0.0,0.1577
8256,0.0,0.162
8257,0.0,0.1577
8258,0.0,0.1456
8259,0.0,0.1276
8260,0.0,0.1065
8261,0.0,0.085
8262,0.0,0.0654
8263,0.0585,0.0491
8264,0.2988,0.0365
8265,0.5085,0.0276
8266,0.6849,0.0219
8267,0.6953,0.0187
8268,0.6416,0.0177
8269,0.6899,0.0187
8270,0.6995,0.0219
8271,0.549,0.0276
8272,0.2844,0.0365
8273,0.0627,0.0491
8274,0.0,0.0654
8275,0.0,0.085
8276,0.0,0.1065
8277,0.0,0.1276
8278,0.0,0.1456
8279,0.0,0.1577
8280,0.0,0.162
8281,0.0,0.1577
8282,0.0,0.1456
8283,0.0,0.1276
8284,0.0,0.1065
8285,0.0,0.085
8286,0.0,0.0654
8287,0.0614,0.0491
8288,0.2788,0.0365
8289,0.5365,0.0276
8290,0.7263,0.0219
8291,0.731,0.0187
8292,0.7272,0.0177
8293,0.7098,0.0187
8294,0.6831,0.0219
8295,0.4869,0.0276
8296,0.2756,0.0365
8297,0.0659,0.0491
8298,0.0,0.0654
8299,0.0,0.085
8300,0.0,0.1065
8301,0.0,0.1276
8302,0.0,0.1456
8303,0.0,0.1577
8304,0.0,0.162
8305,0.0,0.1577
8306,0.0,0.1456
8307,0.0,0.1276
8308,0.0,0.1065
8309,0.0,0.085
8310,0.0,0.0654
8311,0.0637,0.0491
8312,0.2837,0.0365
8313,0.5349,0.0276
8314,0.6756,0.0219
8315,0.737,0.0187
8316,0.6384,0.0177
8317,0.7011,0.0187
8318,0.7254,0.0219
8319,0.4688,0.0276
8320,0.2897,0.0365
8321,0.0672,0.0491
8322,0.0,0.0654
8323,0.0,0.085
8324,0.0,0.1065
8325,0.0,0.1276
8326,0.0,0.1456
8327,0.0,0.1577
8328,0.0,0.162
8329,0.0,0.1577
8330,0.0,0.1456
8331,0.0,0.1276
8332,0.0,0.1065
8333,0.0,0.085
8334,0.0,0.0654
8335,0.0636,0.0491
8336,0.3029,0.0365
8337,0.5111,0.0276
8338,0.6739,0.0219
8339,0.7428,0.0187
8340,0.6413,0.0177
8341,0.6697,0.0187
8342,0.6342,0.0219
8343,0.5297,0.0276
8344,0.2792,0.0365
8345,0.0626,0.0491
8346,0.0,0.0654
8347,0.0,0.085
8348,0.0,0.1065
8349,0.0,0.1276
8350,0.0,0.1456
8351,0.0,0.1577
8352,0.0,0.162
8353,0.0,0.1577
8354,0.0,0.1456
8355,0.0,0.1276
8356,0.0,0.1065
8357,0.0,0.085
8358,0.0,0.0654
8359,0.0587,0.0491
8360,0.2921,0.0365
8361,0.5092,0.0276
8362,0.7074,0.0219
8363,0.742,0.0187
8364,0.6362,0.0177
8365,0.6534,0.0187
8366,0.727,0.0219
8367,0.548,0.0276
8368,0.2918,0.0365
8369,0.0651,0.0491
8370,0.0,0.0654
8371,0.0,0.085
8372,0.0,0.1065
8373,0.0,0.1276
8374,0.0,0.1456
8375,0.0,0.1577
8376,0.0,0.162
8377,0.0,0.1577
8378,0.0,0.1456
8379,0.0,0.1276
8380,0.0,0.1065
8381,0.0,0.085
8382,0.0,0.0654
8383,0.0632,0.0491
8384,0.3132,0.0365
8385,0.4997,0.0276
8386,0.6293,0.0219
8387,0.7409,0.0187
8388,0.6865,0.0177
8389,0.6378,0.0187
8390,0.6384,0.0219
8391,0.4962,0.0276
8392,0.3003,0.0365
8393,0.0631,0.0491
8394,0.0,0.0654
8395,0.0,0.085
8396,0.0,0.1065
8397,0.0,0.1276
8398,0.0,0.1456
8399,0.0,0.1577
8400,0.0,0.162
8401,0.0,0.1577
8402,0.0,0.1456
8403,0.0,0.1276
8404,0.0,0.1065
8405,0.0,0.085
8406,0.0,0.0654
8407,0.061,0.0491
8408,0.2935,0.0365
8409,0.5117,0.0276
8410,0.7079,0.0219
8411,0.7328,0.0187
8412,0.6388,0.0177
8413,0.7,0.0187
8414,0.7029,0.0219
8415,0.5403,0.0276
8416,0.2941,0.0365
8417,0.0587,0.0491
8418,0.0,0.0654
8419,0.0,0.085
8420,0.0,0.1065
8421,0.0,0.1276
8422,0.0,0.1456
8423,0.0,0.1577
8424,0.0,0.162
8425,0.0,0.1577
8426,0.0,0.1456
8427,0.0,0.1276
8428,0.0,0.1065
8429,0.0,0.085
8430,0.0,0.0654
8431,0.065,0.0491
8432,0.3018,0.0365
8433,0.514,0.0276
8434,0.6914,0.0219
8435,0.7151,0.0187
8436,0.7029,0.0177
8437,0.6366,0.0187
8438,0.7065,0.0219
8439,0.5296,0.0276
8440,0.2964,0.0365
8441,0.057,0.0491
8442,0.0,0.0654
8443,0.0,0.085
8444,0.0,0.1065
8445,0.0,0.1276
8446,0.0,0.1456
8447,0.0,0.1577
8448,0.0,0.162
8449,0.0,0.1577
8450,0.0,0.1456
8451,0.0,0.1276
8452,0.0,0.1065
8453,0.0,0.085
8454,0.0,0.0654
8455,0.0611,0.0491
8456,0.2999,0.0365
8457,0.4724,0.0276
8458,0.6878,0.0219
8459,0.7123,0.0187
8460,0.6989,0.0177
8461,0.6387,0.0187
8462,0.656,0.0219
8463,0.4884,0.0276
8464,0.3171,0.0365
8465,0.0642,0.0491
8466,0.0,0.0654
8467,0.0,0.085
8468,0.0,0.1065
8469,0.0,0.1276
8470,0.0,0.1456
8471,0.0,0.1577
8472,0.0,0.162
8473,0.0,0.1577
8474,0.0,0.1456
8475,0.0,0.1276
8476,0.0,0.1065
8477,0.0,0.085
8478,0.0,0.0654
8479,0.0629,0.0491
8480,0.312,0.0365
8481,0.4957,0.0276
8482,0.6451,0.0219
8483,0.6739,0.0187
8484,0.6731,0.0177
8485,0.7089,0.0187
8486,0.6842,0.0219
8487,0.5387,0.0276
8488,0.309,0.0365
8489,0.0648,0.0491
8490,0.0,0.0654
8491,0.0,0.085
8492,0.0,0.1065
8493,0.0,0.1276
8494,0.0,0.1456
8495,0.0,0.1577
8496,0.0,0.162
8497,0.0,0.1577
8498,0.0,0.1456
8499,0.0,0.1276
8500,0.0,0.1065
8501,0.0,0.085
8502,0.0,0.0654
8503,0.0568,0.0491
8504,0.3001,0.0365
8505,0.4874,0.0276
8506,0.6797,0.0219
8507,0.6387,0.0187
8508,0.641,0.0177
8509,0.7291,0.0187
8510,0.6969,0.0219
8511,0.5193,0.0276
8512,0.3121,0.0365
8513,0.0616,0.0491
8514,0.0,0.0654
8515,0.0,0.085
8516,0.0,0.1065
8517,0.0,0.1276
8518,0.0,0.1456
8519,0.0,0.1577
8520,0.0,0.162
8521,0.0,0.1577
8522,0.0,0.1456
8523,0.0,0.1276
8524,0.0,0.1065
8525,0.0,0.085
8526,0.0,0.0654
8527,0.0655,0.0491
8528,0.3211,0.0365
8529,0.4986,0.0276
8530,0.6351,0.0219
8531,0.6678,0.0187
8532,0.7137,0.0177
8533,0.6858,0.0187
8534,0.6874,0.0219
8535,0.5127,0.0276
8536,0.2983,0.0365
8537,0.0654,0.0491
8538,0.0,0.0654
8539,0.0,0.085
8540,0.0,0.1065
8541,0.0,0.1276
8542,0.0,0.1456
8543,0.0,0.1577
8544,0.0,0.162
8545,0.0,0.1577
8546,0.0,0.1456
8547,0.0,0.1276
8548,0.0,0.1065
8549,0.0,0.085
8550,0.0,0.0654
8551,0.0587,0.0491
8552,0.3129,0.0365
8553,0.4978,0.0276
8554,0.7274,0.0219
8555,0.6925,0.0187
8556,0.7411,0.0177
8557,0.6553,0.0187
8558,0.7035,0.0219
8559,0.5283,0.0276
8560,0.282,0.0365
8561,0.0603,0.0491
8562,0.0,0.0654
8563,0.0,0.085
8564,0.0,0.1065
8565,0.0,0.1276
8566,0.0,0.1456
8567,0.0,0.1577
8568,0.0,0.162
8569,0.0,0.1577
8570,0.0,0.1456
8571,0.0,0.1276
8572,0.0,0.1065
8573,0.0,0.085
8574,0.0,0.0654
8575,0.06,0.0491
8576,0.3177,0.0365
8577,0.5045,0.0276
8578,0.6665,0.0219
8579,0.7093,0.0187
8580,0.7208,0.0177
8581,0.6639,0.0187
8582,0.6776,0.0219
8583,0.4798,0.0276
8584,0.2781,0.0365
8585,0.0583,0.0491
8586,0.0,0.0654
8587,0.0,0.085
8588,0.0,0.1065
8589,0.0,0.1276
8590,0.0,0.1456
8591,0.0,0.1577
8592,0.0,0.162
8593,0.0,0.1577
8594,0.0,0.1456
8595,0.0,0.1276
8596,0.0,0.1065
8597,0.0,0.085
8598,0.0,0.0654
8599,0.0656,0.0491
8600,0.3044,0.0365
8601,0.5241,0.0276
8602,0.7274,0.0219
8603,0.7387,0.0187
8604,0.7138,0.0177
8605,0.6522,0.0187
8606,0.6447,0.0219
8607,0.5256,0.0276
8608,0.278,0.0365
8609,0.0589,0.0491
8610,0.0,0.0654
8611,0.0,0.085
8612,0.0,0.1065
8613,0.0,0.1276
8614,0.0,0.1456
8615,0.0,0.1577
8616,0.0,0.162
8617,0.0,0.1577
8618,0.0,0.1456
8619,0.0,0.1276
8620,0.0,0.1065
8621,0.0,0.085
8622,0.0,0.0654
8623,0.0601,0.0491
8624,0.3147,0.0365
8625,0.4834,0.0276
8626,0.7267,0.0219
8627,0.6359,0.0187
8628,0.7147,0.0177
8629,0.7397,0.0187
8630,0.7122,0.0219
8631,0.4973,0.0276
8632,0.3168,0.0365
8633,0.0584,0.0491
8634,0.0,0.0654
8635,0.0,0.085
8636,0.0,0.1065
8637,0.0,0.1276
8638,0.0,0.1456
8639,0.0,0.1577
8640,0.0,0.162
8641,0.0,0.1577
8642,0.0,0.1456
8643,0.0,0.1276
8644,0.0,0.1065
8645,0.0,0.085
8646,0.0,0.0654
8647,0.0651,0.0491
8648,0.2911,0.0365
8649,0.482,0.0276
8650,0.6792,0.0219
8651,0.6681,0.0187
8652,0.6482,0.0177
8653,0.6823,0.0187
8654,0.7124,0.0219
8655,0.4757,0.0276
8656,0.3188,0.0365
8657,0.0612,0.0491
8658,0.0,0.0654
8659,0.0,0.085
8660,0.0,0.1065
8661,0.0,0.1276
8662,0.0,0.1456
8663,0.0,0.1577
8664,0.0,0.162
8665,0.0,0.1577
8666,0.0,0.1456
8667,0.0,0.1276
8668,0.0,0.1065
8669,0.0,0.085
8670,0.0,0.0654
8671,0.0603,0.0491
8672,0.2869,0.0365
8673,0.5002,0.0276
8674,0.7041,0.0219
8675,0.6914,0.0187
8676,0.6881,0.0177
8677,0.6818,0.0187
8678,0.6568,0.0219
8679,0.4949,0.0276
8680,0.3212,0.0365
8681,0.0574,0.0491
8682,0.0,0.0654
8683,0.0,0.085
8684,0.0,0.1065
8685,0.0,0.1276
8686,0.0,0.1456
8687,0.0,0.1577
8688,0.0,0.162
8689,0.0,0.1577
8690,0.0,0.1456
8691,0.0,0.1276
8692,0.0,0.1065
8693,0.0,0.085
8694,0.0,0.0654
8695,0.0592,0.0491
8696,0.3089,0.0365
8697,0.5424,0.0276
8698,0.6377,0.0219
8699,0.6973,0.0187
8700,0.659,0.0177
8701,0.7453,0.0187
8702,0.6597,0.0219
8703,0.4962,0.0276
8704,0.3168,0.0365
8705,0.063,0.0491
8706,0.0,0.0654
8707,0.0,0.085
8708,0.0,0.1065
8709,0.0,0.1276
8710,0.0,0.1456
8711,0.0,0.1577
8712,0.0,0.162
8713,0.0,0.1577
8714,0.0,0.1456
8715,0.0,0.1276
8716,0.0,0.1065
8717,0.0,0.085
8718,0.0,0.0654
8719,0.0675,0.0491
8720,0.3128,0.0365
8721,0.4832,0.0276
8722,0.6254,0.0219
8723,0.6537,0.0187
8724,0.7291,0.0177
8725,0.7337,0.0187
8726,0.7143,0.0219
8727,0.4922,0.0276
8728,0.3221,0.0365
8729,0.0593,0.0491
8730,0.0,0.0654
8731,0.0,0.085
8732,0.0,0.1065
8733,0.0,0.1276
8734,0.0,0.1456
8735,0.0,0.1577
8736,0.0,0.162
8737,0.0,0.1577
8738,0.0,0.1456
8739,0.0,0.1276
8740,0.0,0.1065
8741,0.0,0.085
8742,0.0,0.0654
8743,0.0684,0.0491
8744,0.3214,0.0365
8745,0.4788,0.0276
8746,0.6637,0.0219
8747,0.7396,0.0187
8748,0.7106,0.0177
8749,0.7006,0.0187
8750,0.6812,0.0219
8751,0.4696,0.0276
8752,0.3217,0.0365
8753,0.0638,0.0491
8754,0.0,0.0654
8755,0.0,0.085
8756,0.0,0.1065
8757,0.0,0.1276
8758,0.0,0.1456
8759,0.0,0.1577
